t,cuvslam_x,cuvslam_y,cuvslam_th_deg,cuvslam_straight,cuvslam_path,cuvslam_hz,wheels_x,wheels_y,wheels_th_deg,wheels_straight,wheels_path,wheels_hz,gyro_x,gyro_y,gyro_th_deg,gyro_straight,gyro_path,gyro_hz,FUSED_x,FUSED_y,FUSED_th_deg,FUSED_straight,FUSED_path,FUSED_hz,roll_deg,pitch_deg,landmarks,accel_x,accel_y,accel_z,gyro_x,gyro_y,gyro_z,velL,velR,tick_LF,tick_LR,tick_RF,tick_RR
0.271,0.0,0.0,0.0,0.0,0.0,0.0,0.0,0.0,0.0,0.0,0.0,0.0,0.0,0.0,0.0,0.0,0.0,0.0,0.0,0.0,0.0,0.0,0.0,0.0,,,187,0.2676,0.0287,9.7414,-0.00273,-0.00047,-0.00226,0.0,0.0,0,0,0,0
0.52,0.0,0.0,0.0,0.0,0.0,0.0,0.0,0.0,0.0,0.0,0.0,0.0,0.0,0.0,0.0,0.0,0.0,0.0,0.0,0.0,0.0,0.0,0.0,0.0,,,187,0.2137,0.0009,9.7755,-0.00073,-0.00273,-0.00113,0.0,0.0,6330,9316,4999,8064
0.77,0.0,0.0,0.0,0.0,0.0,0.0,0.0,0.0,0.0,0.0,0.0,0.0,0.0,0.0,0.0,0.0,0.0,0.0,0.0,0.0,0.0,0.0,0.0,0.0,,,187,0.2505,0.0314,9.78,-0.00386,-0.00193,0.00107,0.0,0.0,6330,9316,4999,8064
1.02,0.0,0.0,0.0,0.0,0.0,0.0,0.0,0.0,0.0,0.0,0.0,0.0,0.0,0.0,0.0,0.0,0.0,0.0,0.0,0.0,0.0,0.0,0.0,0.0,,,187,0.2783,0.0808,9.7854,-0.00479,0.00166,-0.0028,0.0,0.0,6330,9316,4999,8064
1.271,0.0,0.0,0.0,0.0,0.0,29.99,0.0,0.0,0.0,0.0,0.0,22.0,0.0,0.0,0.0,0.0,0.0,199.96,0.0,0.0,0.0,0.0,0.0,0.0,,,186,0.3232,0.0054,9.7288,-0.00313,0.00027,0.00173,0.0,0.0,6330,9316,4999,8064
1.52,0.0,0.0,0.0,0.0,0.0,29.99,0.0,0.0,0.0,0.0,0.0,22.0,0.0,0.0,0.0,0.0,0.0,199.96,0.0,0.0,0.0,0.0,0.0,0.0,,,186,0.2559,-0.0081,9.7064,-0.00699,0.00013,0.00419,0.0,0.0,6330,9316,4999,8064
1.77,0.0,0.0,0.0,0.0,0.0,29.99,0.0,0.0,0.0,0.0,0.0,22.0,0.0,0.0,0.0,0.0,0.0,199.96,0.0,0.0,0.0,0.0,0.0,0.0,,,186,0.2451,0.0278,9.7315,-0.0036,0.00067,-0.0014,0.0,0.0,6330,9316,4999,8064
2.02,0.0,0.0,0.0,0.0,0.0,29.99,0.0,0.0,0.0,0.0,0.0,22.0,0.0,0.0,0.0,0.0,0.0,199.96,0.0,0.0,0.0,0.0,0.0,0.0,,,186,0.2155,-0.0332,9.7863,-0.00166,0.00253,-0.003,0.0,0.0,6330,9316,4999,8064
2.27,0.0,0.0,0.0,0.0,0.0,29.99,0.0,0.0,0.0,0.0,0.0,22.0,0.0,0.0,0.0,0.0,0.0,199.96,0.0,0.0,0.0,0.0,0.0,0.0,,,186,0.2523,0.0045,9.6804,-0.00206,-0.0002,-0.00573,0.0,0.0,6330,9316,4999,8064
2.52,0.0,0.0,0.0,0.0,0.0,29.63,0.0,0.0,0.0,0.0,0.0,20.02,0.0,0.0,0.0,0.0,0.0,200.99,0.0,0.0,0.0,0.0,0.0,0.0,,,186,0.2684,0.0198,9.7926,-0.00506,-0.00133,0.00519,0.0,0.0,6330,9316,4999,8064
2.771,0.0,0.0,0.0,0.0,0.0,29.63,0.0,0.0,0.0,0.0,0.0,20.02,0.0,0.0,0.0,0.0,0.0,200.99,0.0,0.0,0.0,0.0,0.0,0.0,,,186,0.2523,0.0467,9.7701,-0.00419,0.00027,-0.0018,0.0,0.0,6330,9316,4999,8064
3.021,0.0,0.0,0.0,0.0,0.0,29.63,0.0,0.0,0.0,0.0,0.0,20.02,0.0,0.0,0.0,0.0,0.0,200.99,0.0,0.0,0.0,0.0,0.0,0.0,,,186,0.3717,-0.018,9.7594,-0.00433,-0.00133,0.00333,0.0,0.0,6330,9316,4999,8064
3.27,0.0,0.0,0.0,0.0,0.0,29.63,0.0,0.0,0.0,0.0,0.0,20.02,0.0,0.0,0.0,0.0,0.0,200.99,0.0,0.0,0.0,0.0,0.0,0.0,,,184,0.2343,-0.0135,9.7342,-0.00326,0.00073,0.00266,0.0,0.0,6330,9316,4999,8064
3.52,0.0,0.0,0.0,0.0,0.0,28.99,0.0,0.0,0.0,0.0,0.0,19.99,0.0,0.0,0.0,0.0,0.0,200.92,0.0,0.0,0.0,0.0,0.0,0.0,,,184,0.2442,0.0368,9.78,-0.00013,-0.00166,0.00027,0.0,0.0,6330,9316,4999,8064
3.771,0.0,0.0,0.0,0.0,0.0,28.99,0.0,0.0,0.0,0.0,0.0,19.99,0.0,0.0,0.0,0.0,0.0,200.92,0.0,0.0,0.0,0.0,0.0,0.0,,,184,0.2263,0.0386,9.7639,-0.00659,-0.0014,0.00033,0.0,0.0,6330,9316,4999,8064
4.02,0.0,0.0,0.0,0.0,0.0,28.99,0.0,0.0,0.0,0.0,0.0,19.99,0.0,0.0,0.0,0.0,0.0,200.92,0.0,0.0,0.0,0.0,0.0,0.0,,,184,0.2882,-0.0314,9.7513,-0.00679,0.0,-0.00399,0.0,0.0,6330,9316,4999,8064
4.27,0.0,0.0,0.0,0.0,0.0,28.99,0.0,0.0,0.0,0.0,0.0,19.99,0.0,0.0,0.0,0.0,0.0,200.92,0.0,0.0,0.0,0.0,0.0,0.0,,,184,0.3214,0.0727,9.7064,-0.00646,-7e-05,0.00413,0.0,0.0,6330,9316,4999,8064
4.52,0.0,0.0,0.0,0.0,0.0,28.99,0.0,0.0,0.0,0.0,0.0,19.99,0.0,0.0,0.0,0.0,0.0,200.92,0.0,0.0,0.0,0.0,0.0,0.0,,,184,0.2658,0.0251,9.7827,-0.00333,0.00127,-0.00373,0.0,0.0,6330,9316,4999,8064
4.77,0.0,0.0,0.0,0.0,0.0,29.61,0.0,0.0,0.0,0.0,0.0,20.01,0.0,0.0,0.0,0.0,0.0,199.27,0.0,0.0,0.0,0.0,0.0,0.0,,,184,0.2873,0.0162,9.7261,-0.00619,0.0012,-0.00206,0.0,0.0,6330,9316,4999,8064
5.02,0.0,0.0,0.0,0.0,0.0,29.61,0.0,0.0,0.0,0.0,0.0,20.01,0.0,0.0,0.0,0.0,0.0,199.27,0.0,0.0,0.0,0.0,0.0,0.0,-0.12,-1.208,184,0.3187,0.0144,9.763,-0.00373,-0.00047,-0.00233,0.0,0.0,6330,9316,4999,8064
5.27,0.0,0.0,0.0,0.0,0.0,29.61,0.0,0.0,0.0,0.0,0.0,20.01,0.0,0.0,-0.002,0.0,0.0,199.27,0.0,0.0,-0.004,0.0,0.0,0.0,-0.059,-1.47,184,0.2783,0.0215,9.7459,-0.0026,0.00067,0.00266,0.0,0.0,6330,9316,4999,8064
5.521,0.0,0.0,0.0,0.0,0.0,29.61,0.0,0.0,0.0,0.0,0.0,20.01,0.0,0.0,-0.017,0.0,0.0,199.27,0.0,0.0,-0.012,0.0,0.0,0.0,-0.034,-1.505,184,0.2586,0.0269,9.7683,-0.00193,0.00266,-0.00186,0.0,0.0,6330,9316,4999,8064
5.77,0.0,0.0,0.0,0.0,0.0,29.61,0.0,0.0,0.0,0.0,0.0,20.01,0.0,0.0,-0.014,0.0,0.0,199.27,0.0,0.0,-0.018,0.0,0.0,0.0,-0.033,-1.579,184,0.2496,0.0736,9.763,-0.00872,-0.0016,0.00866,0.0,0.0,6330,9316,4999,8064
6.02,0.0,0.0,0.0,0.0,0.0,29.6,0.0,0.0,0.0,0.0,0.0,20.0,0.0,0.0,-0.003,0.0,0.0,201.59,0.0,0.0,-0.004,0.0,0.0,24.0,0.015,-1.6,184,0.2604,-0.0233,9.7297,-0.00486,-0.002,0.0,0.0,0.0,6330,9316,4999,8064
6.27,0.0,0.0,0.0,0.0,0.0,29.6,0.0,0.0,0.0,0.0,0.0,20.0,0.0,0.0,-0.003,0.0,0.0,201.59,0.0,0.0,-0.001,0.0,0.0,24.0,-0.038,-1.632,183,0.2819,-0.0206,9.7881,-0.0028,-0.00313,-0.00286,0.0,0.0,6330,9316,4999,8064
6.52,0.0,0.0,0.0,0.0,0.0,29.6,0.0,0.0,0.0,0.0,0.0,20.0,0.0,0.0,-0.021,0.0,0.0,201.59,0.0,0.0,-0.02,0.0,0.0,24.0,0.013,-1.595,183,0.2774,0.0135,9.7387,-0.00313,-0.00306,0.0008,0.0,0.0,6330,9316,4999,8064
6.77,0.0,0.0,0.0,0.0,0.0,29.6,0.0,0.0,0.0,0.0,0.0,20.0,0.0,0.0,-0.025,0.0,0.0,201.59,0.0,0.0,-0.025,0.0,0.0,24.0,0.039,-1.604,183,0.3071,0.0341,9.7019,-0.00393,-0.00127,0.00133,0.0,0.0,6330,9316,4999,8064
7.02,0.0,0.0,0.0,0.0,0.0,29.6,0.0,0.0,0.0,0.0,0.0,20.0,0.0,0.0,-0.032,0.0,0.0,201.59,0.0,0.0,-0.027,0.0,0.0,24.0,0.014,-1.605,183,0.3151,-0.07,9.7432,-0.00433,7e-05,-0.00127,0.0,0.0,6330,9316,4999,8064
7.27,0.0,0.0,0.0,0.0,0.0,30.4,0.0,0.0,0.0,0.0,0.0,20.0,0.0,0.0,-0.037,0.0,0.0,199.17,0.0,0.0,-0.04,0.0,0.0,30.4,0.018,-1.533,181,0.211,0.0377,9.7261,-0.00719,-0.0014,0.00593,0.0,0.0,6330,9316,4999,8064
7.52,0.0,0.0,0.0,0.0,0.0,30.4,0.0,0.0,0.0,0.0,0.0,20.0,0.0,0.0,-0.038,0.0,0.0,199.17,0.0,0.0,-0.041,0.0,0.0,30.4,0.025,-1.495,181,0.2433,-0.0251,9.7558,-0.00546,-0.00093,0.00166,0.0,0.0,6330,9316,4999,8064
7.77,0.0,0.0,0.0,0.0,0.0,30.4,0.0,0.0,0.0,0.0,0.0,20.0,0.0,0.0,-0.043,0.0,0.0,199.17,0.0,0.0,-0.043,0.0,0.0,30.4,-0.034,-1.529,181,0.3035,-0.0045,9.7235,-0.00206,-0.00286,0.0026,0.0,0.0,6330,9316,4999,8064
8.02,0.0,0.0,0.0,0.0,0.0,30.4,0.0,0.0,0.0,0.0,0.0,20.0,0.0,0.0,-0.033,0.0,0.0,199.17,0.0,0.0,-0.032,0.0,0.0,30.4,-0.003,-1.596,181,0.2702,0.0054,9.7692,-0.00399,-0.0008,0.00146,0.0,0.0,6330,9316,4999,8064
8.27,0.0,0.0,0.0,0.0,0.0,30.4,0.0,0.0,0.0,0.0,0.0,20.0,0.0,0.0,-0.05,0.0,0.0,199.17,0.0,0.0,-0.05,0.0,0.0,30.4,0.03,-1.552,181,0.2325,0.0224,9.7665,-0.00346,0.00153,0.00493,0.0,0.0,6330,9316,4999,8064
8.521,0.0,0.0,0.0,0.0,0.0,29.59,0.0,0.0,0.0,0.0,0.0,19.99,0.0,0.0,-0.061,0.0,0.0,201.52,0.0,0.0,-0.063,0.0,0.0,29.59,0.049,-1.565,181,0.3089,0.0637,9.7648,-0.00306,-0.00226,-0.00226,0.0,0.0,6330,9316,4999,8064
8.77,0.0,0.0,0.0,0.0,0.0,29.59,0.0,0.0,0.0,0.0,0.0,19.99,0.0,0.0,-0.071,0.0,0.0,201.52,0.0,0.0,-0.069,0.0,0.0,29.59,0.071,-1.599,181,0.2595,0.044,9.7306,-0.00459,0.0012,-0.00053,0.0,0.0,6330,9316,4999,8064
9.02,0.0,0.0,0.0,0.0,0.0,29.59,0.0,0.0,0.0,0.0,0.0,19.99,0.0,0.0,-0.079,0.0,0.0,201.52,0.0,0.0,-0.08,0.0,0.0,29.59,0.039,-1.589,181,0.2137,-0.0233,9.7055,-0.00253,-0.002,0.0012,0.0,0.0,6330,9316,4999,8064
9.27,0.0,0.0,0.0,0.0,0.0,29.59,0.0,0.0,0.0,0.0,0.0,19.99,0.0,0.0,-0.076,0.0,0.0,201.52,0.0,0.0,-0.074,0.0,0.0,29.59,0.008,-1.631,173,0.3106,-0.0063,9.7576,-0.003,0.0006,-0.00486,0.0,0.0,6330,9316,4999,8064
9.52,0.0,0.0,0.0,0.0,0.0,29.59,0.0,0.0,0.0,0.0,0.0,19.99,0.0,0.0,-0.074,0.0,0.0,201.52,0.0,0.0,-0.075,0.0,0.0,29.59,0.015,-1.586,173,0.2819,0.0009,9.7001,-0.00513,-0.00127,0.00779,0.0,0.0,6330,9316,4999,8064
9.77,0.0,0.0,0.0,0.0,0.0,29.62,0.0,0.0,0.0,0.0,0.0,20.01,0.0,0.0,-0.079,0.0,0.0,199.33,0.0,0.0,-0.079,0.0,0.0,29.62,-0.019,-1.572,173,0.264,0.044,9.754,-0.00386,-0.0014,0.00226,0.0,0.0,6330,9316,4999,8064
10.02,0.0,0.0,0.0,0.0,0.0,29.62,0.0,0.0,0.0,0.0,0.0,20.01,0.0,0.0,-0.074,0.0,0.0,199.33,0.0,0.0,-0.071,0.0,0.0,29.62,0.0,-1.598,173,0.3133,0.0153,9.745,-0.00513,0.0012,-0.00226,0.0,0.0,6330,9316,4999,8064
10.27,0.0,0.0,0.0,0.0,0.0,29.62,0.0,0.0,0.0,0.0,0.0,20.01,0.0,0.0,-0.082,0.0,0.0,199.33,0.0,0.0,-0.083,0.0,0.0,29.62,0.058,-1.61,173,0.2622,0.044,9.7737,-0.00206,-0.00153,-0.00193,0.0,0.0,6330,9316,4999,8064
10.52,0.0,0.0,0.0,0.0,0.0,29.62,0.0,0.0,0.0,0.0,0.0,20.01,0.0,0.0,-0.07,0.0,0.0,199.33,0.0,0.0,-0.068,0.0,0.0,29.62,-0.011,-1.614,173,0.2729,0.0539,9.7396,-0.00499,-0.0022,0.00433,0.0,0.0,6330,9316,4999,8064
10.77,0.0,0.0,0.0,0.0,0.0,29.99,0.0,0.0,0.0,0.0,0.0,19.99,0.0,0.0,-0.082,0.0,0.0,199.93,0.0,0.0,-0.082,0.0,0.0,29.99,0.052,-1.589,173,0.3053,0.0817,9.7145,-0.0022,0.00053,0.00067,0.0,0.0,6330,9316,4999,8064
11.02,0.0,0.0,0.0,0.0,0.0,29.99,0.0,0.0,0.0,0.0,0.0,19.99,0.0,0.0,-0.072,0.0,0.0,199.93,0.0,0.0,-0.076,0.0,0.0,29.99,0.035,-1.609,173,0.2828,-0.0036,9.7567,-0.00499,0.0014,0.00772,0.0,0.0,6330,9316,4999,8064
11.27,0.0,0.0,0.0,0.0,0.0,29.99,0.0,0.0,0.0,0.0,0.0,19.99,0.0,0.0,-0.07,0.0,0.0,199.93,0.0,0.0,-0.072,0.0,0.0,29.99,0.033,-1.649,169,0.3008,-0.0251,9.7558,-0.00313,0.00073,0.00406,0.0,0.0,6330,9316,4999,8064
11.52,0.0,0.0,0.0,0.0,0.0,29.99,0.0,0.0,0.0,0.0,0.0,19.99,0.0,0.0,-0.08,0.0,0.0,199.93,0.0,0.0,-0.076,0.0,0.0,29.99,0.066,-1.59,169,0.2388,-0.0135,9.7324,-0.00619,-0.00153,-0.00053,0.0,0.0,6330,9316,4999,8064
11.77,0.0,0.0,0.0,0.0,0.0,29.99,0.0,0.0,0.0,0.0,0.0,19.99,0.0,0.0,-0.078,0.0,0.0,199.93,0.0,0.0,-0.079,0.0,0.0,29.99,-0.01,-1.592,169,0.2577,-0.0584,9.7351,-0.0028,-0.00073,0.00493,0.0,0.0,6330,9316,4999,8064
12.02,0.0,0.0,0.0,0.0,0.0,29.61,0.0,0.0,0.0,0.0,0.0,20.01,0.0,0.0,-0.084,0.0,0.0,201.66,0.0,0.0,-0.085,0.0,0.0,29.61,0.008,-1.654,169,0.2343,0.0952,9.7764,-0.00399,0.0002,0.0016,0.0,0.0,6330,9316,4999,8064
12.27,0.0,0.0,0.0,0.0,0.0,29.61,0.0,0.0,0.0,0.0,0.0,20.01,0.0,0.0,-0.075,0.0,0.0,201.66,0.0,0.0,-0.074,0.0,0.0,29.61,-0.02,-1.614,168,0.3115,0.0296,9.7585,-0.00646,0.00153,0.00093,0.0,0.0,6330,9316,4999,8064
12.52,0.0,0.0,0.0,0.0,0.0,29.61,0.0,0.0,0.0,0.0,0.0,20.01,0.0,0.0,-0.093,0.0,0.0,201.66,0.0,0.0,-0.093,0.0,0.0,29.61,-0.023,-1.659,168,0.3645,-0.0287,9.7567,-0.0032,-0.001,-0.00087,0.0,0.0,6330,9316,4999,8064
12.77,6e-05,0.00017,-0.009,0.00018,0.0,29.61,0.0,0.0,0.0,0.0,0.0,20.01,0.0,0.0,-0.091,0.0,0.0,201.66,6e-05,0.00017,-0.09,0.00018,0.0,29.61,-0.051,-1.613,168,0.2738,-0.0108,9.7791,-0.00273,-0.00107,-0.00466,0.0,0.0,6330,9316,4999,8064
13.02,6e-05,0.00017,-0.009,0.00018,0.0,30.0,0.0,0.0,0.0,0.0,0.0,20.0,0.0,0.0,-0.084,0.0,0.0,199.99,6e-05,0.00017,-0.084,0.00018,0.0,30.0,-0.045,-1.641,168,0.2855,0.0745,9.7522,-0.00639,0.00127,0.0038,0.0,0.0,6330,9316,4999,8064
13.27,6e-05,0.00017,-0.009,0.00018,0.0,30.0,0.0,0.0,0.0,0.0,0.0,20.0,0.0,0.0,-0.086,0.0,0.0,199.99,6e-05,0.00017,-0.087,0.00018,0.0,30.0,-0.054,-1.592,167,0.29,0.0171,9.7226,-0.00346,0.0008,0.00559,0.0,0.0,6330,9316,4999,8064
13.521,6e-05,0.00017,-0.009,0.00018,0.0,30.0,0.0,0.0,0.0,0.0,0.0,20.0,0.0,0.0,-0.076,0.0,0.0,199.99,6e-05,0.00017,-0.079,0.00018,0.0,30.0,-0.059,-1.611,167,0.2119,0.0251,9.7522,0.00033,-0.00073,-0.0004,0.0,0.0,6330,9316,4999,8064
13.77,6e-05,0.00017,-0.009,0.00018,0.0,30.0,0.0,0.0,0.0,0.0,0.0,20.0,0.0,0.0,-0.082,0.0,0.0,199.99,6e-05,0.00017,-0.08,0.00018,0.0,30.0,-0.036,-1.547,167,0.2065,-0.0278,9.7782,-0.00393,0.00087,-0.00133,0.0,0.0,6330,9316,4999,8064
14.02,6e-05,0.00017,-0.009,0.00018,0.0,29.99,0.0,0.0,0.0,0.0,0.0,20.0,0.0,0.0,-0.072,0.0,0.0,200.96,6e-05,0.00017,-0.075,0.00018,0.0,29.99,-0.054,-1.563,167,0.343,0.0449,9.7288,-0.00346,-0.00393,0.0034,0.0,0.0,6330,9316,4999,8064
14.27,6e-05,0.00017,-0.009,0.00018,0.0,29.99,0.0,0.0,0.0,0.0,0.0,20.0,0.0,0.0,-0.1,0.0,0.0,200.96,6e-05,0.00017,-0.099,0.00018,0.0,29.99,-0.018,-1.603,166,0.2765,0.009,9.8043,-0.00326,0.0002,0.00073,0.0,0.0,6330,9316,4999,8064
14.52,6e-05,0.00017,-0.009,0.00018,0.0,29.99,0.0,0.0,0.0,0.0,0.0,20.0,0.0,0.0,-0.109,0.0,0.0,200.96,6e-05,0.00017,-0.108,0.00018,0.0,29.99,-0.012,-1.555,166,0.2388,0.0449,9.7845,-0.00573,-0.0004,-0.00546,0.0,0.0,6330,9316,4999,8064
14.77,6e-05,0.00017,-0.009,0.00018,0.0,29.99,0.0,0.0,0.0,0.0,0.0,20.0,0.0,0.0,-0.123,0.0,0.0,200.96,6e-05,0.00017,-0.122,0.00018,0.0,29.99,0.03,-1.601,166,0.2559,-0.0287,9.6696,-0.00033,-0.0022,-0.00393,0.0,0.0,6330,9316,4999,8064
15.02,6e-05,0.00017,-0.009,0.00018,0.0,29.99,0.0,0.0,0.0,0.0,0.0,20.0,0.0,0.0,-0.13,0.0,0.0,200.96,6e-05,0.00017,-0.129,0.00018,0.0,29.99,0.097,-1.582,166,0.3133,-0.0458,9.7172,-0.00672,0.0016,0.00266,0.0,0.0,6330,9316,4999,8064
15.27,6e-05,0.00017,-0.009,0.00018,0.0,30.4,0.0,0.0,0.0,0.0,0.0,20.0,0.0,0.0,-0.115,0.0,0.0,199.22,6e-05,0.00017,-0.117,0.00018,0.0,30.4,0.053,-1.592,162,0.2729,0.0108,9.7737,-0.00473,-0.00193,0.00892,0.0,0.0,6330,9316,4999,8064
15.52,6e-05,0.00017,-0.009,0.00018,0.0,30.4,0.0,0.0,0.0,0.0,0.0,20.0,0.0,0.0,-0.121,0.0,0.0,199.22,6e-05,0.00017,-0.125,0.00018,0.0,30.4,-0.01,-1.579,162,0.2873,-0.026,9.7567,-0.00659,-0.003,0.00486,0.0,0.0,6330,9316,4999,8064
15.77,6e-05,0.00017,-0.008,0.00018,0.0,30.4,0.0,0.0,0.0,0.0,0.0,20.0,0.0,0.0,-0.132,0.0,0.0,199.22,6e-05,0.00017,-0.133,0.00018,0.0,30.4,-0.016,-1.526,162,0.2343,0.0054,9.7109,-0.00386,0.0004,0.00506,0.0,0.0,6330,9316,4999,8064
16.02,6e-05,0.00017,-0.008,0.00018,0.0,30.4,0.0,0.0,0.0,0.0,0.0,20.0,0.0,0.0,-0.126,0.0,0.0,199.22,6e-05,0.00017,-0.127,0.00018,0.0,30.4,-0.012,-1.567,162,0.2325,0.0153,9.7899,-0.00253,-0.00133,0.00153,0.0,0.0,6330,9316,4999,8064
16.27,6e-05,0.00017,-0.008,0.00018,0.0,29.99,0.0,0.0,0.0,0.0,0.0,19.99,0.0,0.0,-0.124,0.0,0.0,200.91,6e-05,0.00017,-0.124,0.00018,0.0,29.99,-0.059,-1.531,162,0.2209,0.0323,9.763,-0.0022,0.00113,-0.00146,0.0,0.0,6330,9316,4999,8064
16.521,6e-05,0.00017,-0.008,0.00018,0.0,29.99,0.0,0.0,0.0,0.0,0.0,19.99,0.0,0.0,-0.138,0.0,0.0,200.91,6e-05,0.00017,-0.135,0.00018,0.0,29.99,0.006,-1.542,162,0.3062,0.0215,9.7208,-0.0016,0.0,-0.00093,0.0,0.0,6330,9316,4999,8064
16.771,6e-05,0.00017,-0.008,0.00018,0.0,29.99,0.0,0.0,0.0,0.0,0.0,19.99,0.0,0.0,-0.142,0.0,0.0,200.91,6e-05,0.00017,-0.143,0.00018,0.0,29.99,0.028,-1.562,162,0.3394,0.0072,9.7486,-0.00226,0.001,0.0028,0.0,0.0,6330,9316,4999,8064
17.02,6e-05,0.00017,-0.008,0.00018,0.0,29.99,0.0,0.0,0.0,0.0,0.0,19.99,0.0,0.0,-0.137,0.0,0.0,200.91,6e-05,0.00017,-0.141,0.00018,0.0,29.99,0.045,-1.591,162,0.2334,0.0682,9.7791,-0.00952,-0.0032,0.00566,0.0,0.0,6330,9316,4999,8064
17.27,6e-05,0.00017,-0.008,0.00018,0.0,29.99,0.0,0.0,0.0,0.0,0.0,19.99,0.0,0.0,-0.147,0.0,0.0,200.91,6e-05,0.00017,-0.144,0.00018,0.0,29.99,0.078,-1.598,160,0.3367,0.0,9.736,-0.00313,-0.0026,-0.00067,0.0,0.0,6330,9316,4999,8064
17.521,6e-05,0.00017,-0.008,0.00018,0.0,26.4,0.0,0.0,0.0,0.0,0.0,20.0,0.0,0.0,-0.147,0.0,0.0,200.78,6e-05,0.00017,-0.145,0.00018,0.0,26.4,0.065,-1.55,160,0.3726,0.0108,9.7396,-0.0022,-0.0012,-0.0002,0.0,0.0,6330,9316,4999,8064
17.77,6e-05,0.00017,-0.008,0.00018,0.0,26.4,0.0,0.0,0.0,0.0,0.0,20.0,0.0,0.0,-0.135,0.0,0.0,200.78,6e-05,0.00017,-0.135,0.00018,0.0,26.4,0.015,-1.549,160,0.2433,0.0323,9.7576,-0.0002,0.00266,-0.00186,0.0,0.0,6330,9316,4999,8064
18.02,6e-05,0.00017,-0.008,0.00018,0.0,26.4,0.0,0.0,0.0,0.0,0.0,20.0,0.0,0.0,-0.135,0.0,0.0,200.78,6e-05,0.00017,-0.14,0.00018,0.0,26.4,0.029,-1.585,160,0.2487,-0.0072,9.7405,-0.00586,0.0008,-0.00166,0.0,0.0,6330,9316,4999,8064
18.27,6e-05,0.00017,-0.008,0.00018,0.0,26.4,0.0,0.0,0.0,0.0,0.0,20.0,0.0,0.0,-0.127,0.0,0.0,200.78,6e-05,0.00017,-0.127,0.00018,0.0,26.4,0.02,-1.583,157,0.2532,0.0422,9.7665,0.00213,-0.00353,-0.00133,0.0,0.0,6330,9316,4999,8064
18.52,6e-05,0.00017,-0.008,0.00018,0.0,26.4,0.0,0.0,0.0,0.0,0.0,20.0,0.0,0.0,-0.125,0.0,0.0,200.78,6e-05,0.00017,-0.123,0.00018,0.0,26.4,0.009,-1.538,157,0.3223,0.0395,9.7504,-0.00573,-0.0022,0.00399,0.0,0.0,6330,9316,4999,8064
18.77,6e-05,0.00017,-0.008,0.00018,0.0,30.42,0.0,0.0,0.0,0.0,0.0,20.01,0.0,0.0,-0.14,0.0,0.0,200.14,6e-05,0.00017,-0.141,0.00018,0.0,30.42,-0.013,-1.572,157,0.2801,0.0045,9.7378,-0.00459,0.00027,0.00399,0.0,0.0,6330,9316,4999,8064
19.021,6e-05,0.00017,-0.008,0.00018,0.0,30.42,0.0,0.0,0.0,0.0,0.0,20.01,0.0,0.0,-0.137,0.0,0.0,200.14,6e-05,0.00017,-0.136,0.00018,0.0,30.42,0.014,-1.591,157,0.255,-0.0081,9.7522,-0.00306,0.00027,0.00173,0.0,0.0,6330,9316,4999,8064
19.27,6e-05,0.00017,-0.008,0.00018,0.0,30.42,0.0,0.0,0.0,0.0,0.0,20.01,0.0,0.0,-0.136,0.0,0.0,200.14,6e-05,0.00017,-0.136,0.00018,0.0,30.42,-0.027,-1.555,156,0.2325,0.0835,9.736,-0.00013,-0.0018,0.00067,0.0,0.0,6330,9316,4999,8064
19.52,6e-05,0.00017,-0.008,0.00018,0.0,30.42,0.0,0.0,0.0,0.0,0.0,20.01,0.0,0.0,-0.141,0.0,0.0,200.14,6e-05,0.00017,-0.141,0.00018,0.0,30.42,0.044,-1.553,156,0.22,0.0233,9.7154,-0.00266,-0.0038,-0.0018,0.0,0.0,6330,9316,4999,8064
19.77,6e-05,0.00017,-0.008,0.00018,0.0,29.99,0.0,0.0,0.0,0.0,0.0,20.0,0.0,0.0,-0.148,0.0,0.0,199.96,6e-05,0.00017,-0.146,0.00018,0.0,29.99,0.076,-1.567,156,0.2684,0.0063,9.7576,0.0004,-0.00087,-0.00226,0.0,0.0,6330,9316,4999,8064
20.02,6e-05,0.00017,-0.008,0.00018,0.0,29.99,0.0,0.0,0.0,0.0,0.0,20.0,0.0,0.0,-0.147,0.0,0.0,199.96,6e-05,0.00017,-0.143,0.00018,0.0,29.99,0.076,-1.579,156,0.3223,-0.0395,9.7656,-0.0018,-0.00153,0.00952,0.0,0.0,6330,9316,4999,8064
20.27,6e-05,0.00017,-0.008,0.00018,0.0,29.99,0.0,0.0,0.0,0.0,0.0,20.0,0.0,0.0,-0.148,0.0,0.0,199.96,6e-05,0.00017,-0.149,0.00018,0.0,29.99,0.073,-1.57,155,0.2649,0.0251,9.7279,-0.00499,-0.00013,0.00819,0.0,0.0,6330,9316,4999,8064
20.52,6e-05,0.00017,-0.008,0.00018,0.0,29.99,0.0,0.0,0.0,0.0,0.0,20.0,0.0,0.0,-0.145,0.0,0.0,199.96,6e-05,0.00017,-0.148,0.00018,0.0,29.99,0.011,-1.596,155,0.2595,0.0844,9.7405,-0.00293,0.00087,0.00226,0.0,0.0,6330,9316,4999,8064
20.77,6e-05,0.00017,-0.008,0.00018,0.0,29.99,0.0,0.0,0.0,0.0,0.0,20.0,0.0,0.0,-0.147,0.0,0.0,199.96,6e-05,0.00017,-0.149,0.00018,0.0,29.99,0.042,-1.561,155,0.2702,0.0341,9.771,-0.0016,0.00093,0.00599,0.0,0.0,6330,9316,4999,8064
21.02,6e-05,0.00017,-0.008,0.00018,0.0,29.6,0.0,0.0,0.0,0.0,0.0,20.0,0.0,0.0,-0.163,0.0,0.0,200.8,6e-05,0.00017,-0.159,0.00018,0.0,29.6,0.028,-1.568,155,0.246,-0.0099,9.7764,-0.00373,-0.00093,-0.0018,0.0,0.0,6330,9316,4999,8064
21.271,6e-05,0.00017,-0.008,0.00018,0.0,29.6,0.0,0.0,0.0,0.0,0.0,20.0,0.0,0.0,-0.174,0.0,0.0,200.8,6e-05,0.00017,-0.172,0.00018,0.0,29.6,-0.015,-1.591,155,0.2613,0.0063,9.7423,-0.00246,-0.0014,-0.00393,0.0,0.0,6330,9316,4999,8064
21.521,6e-05,0.00017,-0.008,0.00018,0.0,29.6,0.0,0.0,0.0,0.0,0.0,20.0,0.0,0.0,-0.168,0.0,0.0,200.8,6e-05,0.00017,-0.167,0.00018,0.0,29.6,-0.018,-1.525,155,0.2972,-0.0144,9.7531,-0.00399,-0.00313,-0.00346,0.0,0.0,6330,9316,4999,8064
21.77,6e-05,0.00017,-0.008,0.00018,0.0,29.6,0.0,0.0,0.0,0.0,0.0,20.0,0.0,0.0,-0.179,0.0,0.0,200.8,6e-05,0.00017,-0.18,0.00018,0.0,29.6,-0.023,-1.593,155,0.2972,-0.009,9.6777,-0.00193,0.00273,0.00206,0.0,0.0,6330,9316,4999,8064
22.02,6e-05,0.00017,-0.008,0.00018,0.0,29.0,0.0,0.0,0.0,0.0,0.0,20.0,0.0,0.0,-0.191,0.0,0.0,200.99,6e-05,0.00017,-0.19,0.00018,0.0,29.0,-0.022,-1.649,155,0.2909,-0.044,9.7118,-0.002,-0.00333,0.0024,0.0,0.0,6330,9316,4999,8064
22.27,6e-05,0.00017,-0.008,0.00018,0.0,29.0,0.0,0.0,0.0,0.0,0.0,20.0,0.0,0.0,-0.181,0.0,0.0,200.99,6e-05,0.00017,-0.181,0.00018,0.0,29.0,-0.008,-1.609,153,0.2451,0.0278,9.7639,-0.00406,0.00027,0.00306,0.0,0.0,6330,9316,4999,8064
22.52,6e-05,0.00017,-0.008,0.00018,0.0,29.0,0.0,0.0,0.0,0.0,0.0,20.0,0.0,0.0,-0.173,0.0,0.0,200.99,6e-05,0.00017,-0.168,0.00018,0.0,29.0,0.011,-1.572,153,0.2541,-0.0153,9.7504,-0.00246,0.00153,0.0006,0.0,0.0,6330,9316,4999,8064
22.77,6e-05,0.0001,-0.007,0.00011,0.0,29.0,0.0,0.0,0.0,0.0,0.0,20.0,0.0,0.0,-0.192,0.0,0.0,200.99,6e-05,0.0001,-0.194,0.00011,0.0,29.0,0.017,-1.564,153,0.2559,-0.0422,9.7486,-0.00579,0.00446,0.00606,0.0,0.0,6330,9316,4999,8064
23.02,6e-05,0.0001,-0.007,0.00011,0.0,29.0,0.0,0.0,0.0,0.0,0.0,20.0,0.0,0.0,-0.199,0.0,0.0,200.99,6e-05,0.0001,-0.201,0.00011,0.0,29.0,-0.007,-1.559,153,0.1948,0.0467,9.7127,-0.00313,-0.00652,0.00879,0.0,0.0,6330,9316,4999,8064
23.27,6e-05,0.0001,-0.007,0.00011,0.0,30.4,0.0,0.0,0.0,0.0,0.0,20.0,0.0,0.0,-0.194,0.0,0.0,199.19,6e-05,0.0001,-0.196,0.00011,0.0,30.4,-0.024,-1.633,160,0.378,0.0611,9.7594,0.0,-0.00473,0.00466,0.0,0.0,6330,9316,4999,8064
23.52,-7e-05,4e-05,0.005,8e-05,0.0,30.4,0.00038,0.0,0.054,0.00038,0.0,20.0,0.0,0.0,-0.133,0.0,0.0,199.19,-7e-05,4e-05,-0.142,8e-05,0.0,30.4,-0.034,-1.552,160,0.2379,-0.0126,9.7495,-0.00406,0.00646,0.00666,0.0021,0.0126,6330,9318,5003,8068
23.77,0.00079,0.00045,-0.009,0.00091,0.0,30.4,0.00156,0.0,-0.051,0.00156,0.0,20.0,0.0,0.0,-0.086,0.0,0.0,199.19,0.00079,0.00045,-0.094,0.00091,0.0,30.4,-0.069,-1.501,160,0.3115,0.0422,9.7495,-0.00253,-0.0028,0.01937,0.0107,0.0126,6338,9325,5011,8076
24.02,0.00357,0.00047,0.054,0.0036,0.0,30.4,0.00436,0.0,0.041,0.00436,0.0,20.0,0.0,0.0,-0.088,0.0,0.0,199.19,0.00357,0.00046,-0.095,0.0036,0.0,30.4,-0.055,-1.619,160,0.255,-0.202,9.8518,-0.00093,0.00306,0.02024,0.0107,-0.0126,6354,9342,5028,8092
24.27,0.00698,-0.00018,0.084,0.00698,0.00567,30.4,0.00837,-0.0,-0.062,0.00837,0.00558,20.0,0.0,0.0,-0.023,0.0,0.0,199.19,0.00698,-0.00019,-0.03,0.00698,0.00566,30.4,0.025,-1.628,151,0.2693,-0.1015,9.7288,-0.00459,-0.0006,0.00939,0.0214,0.0252,6379,9367,5057,8120
24.52,0.01154,-0.00129,0.202,0.01162,0.011,29.6,0.01107,-0.0,0.033,0.01107,0.01107,18.4,0.0,0.0,0.064,0.0,0.0,201.62,0.01154,-0.00131,0.055,0.01161,0.011,29.6,0.062,-1.668,151,0.431,0.0108,9.8366,-0.00233,-0.00393,-0.00053,0.0193,0.0126,6397,9386,5077,8140
24.77,0.01799,-0.00059,0.281,0.018,0.01643,29.6,0.01936,2e-05,0.22,0.01936,0.01667,18.4,0.0,0.0,0.21,0.0,0.0,201.62,0.01798,-0.00062,0.203,0.018,0.01642,29.6,0.021,-1.626,151,0.3214,-0.0251,9.9003,-0.00087,0.00027,0.00999,0.03,0.0,6443,9434,5130,8193
25.02,0.02444,-0.00096,0.411,0.02446,0.02225,29.6,0.02648,6e-05,0.331,0.02648,0.02246,18.4,0.0,0.0,0.322,0.0,0.0,201.62,0.02442,-0.001,0.316,0.02444,0.02224,29.6,-0.054,-1.787,151,0.237,0.0332,9.5978,-0.00513,0.00573,0.01312,0.0214,0.0,6474,9465,5165,8228
25.27,0.02964,-0.00106,0.535,0.02966,0.02755,29.6,0.03162,8e-05,0.207,0.03162,0.02851,18.4,0.0,0.0,0.426,0.0,0.0,201.62,0.02962,-0.00112,0.416,0.02965,0.02754,29.6,0.018,-1.783,142,0.4911,-0.1203,9.8402,-0.00519,0.01085,0.01917,0.0193,0.0126,6507,9500,5205,8266
25.52,0.03473,-0.00121,0.67,0.03476,0.0329,29.0,0.03721,0.00011,0.313,0.03721,0.03427,22.0,0.0,0.0,0.546,0.0,0.0,199.99,0.03472,-0.00127,0.529,0.03474,0.03289,29.0,0.069,-1.593,142,0.1544,0.1086,9.7962,-0.00559,0.00546,0.0008,0.0235,0.0126,6538,9533,5239,8302
25.77,0.04025,-0.00135,0.832,0.04027,0.03828,29.0,0.04326,0.00014,0.422,0.04326,0.04021,22.0,0.0,0.0,0.688,0.0,0.0,199.99,0.04023,-0.00143,0.68,0.04025,0.03826,29.0,0.027,-1.525,142,0.1769,-0.0144,9.7908,-0.0012,0.00559,0.01678,0.0235,0.0126,6567,9565,5276,8339
26.02,0.04588,-0.00139,0.963,0.0459,0.04366,29.0,0.04997,0.00021,0.663,0.04997,0.04589,22.0,0.0,0.0,0.829,0.0,0.0,199.99,0.04586,-0.00147,0.821,0.04588,0.04365,29.0,0.015,-1.458,142,0.1248,-0.0628,9.6606,-0.0024,0.00692,0.00613,0.0257,0.0,6593,9594,5310,8372
26.27,0.05364,-0.00168,1.119,0.05366,0.04902,29.0,0.05625,0.00029,0.715,0.05625,0.05131,22.0,0.0,0.0,0.839,0.0,0.0,199.99,0.05361,-0.00178,0.845,0.05364,0.049,29.0,0.021,-2.202,135,0.6186,-0.3169,9.8034,0.00466,0.0277,-0.00499,0.0021,-0.0126,6634,9638,5354,8416
26.52,0.05341,-0.00124,1.046,0.05343,0.05412,29.0,0.05631,0.00029,0.697,0.05631,0.05131,22.0,0.0,0.0,0.797,0.0,0.0,199.99,0.05339,-0.00135,0.801,0.0534,0.0541,29.0,-0.009,-1.603,135,0.2702,0.0126,9.7369,-0.00373,0.00127,-0.00047,0.0,0.0,6634,9638,5354,8416
26.77,0.05307,-0.00189,1.067,0.0531,0.05412,30.4,0.05631,0.00029,0.697,0.05631,0.05131,19.2,0.0,0.0,0.798,0.0,0.0,199.21,0.05304,-0.00199,0.799,0.05308,0.0541,30.4,0.009,-1.545,135,0.2828,-0.0215,9.7396,-0.00293,-7e-05,0.00406,0.0,0.0,6634,9638,5354,8416
27.02,0.05303,-0.00201,1.071,0.05307,0.05412,30.4,0.05631,0.00029,0.697,0.05631,0.05131,19.2,0.0,0.0,0.8,0.0,0.0,199.21,0.053,-0.00211,0.797,0.05305,0.0541,30.4,0.022,-1.467,135,0.2397,0.044,9.7692,-0.00439,-0.0018,0.00053,0.0,0.0,6634,9638,5354,8416
27.271,0.05294,-0.00245,1.078,0.053,0.05412,30.4,0.05631,0.00029,0.697,0.05631,0.05131,19.2,0.0,0.0,0.792,0.0,0.0,199.21,0.05291,-0.00255,0.793,0.05297,0.0541,30.4,0.015,-1.459,132,0.2774,0.0808,9.7728,-0.0032,-0.01099,0.0002,0.0,0.0,6634,9638,5354,8416
27.52,0.05417,-0.00185,0.991,0.0542,0.05412,30.4,0.05766,0.00031,0.686,0.05766,0.05636,19.2,0.0,0.0,0.76,0.0,0.0,199.21,0.05414,-0.00195,0.767,0.05417,0.0541,30.4,0.004,-1.304,132,0.2128,0.1266,9.7306,-0.00246,-0.00193,-0.01092,0.0171,0.0,6642,9648,5362,8424
27.77,0.05905,-0.00133,0.911,0.05906,0.05929,29.98,0.06458,0.00038,0.596,0.06458,0.06275,20.99,0.0,0.0,0.735,0.0,0.0,200.88,0.05902,-0.00145,0.743,0.05904,0.05927,29.98,-0.011,-1.373,132,0.185,0.0081,9.7244,-0.00739,-7e-05,-0.01478,0.0321,0.0126,6672,9681,5395,8456
28.02,0.06692,-0.00222,0.874,0.06696,0.06455,29.98,0.07473,0.00048,0.561,0.07473,0.07473,20.99,0.0,0.0,0.647,0.0,0.0,200.88,0.06689,-0.00238,0.642,0.06693,0.06452,29.98,-0.114,-1.427,132,0.2146,0.0153,9.798,-0.00413,0.00459,0.00153,0.0492,0.0126,6722,9737,5448,8509
28.27,0.07986,-0.00226,0.854,0.07989,0.07682,29.98,0.08714,0.00061,0.579,0.08714,0.08714,20.99,0.0,0.0,0.619,0.0,0.0,200.88,0.07982,-0.00246,0.623,0.07986,0.07679,29.98,-0.113,-1.553,125,0.3475,-0.0736,9.6256,0.00293,0.00313,-0.0032,0.0556,0.0,6786,9808,5519,8580
28.52,0.09263,-0.00208,0.784,0.09265,0.09304,29.98,0.10054,0.00072,0.452,0.10054,0.09786,20.99,0.0,0.0,0.607,0.0,0.0,200.88,0.09259,-0.00233,0.609,0.09262,0.09301,29.98,-0.124,-1.637,125,0.097,0.0009,9.6373,0.0012,0.00286,0.00127,0.0556,-0.0252,6877,9908,5615,8678
28.77,0.10669,-0.00338,0.844,0.10674,0.10368,29.98,0.11478,0.00081,0.366,0.11478,0.11478,20.99,0.0,0.0,0.642,0.0,0.0,200.88,0.10664,-0.00367,0.633,0.1067,0.10364,29.98,-0.136,-1.667,125,0.1769,-0.0566,9.8366,-0.00107,-0.0022,0.01957,0.0599,0.0252,6957,9997,5704,8768
29.02,0.12312,-0.00104,0.869,0.12312,0.12376,28.81,0.13072,0.00096,0.598,0.13072,0.12722,20.01,0.0,0.0,0.744,0.0,0.0,200.89,0.12306,-0.00137,0.74,0.12307,0.12371,28.81,-0.101,-1.49,125,0.5728,0.0422,9.7226,-0.01079,0.0026,0.00326,0.0706,0.0126,7036,10090,5798,8863
29.27,0.14539,0.00061,0.907,0.1454,0.1461,28.81,0.14956,0.00123,0.976,0.14957,0.14957,20.01,0.0,0.0,0.876,0.0,0.0,200.89,0.14534,0.00025,0.872,0.14534,0.14604,28.81,-0.087,-1.578,105,0.1616,0.1185,9.8518,0.00759,-0.02344,0.00499,0.077,0.0252,7132,10207,5917,8983
29.521,0.16235,-0.00067,1.048,0.16235,0.15864,28.81,0.16828,0.00158,1.092,0.16828,0.16452,20.01,0.0,0.0,0.811,0.0,0.0,200.89,0.16228,-0.00107,0.817,0.16229,0.15858,28.81,0.001,-1.696,105,0.3313,0.1041,9.7567,-0.00213,0.01265,0.003,0.0728,0.0,7213,10298,6005,9072
29.77,0.18324,0.00186,0.955,0.18325,0.18199,28.81,0.18272,0.0019,1.338,0.18273,0.17882,20.01,0.0,0.0,0.868,0.0,0.0,200.89,0.18317,0.00142,0.875,0.18317,0.18192,28.81,-0.085,-1.683,105,0.1508,-0.0287,9.7217,-0.01052,0.00779,-0.00646,0.0706,0.0126,7315,10410,6113,9182
30.02,0.19993,0.00146,0.959,0.19994,0.20108,29.99,0.20098,0.00234,1.358,0.201,0.19695,18.99,0.0,0.0,0.847,0.0,0.0,200.91,0.19985,0.00098,0.849,0.19986,0.201,29.99,-0.08,-1.602,105,0.3663,0.0009,9.5897,-0.00326,0.0032,-0.00146,0.0749,0.0126,7412,10516,6216,9288
30.27,0.22018,0.00205,0.92,0.22019,0.21897,29.99,0.22306,0.00291,1.559,0.22308,0.21852,18.99,0.0,0.0,0.843,0.0,0.0,200.91,0.22009,0.00153,0.843,0.2201,0.21889,29.99,-0.075,-1.654,86,0.4363,-0.0826,9.886,-0.00766,0.01312,-0.0008,0.0749,0.0126,7536,10651,6348,9423
30.52,0.23857,0.00226,0.941,0.23858,0.23978,29.99,0.24246,0.00345,1.596,0.24249,0.2424,18.99,0.0,0.0,0.877,0.0,0.0,200.91,0.23848,0.00173,0.88,0.23848,0.23968,29.99,-0.147,-1.524,86,0.2101,-0.0548,9.7396,-0.00905,0.01198,-0.00033,0.0877,0.0126,7636,10765,6461,9537
30.77,0.26225,0.00262,0.87,0.26227,0.26348,29.99,0.26421,0.00407,1.632,0.26424,0.26017,18.99,0.0,0.0,0.855,0.0,0.0,200.91,0.26215,0.00206,0.851,0.26216,0.26338,29.99,-0.13,-1.951,86,0.3888,0.1194,9.7908,-0.0018,0.0004,0.00726,0.0792,-0.0126,7761,10905,6592,9673
31.02,0.2802,0.00354,0.778,0.28023,0.27654,29.99,0.28251,0.0046,1.631,0.28255,0.28256,18.99,0.0,0.0,0.701,0.0,0.0,200.91,0.28009,0.00296,0.721,0.28011,0.27643,29.99,0.006,-1.893,86,0.2649,0.0269,9.7423,-0.00047,-0.01158,-0.00826,0.0706,-0.0126,7871,11021,6699,9784
31.27,0.29904,0.00371,0.755,0.29906,0.29603,30.41,0.29971,0.00511,1.831,0.29976,0.29666,20.81,0.0,0.0,0.709,0.0,0.0,199.26,0.29891,0.00311,0.705,0.29893,0.2959,30.41,-0.025,-2.028,130,0.3573,-0.1086,9.7199,-0.01032,0.01012,0.00666,0.0599,0.0252,7963,11118,6795,9882
31.52,0.31213,0.00358,0.85,0.31215,0.31342,30.41,0.31344,0.00558,1.998,0.31349,0.311,20.81,0.0,0.0,0.773,0.0,0.0,199.26,0.31199,0.00297,0.76,0.31201,0.31329,30.41,-0.081,-2.252,130,0.5279,0.0925,9.877,-0.00613,0.02417,-0.0008,0.0407,0.0126,8025,11184,6862,9948
31.77,0.31704,0.00428,0.901,0.31706,0.31864,30.41,0.31669,0.00569,1.783,0.31674,0.31675,20.81,0.0,0.0,0.757,0.0,0.0,199.26,0.3169,0.00367,0.759,0.31692,0.3185,30.41,-0.136,-2.125,130,0.2972,-0.0233,9.7719,-0.00553,0.00133,-0.0012,0.0,0.0,8050,11210,6887,9974
32.02,0.31675,0.00488,0.874,0.31679,0.31864,30.41,0.31669,0.00569,1.783,0.31674,0.31675,20.81,0.0,0.0,0.746,0.0,0.0,199.26,0.31662,0.00426,0.75,0.31665,0.3185,30.41,-0.103,-1.695,130,0.2684,0.0117,9.7333,-0.00466,0.0028,0.00812,0.0,0.0,8050,11210,6887,9974
32.27,0.31647,0.00506,0.86,0.31652,0.31864,30.0,0.31669,0.00569,1.783,0.31674,0.31675,20.0,0.0,0.0,0.731,0.0,0.0,200.99,0.31634,0.00444,0.734,0.31637,0.3185,30.0,-0.057,-1.545,121,0.2658,0.0503,9.7764,-0.00053,-0.00107,-0.00406,0.0,0.0,8050,11210,6887,9974
32.52,0.31635,0.00502,0.863,0.31639,0.31864,30.0,0.31669,0.00569,1.783,0.31674,0.31675,20.0,0.0,0.0,0.727,0.0,0.0,200.99,0.31622,0.0044,0.73,0.31625,0.3185,30.0,-0.034,-1.517,121,0.2218,-0.0593,9.7109,-0.00313,0.0018,-0.0016,0.0,0.0,8050,11210,6887,9974
32.77,0.31598,0.00509,0.866,0.31603,0.31864,30.0,0.31669,0.00569,1.783,0.31674,0.31675,20.0,0.0,0.0,0.731,0.0,0.0,200.99,0.31585,0.00447,0.732,0.31588,0.3185,30.0,-0.063,-1.47,121,0.2379,-0.0072,9.7127,-0.00346,-0.00253,-0.0012,0.0,0.0,8050,11210,6887,9974
33.02,0.31589,0.00507,0.868,0.31593,0.31864,30.0,0.31669,0.00569,1.783,0.31674,0.31675,20.0,0.0,0.0,0.731,0.0,0.0,200.99,0.31576,0.00446,0.731,0.31579,0.3185,30.0,-0.068,-1.483,121,0.2541,-0.0404,9.6839,-0.00459,-7e-05,0.00233,0.0,0.0,8050,11210,6887,9974
33.27,0.31594,0.00519,0.872,0.31598,0.31864,30.0,0.31669,0.00569,1.783,0.31674,0.31675,20.0,0.0,0.0,0.72,0.0,0.0,200.99,0.3158,0.00457,0.721,0.31584,0.3185,30.0,-0.07,-1.451,113,0.2577,0.018,9.7683,-0.00153,-0.003,0.0022,0.0,0.0,8050,11210,6887,9974
33.52,0.31568,0.00563,0.861,0.31573,0.31864,29.6,0.31669,0.00569,1.783,0.31674,0.31675,20.0,0.0,0.0,0.71,0.0,0.0,200.79,0.31555,0.00502,0.708,0.31559,0.3185,29.6,-0.091,-1.491,113,0.2227,-0.0422,9.7549,-0.0038,-0.001,0.00613,0.0,0.0,8050,11210,6887,9974
33.77,0.31566,0.00585,0.858,0.31572,0.31864,29.6,0.31669,0.00569,1.783,0.31674,0.31675,20.0,0.0,0.0,0.713,0.0,0.0,200.79,0.31553,0.00524,0.714,0.31558,0.3185,29.6,-0.049,-1.506,113,0.272,-0.0045,9.7064,-0.00666,-0.00333,0.00166,0.0,0.0,8050,11210,6887,9974
34.02,0.31587,0.00614,0.858,0.31593,0.31864,29.6,0.31669,0.00569,1.783,0.31674,0.31675,20.0,0.0,0.0,0.713,0.0,0.0,200.79,0.31574,0.00553,0.71,0.31579,0.3185,29.6,-0.051,-1.453,113,0.2487,-0.0135,9.7199,-0.00473,0.00293,0.0006,0.0,0.0,8050,11210,6887,9974
34.27,0.31616,0.00698,0.833,0.31623,0.31864,29.6,0.31669,0.00569,1.783,0.31674,0.31675,20.0,0.0,0.0,0.723,0.0,0.0,200.79,0.31603,0.00636,0.724,0.31609,0.3185,29.6,-0.112,-1.462,109,0.255,-0.0467,9.7674,-0.00153,0.0026,-0.003,0.0,0.0,8050,11210,6887,9974
34.52,0.3162,0.0071,0.831,0.31628,0.31864,29.6,0.31669,0.00569,1.783,0.31674,0.31675,20.0,0.0,0.0,0.724,0.0,0.0,200.79,0.31607,0.00648,0.724,0.31613,0.3185,29.6,-0.065,-1.476,109,0.3214,-0.0251,9.7576,-0.00493,-0.00306,0.00273,0.0,0.0,8050,11210,6887,9974
34.77,0.31679,0.00768,0.82,0.31688,0.31864,30.4,0.31669,0.00569,1.783,0.31674,0.31675,19.2,0.0,0.0,0.723,0.0,0.0,200.01,0.31666,0.00706,0.725,0.31674,0.3185,30.4,-0.072,-1.491,109,0.2532,-0.0539,9.7055,-0.00419,0.00153,0.00186,0.0,0.0,8050,11210,6887,9974
35.02,0.31712,0.00767,0.825,0.31722,0.31864,30.4,0.31669,0.00569,1.783,0.31674,0.31675,19.2,0.0,0.0,0.73,0.0,0.0,200.01,0.317,0.00706,0.731,0.31707,0.3185,30.4,-0.093,-1.451,109,0.2999,0.0512,9.7145,-0.00153,-0.00393,-0.0022,0.0,0.0,8050,11210,6887,9974
35.27,0.317,0.00752,0.832,0.31709,0.31864,30.4,0.31669,0.00569,1.783,0.31674,0.31675,19.2,0.0,0.0,0.732,0.0,0.0,200.01,0.31687,0.00691,0.73,0.31695,0.3185,30.4,-0.079,-1.458,98,0.2325,-0.0332,9.7208,-0.0016,-0.0018,0.00413,0.0,0.0,8050,11210,6887,9974
35.52,0.31704,0.00728,0.846,0.31712,0.31864,30.4,0.31669,0.00569,1.783,0.31674,0.31675,19.2,0.0,0.0,0.722,0.0,0.0,200.01,0.31691,0.00666,0.723,0.31698,0.3185,30.4,-0.097,-1.468,98,0.2792,0.0063,9.7665,-0.00426,0.00153,0.002,0.0,0.0,8050,11210,6887,9974
35.77,0.31691,0.00681,0.876,0.31698,0.31864,30.4,0.31669,0.00569,1.783,0.31674,0.31675,19.2,0.0,0.0,0.716,0.0,0.0,200.01,0.31678,0.00619,0.715,0.31684,0.3185,30.4,-0.057,-1.444,98,0.2424,0.0189,9.6813,-0.00186,0.00027,0.00666,0.0,0.0,8050,11210,6887,9974
36.02,0.31698,0.00694,0.87,0.31706,0.31864,29.6,0.31669,0.00569,1.783,0.31674,0.31675,20.8,0.0,0.0,0.726,0.0,0.0,200.83,0.31685,0.00632,0.72,0.31691,0.3185,29.6,-0.104,-1.445,98,0.2622,0.0063,9.7369,-0.00499,0.0018,0.00446,0.0,0.0,8050,11210,6887,9974
36.272,0.31737,0.00673,0.88,0.31744,0.31864,29.6,0.31669,0.00569,1.783,0.31674,0.31675,20.8,0.0,0.0,0.724,0.0,0.0,200.83,0.31724,0.00611,0.724,0.3173,0.3185,29.6,-0.075,-1.46,91,0.3295,0.0323,9.7441,-0.00539,-0.00233,7e-05,0.0,0.0,8050,11210,6887,9974
36.52,0.31726,0.0063,0.89,0.31732,0.31864,29.6,0.31669,0.00569,1.783,0.31674,0.31675,20.8,0.0,0.0,0.725,0.0,0.0,200.83,0.31713,0.00568,0.731,0.31718,0.3185,29.6,-0.06,-1.432,91,0.2406,-0.0278,9.8061,-0.00226,-0.00899,0.0018,0.0,0.0,8050,11210,6887,9974
36.77,0.31831,0.00667,0.854,0.31838,0.31864,29.6,0.31866,0.00575,1.695,0.31872,0.31675,20.8,0.0,0.0,0.738,0.0,0.0,200.83,0.31818,0.00605,0.743,0.31824,0.3185,29.6,-0.083,-1.252,91,0.1203,-0.0341,9.6256,-0.00899,-0.00939,-0.0034,0.0193,-0.0126,8062,11222,6900,9986
37.02,0.32367,0.00647,0.853,0.32373,0.32373,29.99,0.32534,0.00595,1.688,0.3254,0.32206,19.99,0.0,0.0,0.694,0.0,0.0,199.95,0.32354,0.00583,0.702,0.32359,0.32359,29.99,-0.113,-1.244,91,0.3044,-0.0242,9.7665,-0.00559,0.00113,0.00459,0.0364,-0.0126,8106,11266,6944,10029
37.27,0.335,0.00824,0.74,0.3351,0.33542,29.99,0.33572,0.00625,1.618,0.33578,0.33355,19.99,0.0,0.0,0.62,0.0,0.0,199.95,0.33487,0.00758,0.635,0.33496,0.33527,29.99,-0.004,-1.207,85,0.2065,0.1122,9.7324,-0.0032,0.00073,-0.01418,0.0535,-0.0126,8165,11329,7005,10090
37.52,0.34823,0.00812,0.676,0.34833,0.34823,29.99,0.351,0.00666,1.543,0.35106,0.34738,19.99,0.0,0.0,0.54,0.0,0.0,199.95,0.3481,0.00743,0.547,0.34818,0.34808,29.99,-0.023,-1.19,85,0.2622,-0.07,9.5565,-0.00646,-0.0034,0.01165,0.0728,0.0,8257,11426,7101,10184
37.77,0.3646,0.00839,0.614,0.3647,0.36209,29.99,0.36561,0.00707,1.595,0.36568,0.36173,19.99,0.0,0.0,0.479,0.0,0.0,199.95,0.36446,0.00767,0.475,0.36455,0.36194,29.99,-0.051,-1.69,85,0.4067,0.0799,9.8016,-0.00226,-0.00253,-0.00499,0.0685,0.0,8336,11510,7182,10267
38.02,0.37707,0.00872,0.562,0.37717,0.37745,29.99,0.38023,0.00748,1.681,0.3803,0.38032,19.99,0.0,0.0,0.384,0.0,0.0,199.95,0.37693,0.00797,0.43,0.37701,0.3773,29.99,-0.081,-1.792,85,0.2864,-0.0727,9.7064,0.00626,0.00892,-0.00107,0.0535,0.0126,8416,11594,7265,10348
38.27,0.39838,0.00905,0.376,0.39849,0.39812,28.0,0.40094,0.00807,1.555,0.40102,0.40104,20.0,0.0,0.0,0.189,0.0,0.0,199.99,0.39823,0.00823,0.205,0.39832,0.39796,28.0,-0.047,-1.402,77,0.2442,-0.0709,9.8518,0.00839,-0.00832,-0.02463,0.0813,-0.0252,8540,11724,7386,10472
38.52,0.41751,0.0092,0.192,0.41761,0.4197,28.0,0.42242,0.00859,1.245,0.42251,0.41803,20.0,0.0,0.0,-0.052,0.0,0.0,199.99,0.41736,0.0083,-0.024,0.41744,0.41953,28.0,-0.052,-1.574,77,0.2146,-0.1024,9.824,0.00679,0.00852,-0.01278,0.0835,-0.0378,8640,11828,7482,10568
38.77,0.4426,0.01027,-0.019,0.44272,0.44492,28.0,0.44069,0.00899,1.21,0.44079,0.44081,20.0,0.0,0.0,-0.299,0.0,0.0,199.99,0.44244,0.00927,-0.287,0.44254,0.44474,28.0,0.006,-1.455,77,0.3035,0.1293,9.7396,-0.01551,0.00166,-0.01911,0.0942,-0.0252,8778,11972,7616,10704
39.02,0.46537,0.00943,-0.211,0.46547,0.46415,28.0,0.4702,0.00952,0.945,0.47029,0.46541,20.0,0.0,0.0,-0.564,0.0,0.0,199.99,0.4652,0.0083,-0.542,0.46527,0.46397,28.0,-0.079,-1.265,77,0.2478,0.0009,9.6633,-0.00779,-0.01085,-0.01398,0.1113,0.0,8947,12143,7778,10868
39.27,0.49741,0.00985,-0.508,0.49751,0.49553,29.99,0.5008,0.00991,0.617,0.5009,0.50092,19.99,0.0,0.0,-0.872,0.0,0.0,199.94,0.49724,0.0085,-0.853,0.49731,0.49534,29.99,-0.09,-1.239,214,0.2361,0.0862,9.6543,0.0002,0.00666,-0.02836,0.1305,-0.0378,9132,12336,7957,11049
39.52,0.53008,0.00967,-0.83,0.53017,0.52786,29.99,0.53474,0.01013,0.257,0.53484,0.53459,19.99,0.0,0.0,-1.296,0.0,0.0,199.94,0.52989,0.00807,-1.23,0.52995,0.52766,29.99,-0.049,-1.921,214,0.3995,0.1769,9.745,0.01085,0.00233,-0.04268,0.1198,-0.0252,9338,12547,8153,11247
39.77,0.56074,0.00939,-1.201,0.56081,0.55929,29.99,0.56236,0.01015,-0.032,0.56245,0.56248,19.99,0.0,0.0,-1.613,0.0,0.0,199.94,0.56052,0.00753,-1.611,0.56058,0.55908,29.99,-0.051,-1.701,214,0.3744,0.2388,9.6588,-0.00752,-0.01951,-0.0002,0.1155,0.0,9498,12710,8302,11398
40.02,0.58866,0.00938,-1.382,0.58873,0.59106,29.99,0.59229,0.01007,-0.25,0.59238,0.59241,19.99,0.0,0.0,-1.887,0.0,0.0,199.94,0.58844,0.00729,-1.835,0.58848,0.59082,29.99,-0.054,-1.73,214,0.4202,-0.0341,9.8734,0.01425,-0.00619,-0.03382,0.1156,0.0,9636,12852,8437,11532
40.27,0.61896,0.00912,-1.722,0.61903,0.62137,29.99,0.6207,0.00989,-0.472,0.62078,0.62082,19.99,0.0,0.0,-2.242,0.0,0.0,199.94,0.61872,0.00674,-2.22,0.61876,0.62113,29.99,-0.028,-1.686,164,0.4426,-0.1472,9.8752,-0.00633,0.00566,-0.02384,0.1113,-0.0252,9833,13061,8629,11726
40.52,0.646,0.00867,-1.888,0.64606,0.64443,28.81,0.6491,0.00968,-0.323,0.64917,0.64922,20.01,0.0,0.0,-2.371,0.0,0.0,201.65,0.64574,0.00607,-2.352,0.64577,0.64418,28.81,-0.111,-1.532,164,0.2981,-0.1823,9.5161,0.01105,0.0267,-0.00273,0.122,0.0378,9963,13198,8762,11860
40.77,0.67892,0.01008,-2.121,0.679,0.67723,28.81,0.67927,0.0095,-0.388,0.67934,0.6794,20.01,0.0,0.0,-2.487,0.0,0.0,201.65,0.67866,0.00723,-2.483,0.6787,0.67697,28.81,-0.135,-1.754,164,0.4031,-0.0512,9.6085,0.00959,0.00426,-0.00573,0.1113,0.0,10132,13373,8931,12029
41.02,0.70673,0.01003,-2.286,0.7068,0.70923,28.81,0.70825,0.00935,-0.314,0.70831,0.70837,20.01,0.0,0.0,-2.703,0.0,0.0,201.65,0.70646,0.00698,-2.686,0.7065,0.70895,28.81,-0.091,-1.452,164,0.3044,-0.0673,9.9686,-0.00459,-0.01332,-0.0038,0.1198,-0.0252,10352,13599,9145,12244
41.27,0.74146,0.00941,-2.449,0.74152,0.744,28.81,0.73959,0.0091,-0.565,0.73965,0.73972,20.01,0.0,0.0,-2.918,0.0,0.0,201.65,0.74117,0.0061,-2.905,0.7412,0.74371,28.81,-0.039,-1.374,155,0.3053,0.0934,9.9587,-0.00992,0.01032,-0.01664,0.1284,0.0,10534,13782,9322,12421
41.52,0.77271,0.00991,-2.735,0.77277,0.77099,29.99,0.77265,0.00873,-0.674,0.7727,0.77278,19.99,0.0,0.0,-3.121,0.0,0.0,199.95,0.77242,0.00635,-3.093,0.77244,0.7707,29.99,-0.024,-1.449,155,0.2352,0.0745,9.675,0.00186,-0.00686,-0.01238,0.1284,-0.0252,10734,13988,9518,12616
41.77,0.8096,0.00964,-2.948,0.80966,0.80742,29.99,0.79961,0.0084,-0.741,0.79966,0.79974,19.99,0.0,0.0,-3.283,0.0,0.0,199.95,0.80929,0.00586,-3.269,0.80932,0.80711,29.99,-0.098,-1.718,155,0.4732,0.1499,9.7989,-0.00513,0.01145,-0.02776,0.1412,-0.0252,10881,14134,9661,12760
42.02,0.83956,0.00887,-3.078,0.83961,0.84217,29.99,0.83993,0.00774,-0.947,0.83996,0.84006,19.99,0.0,0.0,-3.414,0.0,0.0,199.95,0.83923,0.00492,-3.39,0.83925,0.84184,29.99,0.005,-1.371,155,-0.0072,0.088,9.6857,-0.01491,0.01198,-0.01352,0.1369,0.0,11082,14334,9857,12952
42.27,0.87731,0.00839,-3.243,0.87735,0.87995,29.99,0.87506,0.00706,-1.175,0.87509,0.8752,19.99,0.0,0.0,-3.535,0.0,0.0,199.95,0.87697,0.0042,-3.532,0.87698,0.87961,29.99,-0.18,-1.567,118,0.2801,-0.1374,9.8545,-0.00426,0.01265,-0.01085,0.1412,0.0,11330,14585,10106,13192
42.52,0.90924,0.00757,-3.328,0.90927,0.90756,29.99,0.90861,0.00636,-1.209,0.90864,0.90876,19.99,0.0,0.0,-3.634,0.0,0.0,199.95,0.90888,0.00323,-3.596,0.90889,0.90722,29.99,-0.16,-1.784,118,0.6168,-0.079,9.6579,-0.01531,0.00266,-0.00692,0.1327,0.0,11486,14742,10265,13348
42.77,0.94052,0.00633,-3.568,0.94055,0.93951,30.42,0.93785,0.00567,-1.5,0.93787,0.93341,20.01,0.0,0.0,-3.845,0.0,0.0,200.1,0.94014,0.00182,-3.842,0.94015,0.93915,30.42,-0.135,-1.991,118,0.0126,0.0054,9.3203,-0.00659,0.00819,-0.0006,0.1006,-0.0126,11690,14949,10465,13544
43.02,0.9658,0.00562,-3.687,0.96582,0.96853,30.42,0.96571,0.00493,-1.553,0.96572,0.96587,20.01,0.0,0.0,-4.01,0.0,0.0,200.1,0.9654,0.00099,-3.975,0.9654,0.96815,30.42,-0.075,-1.424,118,0.0476,-0.1562,9.7854,0.00466,-0.00107,-0.01398,0.1198,-0.0252,11862,15122,10635,13711
43.27,0.99684,0.00375,-3.857,0.99685,0.99963,30.42,0.99508,0.00407,-1.821,0.99509,0.99525,20.01,0.0,0.0,-4.227,0.0,0.0,200.1,0.99642,-0.00108,-4.211,0.99642,0.99924,30.42,-0.138,-1.468,114,0.255,0.0997,9.8949,0.0008,-0.01511,-0.02657,0.1177,-0.0378,12034,15293,10799,13872
43.52,1.02395,0.00202,-4.054,1.02395,1.0231,30.42,1.01876,0.00325,-2.093,1.01876,1.01873,20.01,0.0,0.0,-4.507,0.0,0.0,200.1,1.02351,-0.003,-4.443,1.02351,1.02271,30.42,-0.049,-1.564,114,0.4175,-0.0449,9.7612,-0.00879,0.00739,-0.02843,0.1134,-0.0126,12174,15430,10933,14003
43.77,1.0544,0.00055,-4.307,1.0544,1.05349,29.99,1.052,0.00197,-2.285,1.05201,1.05222,20.0,0.0,0.0,-4.689,0.0,0.0,199.96,1.05394,-0.00469,-4.678,1.05395,1.05308,29.99,-0.127,-1.545,114,0.4624,-0.2038,9.7989,-0.00499,0.01079,-0.01152,0.1155,-0.0252,12377,15636,11130,14196
44.02,1.08048,-0.00104,-4.48,1.08048,1.08346,29.99,1.07399,0.00105,-2.485,1.07399,1.0694,20.0,0.0,0.0,-4.929,0.0,0.0,199.96,1.08,-0.00646,-4.89,1.08002,1.08304,29.99,-0.059,-1.879,114,0.2307,-0.1113,9.7261,0.00166,0.00766,-0.01851,0.1049,-0.0126,12510,15766,11256,14320
44.27,1.10608,-0.00184,-4.698,1.10608,1.10909,29.99,1.10332,-0.00035,-2.781,1.10332,1.09915,20.0,0.0,0.0,-5.111,0.0,0.0,199.96,1.10558,-0.00745,-5.099,1.1056,1.10866,29.99,-0.045,-1.585,119,0.3762,-0.0287,9.947,-0.00087,0.00779,-0.01611,0.0963,0.0126,12686,15941,11425,14484
44.52,1.12742,-0.00343,-4.818,1.12743,1.12759,29.99,1.12732,-0.00157,-2.935,1.12732,1.12762,20.0,0.0,0.0,-5.222,0.0,0.0,199.96,1.1269,-0.0092,-5.215,1.12694,1.12715,29.99,-0.142,-1.733,119,0.3834,-0.0853,9.5609,0.001,-0.01198,0.01059,0.0899,0.0252,12802,16054,11535,14592
44.77,1.14785,-0.00505,-4.906,1.14786,1.15099,29.99,1.14278,-0.00237,-2.961,1.14278,1.1431,20.0,0.0,0.0,-5.312,0.0,0.0,199.96,1.14731,-0.01096,-5.308,1.14736,1.15055,29.99,-0.135,-2.02,119,0.3636,0.0108,9.6624,-0.00726,-0.00699,-0.00633,0.0663,-0.0126,12919,16172,11651,14704
45.02,1.16028,-0.00693,-4.92,1.1603,1.16193,29.61,1.1596,-0.00325,-2.997,1.1596,1.15994,20.0,0.0,0.0,-5.348,0.0,0.0,200.84,1.15972,-0.01294,-5.347,1.15979,1.16148,29.61,-0.066,-2.03,119,0.5962,0.0314,9.7683,-0.00186,0.00213,0.0036,0.0428,0.0,13013,16266,11747,14798
45.27,1.16869,-0.00716,-4.937,1.16871,1.16782,29.61,1.16593,-0.00358,-3.07,1.16593,1.16558,20.0,0.0,0.0,-5.373,0.0,0.0,200.84,1.16811,-0.01322,-5.37,1.16819,1.16736,29.61,-0.108,-2.095,113,0.431,-0.0395,9.6813,-0.00067,-0.002,-0.001,0.0128,-0.0252,13044,16296,11778,14828
45.52,1.16905,-0.00706,-4.94,1.16908,1.16782,29.61,1.16692,-0.00364,-3.108,1.16693,1.16558,20.0,0.0,0.0,-5.348,0.0,0.0,200.84,1.16848,-0.01313,-5.353,1.16855,1.16736,29.61,-0.17,-1.963,113,-0.0332,0.0341,9.6795,-0.00186,-0.01784,0.01025,0.0,0.0,13046,16299,11781,14831
45.77,1.1686,-0.00638,-4.975,1.16862,1.16782,29.61,1.16692,-0.00364,-3.108,1.16693,1.16558,20.0,0.0,0.0,-5.34,0.0,0.0,200.84,1.16803,-0.01245,-5.339,1.1681,1.16736,29.61,-0.02,-1.705,113,0.2487,0.0144,9.7746,0.00107,0.00146,-0.00173,0.0,0.0,13046,16299,11781,14831
46.02,1.1686,-0.00638,-4.975,1.16862,1.16782,29.98,1.16692,-0.00364,-3.108,1.16693,1.16558,19.99,0.0,0.0,-5.332,0.0,0.0,200.87,1.16803,-0.01245,-5.331,1.1681,1.16736,29.98,-0.064,-1.637,113,0.2559,-0.0153,9.8222,-0.0012,-0.00153,0.00206,0.0,0.0,13046,16299,11781,14831
46.27,1.16857,-0.00641,-4.975,1.16859,1.16782,29.98,1.16692,-0.00364,-3.108,1.16693,1.16558,19.99,0.0,0.0,-5.322,0.0,0.0,200.87,1.168,-0.01247,-5.323,1.16807,1.16736,29.98,-0.079,-1.633,175,0.2316,0.0144,9.7782,-0.00573,-0.00067,0.00293,0.0,0.0,13046,16299,11781,14831
46.52,1.16857,-0.00641,-4.975,1.16859,1.16782,29.98,1.16692,-0.00364,-3.108,1.16693,1.16558,19.99,0.0,0.0,-5.323,0.0,0.0,200.87,1.168,-0.01247,-5.32,1.16807,1.16736,29.98,-0.041,-1.635,175,0.2945,-0.0206,9.7989,-0.00672,-0.00206,0.00333,0.0,0.0,13046,16299,11781,14831
46.77,1.16857,-0.00641,-4.975,1.16859,1.16782,29.98,1.16692,-0.00364,-3.108,1.16693,1.16558,19.99,0.0,0.0,-5.331,0.0,0.0,200.87,1.168,-0.01247,-5.329,1.16807,1.16736,29.98,-0.06,-1.61,175,0.2999,0.0323,9.7639,-0.00752,-0.00107,0.00373,0.0,0.0,13046,16299,11781,14831
47.02,1.16857,-0.00641,-4.975,1.16859,1.16782,29.98,1.16692,-0.00364,-3.108,1.16693,1.16558,19.99,0.0,0.0,-5.325,0.0,0.0,200.87,1.168,-0.01247,-5.321,1.16807,1.16736,29.98,-0.069,-1.612,175,0.2649,0.0108,9.6795,-0.00513,-0.00146,-0.0026,0.0,0.0,13046,16299,11781,14831
47.27,1.16857,-0.00641,-4.975,1.16859,1.16782,30.41,1.16692,-0.00364,-3.108,1.16693,1.16558,20.01,0.0,0.0,-5.322,0.0,0.0,199.28,1.168,-0.01247,-5.321,1.16807,1.16736,30.41,-0.077,-1.611,159,0.2801,-0.0117,9.7692,-0.00286,-0.0008,0.00107,0.0,0.0,13046,16299,11781,14831
47.52,1.16857,-0.00641,-4.975,1.16859,1.16782,30.41,1.16692,-0.00364,-3.108,1.16693,1.16558,20.01,0.0,0.0,-5.33,0.0,0.0,199.28,1.168,-0.01247,-5.322,1.16807,1.16736,30.41,-0.092,-1.668,159,0.3322,-0.0269,9.71,-0.00146,0.00266,0.0026,0.0,0.0,13046,16299,11781,14831
47.77,1.16875,-0.00593,-4.998,1.16876,1.16782,30.41,1.16692,-0.00364,-3.108,1.16693,1.16558,20.01,0.0,0.0,-5.321,0.0,0.0,199.28,1.16818,-0.012,-5.321,1.16824,1.16736,30.41,-0.089,-1.589,159,0.2981,0.0135,9.736,-0.00353,0.00107,0.002,0.0,0.0,13046,16299,11781,14831
48.02,1.16875,-0.00593,-4.998,1.16876,1.16782,30.41,1.16692,-0.00364,-3.108,1.16693,1.16558,20.01,0.0,0.0,-5.332,0.0,0.0,199.28,1.16818,-0.012,-5.33,1.16824,1.16736,30.41,-0.096,-1.611,159,0.2496,0.0395,9.7468,-0.00313,-0.00173,0.00073,0.0,0.0,13046,16299,11781,14831
48.27,1.16875,-0.00593,-4.998,1.16876,1.16782,30.41,1.16692,-0.00364,-3.108,1.16693,1.16558,20.01,0.0,0.0,-5.323,0.0,0.0,199.28,1.16818,-0.012,-5.325,1.16824,1.16736,30.41,-0.049,-1.58,133,0.2711,0.0009,9.7306,-0.0018,-0.00253,0.00479,0.0,0.0,13046,16299,11781,14831
48.521,1.16875,-0.00593,-4.998,1.16876,1.16782,29.58,1.16692,-0.00364,-3.108,1.16693,1.16558,19.99,0.0,0.0,-5.34,0.0,0.0,201.46,1.16818,-0.012,-5.337,1.16824,1.16736,29.58,-0.059,-1.609,133,0.2792,-0.0027,9.7261,-0.00186,-0.00033,-0.00053,0.0,0.0,13046,16299,11781,14831
48.77,1.16875,-0.00593,-4.998,1.16876,1.16782,29.58,1.16692,-0.00364,-3.108,1.16693,1.16558,19.99,0.0,0.0,-5.351,0.0,0.0,201.46,1.16818,-0.012,-5.352,1.16824,1.16736,29.58,-0.129,-1.629,133,0.281,-0.0251,9.745,-0.00646,-0.0004,0.002,0.0,0.0,13046,16299,11781,14831
49.02,1.16875,-0.00593,-4.998,1.16876,1.16782,29.58,1.16692,-0.00364,-3.108,1.16693,1.16558,19.99,0.0,0.0,-5.357,0.0,0.0,201.46,1.16818,-0.012,-5.353,1.16824,1.16736,29.58,-0.08,-1.599,133,0.2711,0.0009,9.7737,-0.00113,-0.00127,0.00493,0.0,0.0,13046,16299,11781,14831
49.27,1.16875,-0.00593,-4.998,1.16876,1.16782,29.58,1.16692,-0.00364,-3.108,1.16693,1.16558,19.99,0.0,0.0,-5.359,0.0,0.0,201.46,1.16818,-0.012,-5.359,1.16824,1.16736,29.58,-0.086,-1.609,128,0.2936,0.0144,9.7477,-0.00466,-0.0026,0.00306,0.0,0.0,13046,16299,11781,14831
49.52,1.16875,-0.00593,-4.998,1.16876,1.16782,29.58,1.16692,-0.00364,-3.108,1.16693,1.16558,19.99,0.0,0.0,-5.356,0.0,0.0,201.46,1.16818,-0.012,-5.357,1.16824,1.16736,29.58,-0.066,-1.569,128,0.2693,0.0009,9.7558,-0.00579,-0.00393,0.00027,0.0,0.0,13046,16299,11781,14831
49.77,1.16875,-0.00593,-4.998,1.16876,1.16782,29.62,1.16692,-0.00364,-3.108,1.16693,1.16558,20.01,0.0,0.0,-5.367,0.0,0.0,198.54,1.16818,-0.012,-5.366,1.16824,1.16736,29.62,-0.107,-1.534,128,0.2352,0.0305,9.7683,-0.00486,0.00107,0.00186,0.0,0.0,13046,16299,11781,14831
50.02,1.16875,-0.00593,-4.998,1.16876,1.16782,29.62,1.16692,-0.00364,-3.108,1.16693,1.16558,20.01,0.0,0.0,-5.358,0.0,0.0,198.54,1.16818,-0.012,-5.359,1.16824,1.16736,29.62,-0.047,-1.556,128,0.2711,0.0485,9.7531,-0.00546,-0.00107,-0.00027,0.0,0.0,13046,16299,11781,14831
50.27,1.16875,-0.00593,-4.998,1.16876,1.16782,29.62,1.16692,-0.00364,-3.108,1.16693,1.16558,20.01,0.0,0.0,-5.359,0.0,0.0,198.54,1.16818,-0.012,-5.358,1.16824,1.16736,29.62,-0.092,-1.569,120,0.2604,-0.0296,9.7522,-7e-05,-0.00193,-0.0006,0.0,0.0,13046,16299,11781,14831
50.52,1.16875,-0.00593,-4.998,1.16876,1.16782,29.62,1.16692,-0.00364,-3.108,1.16693,1.16558,20.01,0.0,0.0,-5.36,0.0,0.0,198.54,1.16818,-0.012,-5.359,1.16824,1.16736,29.62,-0.066,-1.582,120,0.2298,-0.0431,9.7486,-0.00573,0.001,0.00453,0.0,0.0,13046,16299,11781,14831
50.77,1.16875,-0.00593,-4.998,1.16876,1.16782,29.99,1.16692,-0.00364,-3.108,1.16693,1.16558,18.99,0.0,0.0,-5.364,0.0,0.0,200.92,1.16818,-0.012,-5.362,1.16824,1.16736,29.99,-0.058,-1.567,120,0.2756,0.0027,9.7944,-0.00373,0.00107,0.00047,0.0,0.0,13046,16299,11781,14831
51.02,1.16875,-0.00593,-4.998,1.16876,1.16782,29.99,1.16692,-0.00364,-3.108,1.16693,1.16558,18.99,0.0,0.0,-5.363,0.0,0.0,200.92,1.16818,-0.012,-5.362,1.16824,1.16736,29.99,-0.056,-1.566,120,0.2245,0.0458,9.7585,-0.00699,-0.00053,0.00593,0.0,0.0,13046,16299,11781,14831
51.27,1.16875,-0.00593,-4.998,1.16876,1.16782,29.99,1.16692,-0.00364,-3.108,1.16693,1.16558,18.99,0.0,0.0,-5.355,0.0,0.0,200.92,1.16818,-0.012,-5.354,1.16824,1.16736,29.99,-0.066,-1.53,116,0.2316,-0.0332,9.7612,-0.0032,-0.00127,-0.0006,0.0,0.0,13046,16299,11781,14831
51.52,1.16875,-0.00593,-4.998,1.16876,1.16782,29.99,1.16692,-0.00364,-3.108,1.16693,1.16558,18.99,0.0,0.0,-5.356,0.0,0.0,200.92,1.16818,-0.012,-5.357,1.16824,1.16736,29.99,-0.034,-1.606,116,0.3008,-0.0278,9.7495,-0.00486,-0.0002,0.00233,0.0,0.0,13046,16299,11781,14831
51.77,1.16875,-0.00593,-4.998,1.16876,1.16782,29.99,1.16692,-0.00364,-3.108,1.16693,1.16558,18.99,0.0,0.0,-5.363,0.0,0.0,200.92,1.16818,-0.012,-5.363,1.16824,1.16736,29.99,-0.092,-1.602,116,0.2658,0.0027,9.7612,-0.00393,-0.00047,0.003,0.0,0.0,13046,16299,11781,14831
52.02,1.16875,-0.00593,-4.998,1.16876,1.16782,29.6,1.16692,-0.00364,-3.108,1.16693,1.16558,20.8,0.0,0.0,-5.358,0.0,0.0,200.81,1.16818,-0.012,-5.355,1.16824,1.16736,29.6,-0.031,-1.626,116,0.246,0.0269,9.8043,-0.00633,-0.00186,0.00233,0.0,0.0,13046,16299,11781,14831
52.27,1.16875,-0.00593,-4.998,1.16876,1.16782,29.6,1.16692,-0.00364,-3.108,1.16693,1.16558,20.8,0.0,0.0,-5.359,0.0,0.0,200.81,1.16818,-0.012,-5.358,1.16824,1.16736,29.6,-0.036,-1.622,113,0.3017,-0.053,9.7432,-0.00193,-0.00166,0.0008,0.0,0.0,13046,16299,11781,14831
52.52,1.16875,-0.00593,-4.998,1.16876,1.16782,29.6,1.16692,-0.00364,-3.108,1.16693,1.16558,20.8,0.0,0.0,-5.361,0.0,0.0,200.81,1.16818,-0.012,-5.359,1.16824,1.16736,29.6,-0.08,-1.612,113,0.272,-0.0036,9.7917,-0.00419,-0.0022,0.00399,0.0,0.0,13046,16299,11781,14831
52.77,1.16875,-0.00593,-4.998,1.16876,1.16782,29.6,1.16692,-0.00364,-3.108,1.16693,1.16558,20.8,0.0,0.0,-5.36,0.0,0.0,200.81,1.16818,-0.012,-5.361,1.16824,1.16736,29.6,-0.061,-1.611,113,0.1939,-0.0054,9.7477,-0.00146,-0.00133,0.00346,0.0,0.0,13046,16299,11781,14831
53.02,1.16875,-0.00593,-4.998,1.16876,1.16782,29.6,1.16692,-0.00364,-3.108,1.16693,1.16558,20.8,0.0,0.0,-5.346,0.0,0.0,200.81,1.16818,-0.012,-5.35,1.16824,1.16736,29.6,-0.103,-1.56,113,0.2676,-0.0593,9.7648,-0.00786,-0.00386,-0.00193,0.0,0.0,13046,16299,11781,14831
53.27,1.16875,-0.00593,-4.998,1.16876,1.16782,30.4,1.16692,-0.00364,-3.108,1.16693,1.16558,20.0,0.0,0.0,-5.358,0.0,0.0,199.23,1.16818,-0.012,-5.356,1.16824,1.16736,30.4,-0.085,-1.539,111,0.3232,0.0045,9.7603,-0.00553,0.00413,0.00166,0.0,0.0,13046,16299,11781,14831
53.52,1.16875,-0.00593,-4.998,1.16876,1.16782,30.4,1.16692,-0.00364,-3.108,1.16693,1.16558,20.0,0.0,0.0,-5.365,0.0,0.0,199.23,1.16818,-0.012,-5.367,1.16824,1.16736,30.4,-0.07,-1.634,111,0.2433,0.009,9.7639,-0.00819,-0.00087,0.00253,0.0,0.0,13046,16299,11781,14831
53.77,1.16875,-0.00593,-4.998,1.16876,1.16782,30.4,1.16692,-0.00364,-3.108,1.16693,1.16558,20.0,0.0,0.0,-5.366,0.0,0.0,199.23,1.16818,-0.012,-5.363,1.16824,1.16736,30.4,-0.073,-1.604,111,0.2334,0.0099,9.7109,-0.00306,0.0,-0.00393,0.0,0.0,13046,16299,11781,14831
54.02,1.16875,-0.00593,-4.998,1.16876,1.16782,30.4,1.16692,-0.00364,-3.108,1.16693,1.16558,20.0,0.0,0.0,-5.381,0.0,0.0,199.23,1.16818,-0.012,-5.383,1.16824,1.16736,30.4,-0.064,-1.623,111,0.237,0.0431,9.7908,-0.00366,-0.00047,0.00659,0.0,0.0,13046,16299,11781,14831
54.27,1.16875,-0.00593,-4.998,1.16876,1.16782,30.4,1.16692,-0.00364,-3.108,1.16693,1.16558,20.0,0.0,0.0,-5.396,0.0,0.0,199.23,1.16818,-0.012,-5.396,1.16824,1.16736,30.4,-0.061,-1.569,109,0.2801,-0.0171,9.7279,-0.00246,-0.00246,0.00426,0.0,0.0,13046,16299,11781,14831
54.52,1.16875,-0.00593,-4.998,1.16876,1.16782,29.6,1.16692,-0.00364,-3.108,1.16693,1.16558,20.0,0.0,0.0,-5.397,0.0,0.0,201.63,1.16818,-0.012,-5.394,1.16824,1.16736,29.6,-0.046,-1.639,109,0.2667,-0.0117,9.7109,-0.00373,-0.00286,0.00067,0.0,0.0,13046,16299,11781,14831
54.77,1.16875,-0.00593,-4.998,1.16876,1.16782,29.6,1.16692,-0.00364,-3.108,1.16693,1.16558,20.0,0.0,0.0,-5.396,0.0,0.0,201.63,1.16818,-0.012,-5.396,1.16824,1.16736,29.6,-0.051,-1.656,109,0.2442,0.0081,9.7226,-0.00493,-0.0008,0.00526,0.0,0.0,13046,16299,11781,14831
55.02,1.16875,-0.00593,-4.998,1.16876,1.16782,29.6,1.16692,-0.00364,-3.108,1.16693,1.16558,20.0,0.0,0.0,-5.403,0.0,0.0,201.63,1.16818,-0.012,-5.397,1.16824,1.16736,29.6,-0.064,-1.625,109,0.2379,0.0,9.7504,-0.01005,-0.00466,-0.00027,0.0,0.0,13046,16299,11781,14831
55.27,1.16875,-0.00593,-4.998,1.16876,1.16782,29.6,1.16692,-0.00364,-3.108,1.16693,1.16558,20.0,0.0,0.0,-5.4,0.0,0.0,201.63,1.16818,-0.012,-5.398,1.16824,1.16736,29.6,-0.065,-1.578,107,0.1966,0.0512,9.754,-0.00286,-0.00033,-0.00366,0.0,0.0,13046,16299,11781,14831
55.52,1.16875,-0.00593,-4.998,1.16876,1.16782,29.0,1.16692,-0.00364,-3.108,1.16693,1.16558,20.0,0.0,0.0,-5.394,0.0,0.0,199.99,1.16818,-0.012,-5.394,1.16824,1.16736,29.0,-0.066,-1.624,107,0.2397,0.0135,9.7827,-0.00266,-0.0002,-0.00166,0.0,0.0,13046,16299,11781,14831
55.771,1.16875,-0.00593,-4.998,1.16876,1.16782,29.0,1.16692,-0.00364,-3.108,1.16693,1.16558,20.0,0.0,0.0,-5.399,0.0,0.0,199.99,1.16818,-0.012,-5.398,1.16824,1.16736,29.0,-0.057,-1.609,107,0.2846,-0.0189,9.7863,0.00073,0.00127,-0.002,0.0,0.0,13046,16299,11781,14831
56.02,1.1688,-0.00603,-4.996,1.16882,1.16782,29.0,1.16692,-0.00364,-3.108,1.16693,1.16558,20.0,0.0,0.0,-5.389,0.0,0.0,199.99,1.16823,-0.0121,-5.384,1.1683,1.16736,29.0,-0.068,-1.621,107,0.2658,-0.0108,9.7746,-0.00832,-0.0024,-0.0038,0.0,0.0,13046,16299,11781,14831
56.27,1.1688,-0.00603,-4.996,1.16882,1.16782,29.0,1.16692,-0.00364,-3.108,1.16693,1.16558,20.0,0.0,0.0,-5.383,0.0,0.0,199.99,1.16823,-0.0121,-5.382,1.1683,1.16736,29.0,-0.087,-1.605,165,0.2792,-0.0045,9.7351,-0.00506,-0.00246,0.00107,0.0,0.0,13046,16299,11781,14831
56.52,1.1688,-0.00603,-4.996,1.16882,1.16782,29.99,1.16692,-0.00364,-3.108,1.16693,1.16558,19.99,0.0,0.0,-5.387,0.0,0.0,200.95,1.16823,-0.0121,-5.39,1.1683,1.16736,29.99,-0.1,-1.577,165,0.3304,-0.026,9.7342,-0.003,0.00113,0.00173,0.0,0.0,13046,16299,11781,14831
56.77,1.1688,-0.00603,-4.996,1.16882,1.16782,29.99,1.16692,-0.00364,-3.108,1.16693,1.16558,19.99,0.0,0.0,-5.382,0.0,0.0,200.95,1.16823,-0.0121,-5.383,1.1683,1.16736,29.99,-0.076,-1.602,165,0.2361,-0.0108,9.7576,-0.00739,-0.002,0.00533,0.0,0.0,13046,16299,11781,14831
57.02,1.1688,-0.00603,-4.996,1.16882,1.16782,29.99,1.16692,-0.00364,-3.108,1.16693,1.16558,19.99,0.0,0.0,-5.376,0.0,0.0,200.95,1.16823,-0.0121,-5.376,1.1683,1.16736,29.99,-0.102,-1.586,165,0.2604,0.0296,9.7163,-0.002,-0.00246,0.00406,0.0,0.0,13046,16299,11781,14831
57.27,1.1688,-0.00603,-4.996,1.16882,1.16782,29.99,1.16692,-0.00364,-3.108,1.16693,1.16558,19.99,0.0,0.0,-5.384,0.0,0.0,200.95,1.16823,-0.0121,-5.384,1.1683,1.16736,29.99,-0.042,-1.557,159,0.2855,-0.0296,9.7378,-0.00386,-0.00067,0.0024,0.0,0.0,13046,16299,11781,14831
57.52,1.1688,-0.00603,-4.996,1.16882,1.16782,29.99,1.16692,-0.00364,-3.108,1.16693,1.16558,19.99,0.0,0.0,-5.383,0.0,0.0,200.95,1.16823,-0.0121,-5.389,1.1683,1.16736,29.99,-0.039,-1.618,159,0.3142,0.009,9.7648,-0.00573,0.00133,0.00226,0.0,0.0,13046,16299,11781,14831
57.77,1.1688,-0.00603,-4.996,1.16882,1.16782,30.41,1.16692,-0.00364,-3.108,1.16693,1.16558,20.0,0.0,0.0,-5.381,0.0,0.0,199.23,1.16823,-0.0121,-5.381,1.1683,1.16736,30.41,-0.062,-1.643,159,0.2981,-0.0691,9.6974,-0.00666,0.00027,0.00453,0.0,0.0,13046,16299,11781,14831
58.02,1.1688,-0.00603,-4.996,1.16882,1.16782,30.41,1.16692,-0.00364,-3.108,1.16693,1.16558,20.0,0.0,0.0,-5.396,0.0,0.0,199.23,1.16823,-0.0121,-5.395,1.1683,1.16736,30.41,-0.066,-1.609,159,0.246,0.0359,9.7441,-0.00493,0.00053,0.0012,0.0,0.0,13046,16299,11781,14831
58.27,1.1688,-0.00603,-4.996,1.16882,1.16782,30.41,1.16692,-0.00364,-3.108,1.16693,1.16558,20.0,0.0,0.0,-5.406,0.0,0.0,199.23,1.16823,-0.0121,-5.408,1.1683,1.16736,30.41,-0.111,-1.637,157,0.3133,-0.0054,9.745,-0.00246,7e-05,0.00353,0.0,0.0,13046,16299,11781,14831
58.521,1.1688,-0.00603,-4.996,1.16882,1.16782,30.41,1.16692,-0.00364,-3.108,1.16693,1.16558,20.0,0.0,0.0,-5.431,0.0,0.0,199.23,1.16823,-0.0121,-5.427,1.1683,1.16736,30.41,-0.068,-1.583,157,0.2505,-0.0215,9.745,-0.00559,0.0,0.00293,0.0,0.0,13046,16299,11781,14831
58.77,1.1688,-0.00603,-4.996,1.16882,1.16782,30.41,1.16692,-0.00364,-3.108,1.16693,1.16558,20.0,0.0,0.0,-5.453,0.0,0.0,199.23,1.16823,-0.0121,-5.45,1.1683,1.16736,30.41,-0.089,-1.62,157,0.3151,-0.0081,9.7252,0.00027,-0.0002,-0.00033,0.0,0.0,13046,16299,11781,14831
59.02,1.1688,-0.00603,-4.996,1.16882,1.16782,28.79,1.16692,-0.00364,-3.108,1.16693,1.16558,20.0,0.0,0.0,-5.45,0.0,0.0,200.76,1.16823,-0.0121,-5.453,1.1683,1.16736,28.79,-0.059,-1.64,157,0.2532,0.0844,9.7522,-0.00286,0.00153,0.00273,0.0,0.0,13046,16299,11781,14831
59.27,1.1688,-0.00603,-4.996,1.16882,1.16782,28.79,1.16692,-0.00364,-3.108,1.16693,1.16558,20.0,0.0,0.0,-5.452,0.0,0.0,200.76,1.16823,-0.0121,-5.452,1.1683,1.16736,28.79,-0.067,-1.651,146,0.2559,0.0045,9.7567,-0.00406,0.00033,0.00253,0.0,0.0,13046,16299,11781,14831
59.52,1.1688,-0.00603,-4.996,1.16882,1.16782,28.79,1.16692,-0.00364,-3.108,1.16693,1.16558,20.0,0.0,0.0,-5.468,0.0,0.0,200.76,1.16823,-0.0121,-5.466,1.1683,1.16736,28.79,-0.068,-1.57,146,0.2559,-0.0198,9.7621,-0.00173,0.00273,0.00619,0.0,0.0,13046,16299,11781,14831
59.77,1.1688,-0.00603,-4.996,1.16882,1.16782,28.79,1.16692,-0.00364,-3.108,1.16693,1.16558,20.0,0.0,0.0,-5.466,0.0,0.0,200.76,1.16823,-0.0121,-5.464,1.1683,1.16736,28.79,-0.027,-1.585,146,0.2801,0.0898,9.745,-0.00306,-0.0032,-0.00173,0.0,0.0,13046,16299,11781,14831
60.02,1.1688,-0.00603,-4.996,1.16882,1.16782,28.79,1.16692,-0.00364,-3.108,1.16693,1.16558,20.0,0.0,0.0,-5.472,0.0,0.0,200.76,1.16823,-0.0121,-5.469,1.1683,1.16736,28.79,-0.045,-1.616,146,0.2756,-0.0521,9.7288,-0.00273,0.0016,-0.00186,0.0,0.0,13046,16299,11781,14831
60.27,1.1688,-0.00603,-4.996,1.16882,1.16782,29.61,1.16692,-0.00364,-3.108,1.16693,1.16558,20.0,0.0,0.0,-5.479,0.0,0.0,200.03,1.16823,-0.0121,-5.48,1.1683,1.16736,29.61,-0.063,-1.55,144,0.3223,0.0233,9.8069,-0.0036,-0.00186,0.00513,0.0,0.0,13046,16299,11781,14831
60.52,1.1688,-0.00603,-4.996,1.16882,1.16782,29.61,1.16692,-0.00364,-3.108,1.16693,1.16558,20.0,0.0,0.0,-5.484,0.0,0.0,200.03,1.16823,-0.0121,-5.483,1.1683,1.16736,29.61,-0.106,-1.61,144,0.2738,0.0269,9.8016,-0.00313,-0.0006,0.00127,0.0,0.0,13046,16299,11781,14831
60.77,1.1688,-0.00603,-4.996,1.16882,1.16782,29.61,1.16692,-0.00364,-3.108,1.16693,1.16558,20.0,0.0,0.0,-5.472,0.0,0.0,200.03,1.16823,-0.0121,-5.473,1.1683,1.16736,29.61,-0.073,-1.597,144,0.2649,0.0485,9.7091,-0.00067,-0.00573,0.00466,0.0,0.0,13046,16299,11781,14831
61.02,1.1688,-0.00603,-4.996,1.16882,1.16782,29.61,1.16692,-0.00364,-3.108,1.16693,1.16558,20.0,0.0,0.0,-5.46,0.0,0.0,200.03,1.16823,-0.0121,-5.46,1.1683,1.16736,29.61,-0.092,-1.59,144,0.3178,-0.0682,9.7252,0.00186,-0.0012,-0.0034,0.0,0.0,13046,16299,11781,14831
61.271,1.1688,-0.00603,-4.996,1.16882,1.16782,29.97,1.16692,-0.00364,-3.108,1.16693,1.16558,19.98,0.0,0.0,-5.459,0.0,0.0,200.78,1.16823,-0.0121,-5.46,1.1683,1.16736,29.97,-0.105,-1.584,143,0.2029,-0.0377,9.7809,0.00699,-0.01431,0.00446,0.0,0.0,13046,16299,11781,14831
61.521,1.1688,-0.00603,-4.996,1.16882,1.16782,29.97,1.16692,-0.00364,-3.108,1.16693,1.16558,19.98,0.0,0.0,-5.451,0.0,0.0,200.78,1.16823,-0.0121,-5.454,1.1683,1.16736,29.97,-0.049,-1.603,143,0.1939,0.0009,9.7567,-0.00333,0.00107,0.00047,0.0,0.0,13046,16299,11781,14831
61.77,1.1688,-0.00603,-4.996,1.16882,1.16782,29.97,1.16681,-0.00363,-3.071,1.16682,1.16558,19.98,0.0,0.0,-5.432,0.0,0.0,200.78,1.16823,-0.0121,-5.433,1.1683,1.16736,29.97,-0.093,-1.534,143,0.1338,-0.0018,9.7145,-0.00686,-0.00146,0.00446,0.0,0.0,13046,16298,11781,14831
62.021,1.16859,-0.00547,-4.987,1.16861,1.16782,29.97,1.16642,-0.00361,-3.091,1.16643,1.16558,19.98,0.0,0.0,-5.387,0.0,0.0,200.78,1.16803,-0.01153,-5.398,1.16809,1.16736,29.97,-0.083,-1.561,143,0.3008,-0.0117,9.7423,-0.0006,0.00186,0.00113,-0.0064,-0.0126,13045,16298,11780,14831
62.27,1.16504,-0.00617,-4.855,1.16505,1.16782,29.97,1.16207,-0.00338,-3.019,1.16207,1.16558,19.98,0.0,0.0,-5.29,0.0,0.0,200.78,1.16447,-0.01221,-5.301,1.16453,1.16736,29.97,-0.182,-1.83,142,0.2325,0.0332,9.6938,-0.0014,0.00706,0.01505,-0.0321,0.0126,13012,16266,11751,14801
62.52,1.1558,-0.00777,-4.446,1.15583,1.17319,29.63,1.15049,-0.00279,-2.839,1.1505,1.18032,20.02,0.0,0.0,-4.968,0.0,0.0,201.0,1.15523,-0.01373,-5.011,1.15531,1.17273,29.63,-0.165,-1.741,142,0.3735,-0.0395,9.727,-0.0018,0.00067,0.02723,-0.0621,0.0126,12940,16195,11687,14740
62.77,1.13825,-0.00844,-3.838,1.13828,1.1916,29.63,1.13653,-0.00214,-2.567,1.13653,1.19431,20.02,0.0,0.0,-4.41,0.0,0.0,201.0,1.13768,-0.01425,-4.442,1.13776,1.19113,29.63,-0.115,-1.819,142,0.2316,0.009,9.8204,-0.00453,0.00546,0.05519,-0.077,0.0252,12842,16102,11602,14662
63.02,1.11639,-0.00989,-2.978,1.11644,1.21609,29.63,1.11099,-0.00119,-1.779,1.11099,1.21986,20.02,0.0,0.0,-3.567,0.0,0.0,201.0,1.11582,-0.01549,-3.678,1.11593,1.21562,29.63,-0.152,-1.36,142,0.0135,-0.1607,9.42,-0.00666,-0.0217,0.06831,-0.0877,0.0629,12678,15945,11465,14542
63.27,1.09272,-0.00804,-2.332,1.09275,1.23985,29.63,1.08887,-0.00064,-1.306,1.08887,1.23759,20.02,0.0,0.0,-3.005,0.0,0.0,201.0,1.09217,-0.01341,-3.025,1.09226,1.23936,29.63,0.01,-1.319,118,0.2676,0.0108,9.6875,-0.00306,-0.01172,0.02963,-0.0899,0.0252,12564,15836,11366,14452
63.52,1.07047,-0.0079,-1.892,1.07049,1.25886,28.99,1.06516,-0.00018,-1.001,1.06516,1.26563,19.99,0.0,0.0,-2.507,0.0,0.0,199.94,1.06993,-0.01303,-2.564,1.07001,1.25837,28.99,-0.197,-1.37,118,0.0278,-0.0566,9.7504,-0.00193,0.00939,0.05326,-0.0942,0.0,12380,15656,11195,14292
63.77,1.04483,-0.0056,-1.309,1.04485,1.28791,28.99,1.04189,0.00014,-0.631,1.04189,1.28477,19.99,0.0,0.0,-1.838,0.0,0.0,199.94,1.04432,-0.01052,-1.848,1.04437,1.28741,28.99,-0.113,-1.35,118,0.2909,0.018,9.7522,0.0004,0.00047,0.03575,-0.092,0.0378,12238,15520,11070,14176
64.02,1.02149,-0.00474,-0.787,1.0215,1.30788,28.99,1.0165,0.00029,-0.242,1.0165,1.31436,19.99,0.0,0.0,-1.279,0.0,0.0,199.94,1.021,-0.00945,-1.367,1.02104,1.30738,28.99,-0.229,-1.318,118,0.158,0.0377,9.7226,0.00932,-0.00586,0.05107,-0.1027,0.0252,12116,15401,10955,14068
64.27,0.99084,-0.00365,-0.169,0.99085,1.33835,28.99,0.99055,0.0003,0.127,0.99055,1.34032,19.99,0.0,0.0,-0.588,0.0,0.0,199.94,0.99036,-0.00813,-0.624,0.99039,1.33784,28.99,-0.144,-1.422,160,0.2738,-0.0081,9.4703,0.0014,0.01751,0.0496,-0.1091,0.0378,11919,15207,10775,13901
64.52,0.96275,-0.0036,0.444,0.96275,1.37006,28.99,0.9628,8e-05,0.602,0.9628,1.36807,19.99,0.0,0.0,0.085,0.0,0.0,199.94,0.96228,-0.00792,0.02,0.96231,1.36954,28.99,0.059,-1.24,160,0.2128,0.1167,9.5466,0.00599,-0.00459,0.03848,-0.107,0.0252,11780,15075,10649,13784
64.77,0.93355,-0.00355,0.712,0.93356,1.39927,28.81,0.93608,-0.00023,0.634,0.93608,1.38993,20.0,0.0,0.0,0.275,0.0,0.0,200.04,0.93309,-0.00766,0.259,0.93312,1.39875,28.81,0.047,-1.174,160,0.0691,-0.0727,9.5304,0.00087,-0.00393,0.02517,-0.1049,-0.0126,11609,14910,10484,13626
65.02,0.9088,-0.00313,0.866,0.9088,1.42076,28.81,0.91034,-0.00051,0.597,0.91034,1.42053,20.0,0.0,0.0,0.422,0.0,0.0,200.04,0.90834,-0.00707,0.415,0.90837,1.42023,28.81,-0.048,-1.299,160,0.9131,-0.1086,9.5744,-0.00246,0.03169,0.02124,-0.1006,-0.0126,11464,14769,10339,13492
65.27,0.87723,-0.00434,1.088,0.87724,1.45117,28.81,0.88022,-0.00087,0.71,0.88022,1.45065,20.0,0.0,0.0,0.541,0.0,0.0,200.04,0.87678,-0.00802,0.546,0.87681,1.45063,28.81,-0.016,-1.554,127,0.0458,0.07,9.8895,-0.00146,-0.00486,-0.00732,-0.1391,-0.0126,11246,14561,10119,13297
65.52,0.84444,-0.00238,1.026,0.84444,1.48389,28.81,0.84758,-0.00123,0.655,0.84758,1.4833,20.0,0.0,0.0,0.577,0.0,0.0,200.04,0.84402,-0.00578,0.582,0.84403,1.48333,28.81,-0.19,-1.279,127,0.3205,0.0907,9.8617,-0.01558,-0.01005,0.0034,-0.1284,0.0252,11090,14413,9960,13158
65.77,0.80982,-0.00315,1.131,0.80983,1.51902,29.0,0.82311,-0.00154,0.729,0.82311,1.50777,19.0,0.0,0.0,0.656,0.0,0.0,199.98,0.8094,-0.00629,0.652,0.80942,1.51847,29.0,-0.064,-1.261,127,0.0754,0.1634,9.8806,-0.01072,-0.001,0.01125,-0.1241,0.0,10898,14229,9767,12984
66.02,0.77903,-0.00228,1.203,0.77903,1.55412,29.0,0.786,-0.00199,0.652,0.786,1.54488,19.0,0.0,0.0,0.906,0.0,0.0,199.98,0.77862,-0.00521,0.882,0.77864,1.55355,29.0,-0.06,-1.195,127,0.0691,-0.0458,9.7342,0.00213,0.00866,0.00766,-0.1305,-0.0126,10666,14026,9538,12772
66.27,0.7439,-0.00305,1.389,0.74391,1.58489,29.0,0.75576,-0.00233,0.649,0.75577,1.57512,19.0,0.0,0.0,1.019,0.0,0.0,199.98,0.7435,-0.00576,1.012,0.74352,1.58432,29.0,-0.058,-0.954,155,0.1841,0.1158,9.4577,-0.01285,-0.02497,0.00739,-0.1198,-0.0252,10518,13886,9387,12643
66.52,0.71447,-0.00416,1.516,0.71448,1.61881,29.0,0.72515,-0.00267,0.627,0.72515,1.60574,19.0,0.0,0.0,1.107,0.0,0.0,199.98,0.71406,-0.00667,1.099,0.71409,1.61823,29.0,-0.044,-1.145,155,0.1966,-0.1832,9.6642,0.00646,0.01019,0.01172,-0.1177,0.0126,10345,13721,9212,12484
66.77,0.67909,-0.00514,1.743,0.67911,1.65424,29.0,0.69471,-0.0031,0.933,0.69471,1.63618,19.0,0.0,0.0,1.346,0.0,0.0,199.98,0.67869,-0.00742,1.348,0.67873,1.65365,29.0,-0.093,-1.415,155,0.4292,0.1015,9.7522,-0.00353,0.00959,-0.0004,-0.1284,0.0,10114,13506,8985,12286
67.02,0.64705,-0.00565,1.909,0.64707,1.68201,28.79,0.66109,-0.00364,0.839,0.6611,1.6698,20.8,0.0,0.0,1.484,0.0,0.0,201.56,0.64665,-0.00769,1.457,0.6467,1.68141,28.79,-0.073,-1.209,155,0.3439,-0.0485,9.6561,-0.01039,-0.00739,0.00746,-0.1348,-0.0378,9950,13358,8820,12142
67.27,0.60957,-0.00565,2.089,0.6096,1.72391,28.79,0.62716,-0.00416,1.022,0.62717,1.70374,20.8,0.0,0.0,1.724,0.0,0.0,201.56,0.60919,-0.00745,1.701,0.60923,1.72331,28.79,-0.178,-1.019,114,0.1365,0.1535,9.7818,-0.00326,-0.03735,0.03429,-0.1348,0.0126,9734,13158,8601,11953
67.52,0.57743,-0.00529,2.166,0.57745,1.75156,28.79,0.59405,-0.00491,1.401,0.59407,1.73685,20.8,0.0,0.0,1.905,0.0,0.0,201.56,0.57705,-0.0069,1.874,0.57709,1.75095,28.79,-0.148,-1.315,114,0.3672,0.0718,9.5951,-0.01372,0.00473,0.02623,-0.1369,0.0252,9538,12974,8403,11791
67.77,0.5359,-0.00693,2.275,0.53594,1.79771,28.79,0.56482,-0.00569,1.569,0.56484,1.7661,20.8,0.0,0.0,1.87,0.0,0.0,201.56,0.53552,-0.00832,1.884,0.53558,1.79709,28.79,-0.015,-1.18,114,-0.1293,-0.1939,9.8456,0.00839,-0.01445,-0.0235,-0.1519,-0.0126,9308,12766,8169,11596
68.02,0.50149,-0.00679,1.917,0.50154,1.83214,28.79,0.53185,-0.00652,1.296,0.53189,1.79908,20.8,0.0,0.0,1.509,0.0,0.0,201.56,0.50112,-0.00791,1.544,0.50118,1.83151,28.79,0.065,-0.841,114,0.0368,0.1796,9.7028,-0.00819,0.00433,-0.02517,-0.122,-0.0378,9110,12594,7959,11418
68.27,0.46675,-0.00822,1.496,0.46683,1.86694,30.41,0.49548,-0.0072,0.896,0.49553,1.83545,20.01,0.0,0.0,1.07,0.0,0.0,199.27,0.46638,-0.00905,1.084,0.46646,1.86631,30.41,-0.004,-0.902,250,0.1203,-0.0153,9.7495,-0.01611,-0.00399,-0.01991,-0.1177,-0.0126,8895,12402,7728,11212
68.52,0.43709,-0.0072,1.229,0.43714,1.89214,30.41,0.46606,-0.00767,0.969,0.46612,1.86488,20.01,0.0,0.0,0.937,0.0,0.0,199.27,0.43672,-0.00784,0.924,0.43679,1.8915,30.41,-0.157,-1.005,250,0.0521,0.0323,9.3365,-0.00166,-0.02676,0.00453,-0.1177,0.0126,8710,12231,7537,11056
68.77,0.40257,-0.00685,1.287,0.40263,1.92678,30.41,0.44179,-0.00811,1.097,0.44187,1.88915,20.01,0.0,0.0,1.056,0.0,0.0,199.27,0.40222,-0.00736,1.054,0.40229,1.92614,30.41,-0.035,-1.234,250,0.2227,0.0637,9.7665,-0.01951,0.01851,0.00979,-0.1198,0.0252,8558,12090,7387,10926
69.02,0.37141,-0.0093,1.485,0.37152,1.96251,30.41,0.4059,-0.00888,1.23,0.406,1.92505,20.01,0.0,0.0,1.171,0.0,0.0,199.27,0.37105,-0.00968,1.157,0.37117,1.96186,30.41,-0.06,-0.922,250,0.2658,-0.0593,9.578,0.00593,0.00779,0.01045,-0.1113,0.0,8338,11889,7166,10730
69.271,0.33987,-0.01015,1.632,0.34002,1.99406,29.97,0.37831,-0.0095,1.339,0.37843,1.95264,19.98,0.0,0.0,1.251,0.0,0.0,200.83,0.33951,-0.01034,1.254,0.33967,1.99341,29.97,-0.113,-0.813,217,0.2128,0.0781,9.8509,-0.00732,0.00965,-0.00027,-0.1113,0.0252,8178,11741,7006,10584
69.52,0.31363,-0.00937,1.613,0.31377,2.01632,29.97,0.34978,-0.01018,1.347,0.34993,1.98035,19.98,0.0,0.0,1.346,0.0,0.0,200.83,0.31328,-0.0094,1.327,0.31342,2.01566,29.97,-0.139,-1.07,217,0.2514,-0.2765,9.736,0.00613,0.00606,0.03442,-0.107,0.0252,8044,11614,6871,10461
69.771,0.27999,-0.0103,1.882,0.28018,2.04991,29.97,0.32113,-0.01098,1.666,0.32131,2.00985,19.98,0.0,0.0,1.69,0.0,0.0,200.83,0.27965,-0.01023,1.663,0.27984,2.04925,29.97,0.012,-1.441,217,0.3097,-0.0215,9.7854,-0.00033,0.01518,0.03555,-0.1198,0.0,7830,11408,6662,10276
70.02,0.24609,-0.01052,2.239,0.24632,2.08302,29.97,0.28776,-0.01204,1.901,0.28802,2.04323,19.98,0.0,0.0,2.108,0.0,0.0,200.83,0.24576,-0.01035,2.038,0.24598,2.08235,29.97,-0.071,-1.127,217,0.0664,0.2137,9.7692,-0.01405,-0.00699,0.04421,-0.1348,0.0126,7668,11253,6499,10138
70.27,0.21024,-0.0122,2.548,0.2106,2.12005,29.97,0.25699,-0.01316,2.223,0.25733,2.07402,19.98,0.0,0.0,2.317,0.0,0.0,200.83,0.20991,-0.01194,2.321,0.21025,2.11938,29.97,0.234,-0.796,186,0.1616,0.0898,9.6148,-0.00206,0.01571,-0.00293,-0.1134,0.0126,7465,11061,6303,9967
70.52,0.1837,-0.01265,2.589,0.18414,2.15059,29.62,0.23028,-0.01429,2.546,0.23072,2.10076,20.01,0.0,0.0,2.366,0.0,0.0,200.95,0.18337,-0.01229,2.386,0.18378,2.14991,29.62,0.114,-1.108,186,0.2568,-0.1086,10.079,-0.00506,0.00146,-0.0026,-0.1092,0.0378,7310,10910,6145,9828
70.77,0.15167,-0.01336,2.573,0.15226,2.18279,29.62,0.2016,-0.01566,2.832,0.20221,2.12946,20.01,0.0,0.0,2.37,0.0,0.0,200.95,0.15134,-0.01286,2.365,0.15189,2.1821,29.62,-0.028,-1.058,186,0.1535,-0.0171,9.7199,-0.01258,-0.03475,0.01152,-0.1134,0.0378,7131,10739,5962,9670
71.02,0.12186,-0.01471,2.575,0.12275,2.20872,29.62,0.17359,-0.01721,3.355,0.17444,2.15752,20.01,0.0,0.0,2.349,0.0,0.0,200.95,0.12153,-0.01411,2.356,0.12235,2.20803,29.62,-0.056,-1.163,186,0.3358,0.1221,9.8689,-0.01272,0.02477,0.0022,-0.1155,0.0252,6964,10576,5790,9542
71.27,0.08967,-0.01366,2.446,0.09071,2.24077,29.62,0.14977,-0.01866,3.513,0.15093,2.18138,20.01,0.0,0.0,2.234,0.0,0.0,200.95,0.08935,-0.01294,2.236,0.09029,2.24007,29.62,0.044,-0.986,153,0.2451,-0.0664,9.5574,0.0026,-0.00959,-0.0034,-0.122,-0.0126,6777,10395,5594,9385
71.521,0.06332,-0.01502,2.368,0.06507,2.2715,29.98,0.11822,-0.02059,3.531,0.12,2.21299,19.98,0.0,0.0,2.15,0.0,0.0,199.84,0.063,-0.0142,2.157,0.06458,2.2708,29.98,0.081,-0.648,153,0.2209,0.3151,9.4927,-0.00892,-0.01618,-0.00932,-0.0942,0.0252,6595,10217,5405,9218
71.77,0.03601,-0.01366,2.278,0.03852,2.29916,29.98,0.09988,-0.02175,3.603,0.10222,2.23137,19.98,0.0,0.0,2.262,0.0,0.0,199.84,0.0357,-0.01281,2.26,0.03793,2.29845,29.98,-0.05,-1.085,153,0.2631,-0.0691,9.6525,0.01025,0.01052,0.00659,-0.0942,0.0,6485,10108,5295,9119
72.02,0.0129,-0.0185,2.435,0.02256,2.31806,29.98,0.07296,-0.02353,3.84,0.07666,2.25428,19.98,0.0,0.0,2.279,0.0,0.0,199.84,0.01259,-0.01763,2.288,0.02167,2.31735,29.98,0.091,-1.256,153,0.0144,-0.0539,9.7585,-0.00093,-0.01804,-0.00559,-0.0942,0.0,6354,9979,5165,8996
72.27,-0.00307,-0.01756,2.308,0.01782,2.33883,29.98,0.05706,-0.02458,3.782,0.06213,2.27274,19.98,0.0,0.0,2.312,0.0,0.0,199.84,-0.00337,-0.01665,2.292,0.01699,2.33811,29.98,-0.054,-0.791,129,0.5917,-0.0189,9.9865,-0.003,0.01898,0.02597,-0.0342,0.0252,6244,9870,5054,8886
72.52,-0.01061,-0.01843,2.376,0.02127,2.34476,29.98,0.04933,-0.0251,3.867,0.05535,2.27783,19.98,0.0,0.0,2.299,0.0,0.0,199.84,-0.01091,-0.01752,2.3,0.02064,2.34404,29.98,-0.063,-0.664,129,0.0359,-0.097,9.6534,0.0014,-0.01119,0.00246,-0.015,0.0126,6207,9832,5015,8848
72.77,-0.01215,-0.01861,2.289,0.02222,2.34476,30.42,0.04857,-0.02515,3.883,0.0547,2.27783,20.01,0.0,0.0,2.245,0.0,0.0,200.11,-0.01245,-0.01769,2.249,0.02163,2.34404,30.42,0.01,-1.104,129,0.3636,-0.088,9.7369,-0.00033,0.00133,-0.00619,0.0,0.0,6200,9825,5008,8840
73.02,-0.01133,-0.01846,2.223,0.02166,2.34476,30.42,0.04857,-0.02515,3.883,0.0547,2.27783,20.01,0.0,0.0,2.184,0.0,0.0,200.11,-0.01164,-0.01754,2.197,0.02105,2.34404,30.42,0.058,-1.47,129,0.2271,-0.0772,9.7863,0.00073,0.00253,-0.00546,0.0,0.0,6200,9825,5008,8840
73.27,-0.01015,-0.0179,2.118,0.02058,2.34476,30.42,0.049,-0.02512,3.739,0.05506,2.27783,20.01,0.0,0.0,2.125,0.0,0.0,200.11,-0.01045,-0.01699,2.124,0.01994,2.34404,30.42,-0.007,-1.643,265,0.2981,-0.026,9.7531,0.00226,0.0006,0.00366,0.0,0.0,6206,9830,5008,8840
73.52,-0.01063,-0.01747,2.125,0.02045,2.34476,30.42,0.049,-0.02512,3.739,0.05506,2.27783,20.01,0.0,0.0,2.168,0.0,0.0,200.11,-0.01094,-0.01655,2.171,0.01984,2.34404,30.42,-0.004,-1.589,265,0.2613,-0.0081,9.6956,-0.00399,-0.00679,-0.00253,0.0,0.0,6206,9830,5008,8840
73.77,-0.01046,-0.01767,2.146,0.02054,2.34476,30.0,0.049,-0.02512,3.739,0.05506,2.27783,20.0,0.0,0.0,2.178,0.0,0.0,199.99,-0.01076,-0.01676,2.178,0.01992,2.34404,30.0,-0.061,-1.528,265,0.3124,-0.0368,9.7522,-0.00366,0.0012,0.00386,0.0,0.0,6206,9830,5008,8840
74.02,-0.01027,-0.01749,2.142,0.02028,2.34476,30.0,0.049,-0.02512,3.739,0.05506,2.27783,20.0,0.0,0.0,2.181,0.0,0.0,199.99,-0.01058,-0.01657,2.179,0.01966,2.34404,30.0,-0.009,-1.599,265,0.2478,0.0117,9.754,-0.00479,0.00127,0.00386,0.0,0.0,6206,9830,5008,8840
74.27,-0.0101,-0.01747,2.142,0.02018,2.34476,30.0,0.049,-0.02512,3.739,0.05506,2.27783,20.0,0.0,0.0,2.171,0.0,0.0,199.99,-0.0104,-0.01656,2.171,0.01956,2.34404,30.0,-0.014,-1.611,257,0.2954,-0.0341,9.7531,-0.00366,-0.00353,-0.00186,0.0,0.0,6206,9830,5008,8840
74.52,-0.01002,-0.01738,2.141,0.02006,2.34476,30.0,0.049,-0.02512,3.739,0.05506,2.27783,20.0,0.0,0.0,2.162,0.0,0.0,199.99,-0.01033,-0.01646,2.158,0.01944,2.34404,30.0,0.009,-1.578,257,0.2837,-0.0206,9.7567,0.00013,-0.001,0.00293,0.0,0.0,6206,9830,5008,8840
74.77,-0.00997,-0.01739,2.142,0.02004,2.34476,30.0,0.049,-0.02512,3.739,0.05506,2.27783,19.0,0.0,0.0,2.157,0.0,0.0,200.99,-0.01028,-0.01647,2.157,0.01942,2.34404,30.0,0.003,-1.585,257,0.2909,0.0171,9.7908,-0.003,0.00373,0.0014,0.0,0.0,6206,9830,5008,8840
75.021,-0.00994,-0.01744,2.138,0.02007,2.34476,30.0,0.049,-0.02512,3.739,0.05506,2.27783,19.0,0.0,0.0,2.154,0.0,0.0,200.99,-0.01025,-0.01652,2.155,0.01944,2.34404,30.0,0.003,-1.571,257,0.3026,0.0242,9.7297,0.00107,0.00246,0.00293,0.0,0.0,6206,9830,5008,8840
75.27,-0.00998,-0.01742,2.136,0.02008,2.34476,30.0,0.049,-0.02512,3.739,0.05506,2.27783,19.0,0.0,0.0,2.158,0.0,0.0,200.99,-0.01028,-0.01651,2.161,0.01945,2.34404,30.0,-0.034,-1.613,245,0.2828,0.0332,9.7809,-0.0008,-0.00333,-0.0028,0.0,0.0,6206,9830,5008,8840
75.52,-0.01024,-0.01769,2.141,0.02044,2.34476,30.0,0.049,-0.02512,3.739,0.05506,2.27783,19.0,0.0,0.0,2.147,0.0,0.0,200.99,-0.01054,-0.01677,2.147,0.01981,2.34404,30.0,-0.012,-1.659,245,0.3124,-0.0206,9.736,-0.00626,-0.00153,-0.0002,0.0,0.0,6206,9830,5008,8840
75.77,-0.01024,-0.01769,2.141,0.02044,2.34476,30.0,0.049,-0.02512,3.739,0.05506,2.27783,19.0,0.0,0.0,2.15,0.0,0.0,200.99,-0.01054,-0.01677,2.148,0.01981,2.34404,30.0,-0.004,-1.635,245,0.1796,0.0566,9.78,-0.00206,-0.0008,0.00393,0.0,0.0,6206,9830,5008,8840
76.02,-0.01045,-0.01785,2.144,0.02068,2.34476,29.59,0.049,-0.02512,3.739,0.05506,2.27783,20.79,0.0,0.0,2.136,0.0,0.0,200.74,-0.01075,-0.01693,2.133,0.02006,2.34404,29.59,0.005,-1.597,245,0.1787,0.0395,9.8132,-0.0018,0.00033,0.00093,0.0,0.0,6206,9830,5008,8840
76.27,-0.01048,-0.01793,2.144,0.02077,2.34476,29.59,0.049,-0.02512,3.739,0.05506,2.27783,20.79,0.0,0.0,2.135,0.0,0.0,200.74,-0.01079,-0.01701,2.134,0.02014,2.34404,29.59,0.015,-1.573,237,0.2478,0.0081,9.7621,-0.00127,0.001,-0.00146,0.0,0.0,6206,9830,5008,8840
76.52,-0.01048,-0.01793,2.144,0.02077,2.34476,29.59,0.049,-0.02512,3.739,0.05506,2.27783,20.79,0.0,0.0,2.139,0.0,0.0,200.74,-0.01079,-0.01701,2.138,0.02014,2.34404,29.59,0.036,-1.625,237,0.3223,0.0323,9.7603,-0.003,-0.00326,0.00366,0.0,0.0,6206,9830,5008,8840
76.77,-0.01049,-0.01801,2.144,0.02084,2.34476,29.59,0.049,-0.02512,3.739,0.05506,2.27783,20.79,0.0,0.0,2.127,0.0,0.0,200.74,-0.01079,-0.01709,2.126,0.02021,2.34404,29.59,0.033,-1.568,237,0.2613,0.0233,9.7432,-0.00246,0.0004,0.0012,0.0,0.0,6206,9830,5008,8840
77.02,-0.0106,-0.01814,2.146,0.02101,2.34476,29.59,0.049,-0.02512,3.739,0.05506,2.27783,20.79,0.0,0.0,2.13,0.0,0.0,200.74,-0.0109,-0.01723,2.13,0.02039,2.34404,29.59,-0.026,-1.586,237,0.2361,0.0269,9.7648,-0.00333,0.001,-0.00013,0.0,0.0,6206,9830,5008,8840
77.27,-0.01067,-0.01816,2.147,0.02106,2.34476,30.41,0.049,-0.02512,3.739,0.05506,2.27783,20.01,0.0,0.0,2.124,0.0,0.0,200.07,-0.01098,-0.01724,2.125,0.02044,2.34404,30.41,-0.031,-1.587,223,0.2828,0.0054,9.7549,-0.00473,-0.0022,0.00293,0.0,0.0,6206,9830,5008,8840
77.52,-0.01091,-0.0182,2.144,0.02122,2.34476,30.41,0.049,-0.02512,3.739,0.05506,2.27783,20.01,0.0,0.0,2.127,0.0,0.0,200.07,-0.01122,-0.01728,2.129,0.0206,2.34404,30.41,-0.086,-1.608,223,0.2604,0.0215,9.745,0.00166,0.001,0.00712,0.0,0.0,6206,9830,5008,8840
77.77,-0.01115,-0.01813,2.138,0.02128,2.34476,30.41,0.049,-0.02512,3.739,0.05506,2.27783,20.01,0.0,0.0,2.154,0.0,0.0,200.07,-0.01146,-0.01721,2.153,0.02068,2.34404,30.41,-0.084,-1.601,223,0.2532,0.009,9.7405,-0.00286,0.00166,0.00453,0.0,0.0,6206,9830,5008,8840
78.02,-0.01133,-0.01807,2.131,0.02133,2.34476,30.41,0.049,-0.02512,3.739,0.05506,2.27783,20.01,0.0,0.0,2.163,0.0,0.0,200.07,-0.01164,-0.01715,2.16,0.02073,2.34404,30.41,-0.046,-1.602,223,0.2774,-0.0593,9.7369,-0.00419,0.00053,-0.00166,0.0,0.0,6206,9830,5008,8840
78.27,-0.01133,-0.01807,2.131,0.02133,2.34476,30.41,0.049,-0.02512,3.739,0.05506,2.27783,20.01,0.0,0.0,2.182,0.0,0.0,200.07,-0.01164,-0.01715,2.18,0.02073,2.34404,30.41,-0.02,-1.607,220,0.2756,0.0296,9.6624,-0.00353,0.00087,0.00692,0.0,0.0,6206,9830,5008,8840
78.52,-0.0113,-0.01777,2.121,0.02106,2.34476,29.6,0.049,-0.02512,3.739,0.05506,2.27783,20.0,0.0,0.0,2.175,0.0,0.0,200.8,-0.0116,-0.01686,2.175,0.02047,2.34404,29.6,-0.025,-1.636,220,0.2451,-0.0036,9.7315,-0.00393,-0.00273,-0.0018,0.0,0.0,6206,9830,5008,8840
78.77,-0.0113,-0.01777,2.121,0.02106,2.34476,29.6,0.049,-0.02512,3.739,0.05506,2.27783,20.0,0.0,0.0,2.179,0.0,0.0,200.8,-0.0116,-0.01686,2.177,0.02047,2.34404,29.6,-0.038,-1.636,220,0.2541,0.0386,9.7306,-0.00546,-0.0002,0.00406,0.0,0.0,6206,9830,5008,8840
79.02,-0.0113,-0.01777,2.121,0.02106,2.34476,29.6,0.049,-0.02512,3.739,0.05506,2.27783,20.0,0.0,0.0,2.186,0.0,0.0,200.8,-0.0116,-0.01686,2.187,0.02047,2.34404,29.6,-0.05,-1.616,220,0.255,0.018,9.7423,-0.00466,0.001,0.00013,0.0,0.0,6206,9830,5008,8840
79.27,-0.01141,-0.01783,2.127,0.02117,2.34476,29.6,0.049,-0.02512,3.739,0.05506,2.27783,20.0,0.0,0.0,2.183,0.0,0.0,200.8,-0.01172,-0.01691,2.183,0.02057,2.34404,29.6,-0.026,-1.617,212,0.343,0.0323,9.7306,-0.00546,0.00107,0.00599,0.0,0.0,6206,9830,5008,8840
79.52,-0.01142,-0.01786,2.129,0.0212,2.34476,29.6,0.049,-0.02512,3.739,0.05506,2.27783,20.0,0.0,0.0,2.186,0.0,0.0,200.8,-0.01172,-0.01695,2.185,0.02061,2.34404,29.6,-0.029,-1.624,212,0.2101,0.0081,9.736,-0.00553,0.0002,0.0034,0.0,0.0,6206,9830,5008,8840
79.77,-0.01128,-0.01793,2.132,0.02118,2.34476,29.6,0.049,-0.02512,3.739,0.05506,2.27783,20.0,0.0,0.0,2.198,0.0,0.0,199.2,-0.01158,-0.01702,2.197,0.02058,2.34404,29.6,-0.016,-1.609,212,0.2819,0.026,9.7683,-0.00306,-0.00127,0.00533,0.0,0.0,6206,9830,5008,8840
80.02,-0.01125,-0.01793,2.132,0.02117,2.34476,29.6,0.049,-0.02512,3.739,0.05506,2.27783,20.0,0.0,0.0,2.2,0.0,0.0,199.2,-0.01155,-0.01701,2.2,0.02057,2.34404,29.6,-0.043,-1.606,212,0.2819,-0.0251,9.7656,-0.00386,-0.00213,-0.00419,0.0,0.0,6206,9830,5008,8840
80.27,-0.01134,-0.01802,2.134,0.02129,2.34476,29.6,0.049,-0.02512,3.739,0.05506,2.27783,20.0,0.0,0.0,2.189,0.0,0.0,199.2,-0.01165,-0.0171,2.19,0.02069,2.34404,29.6,0.005,-1.602,206,0.2577,-0.0099,9.7621,-0.0034,-0.0026,-0.0026,0.0,0.0,6206,9830,5008,8840
80.52,-0.01134,-0.01802,2.134,0.02129,2.34476,29.6,0.049,-0.02512,3.739,0.05506,2.27783,20.0,0.0,0.0,2.179,0.0,0.0,199.2,-0.01165,-0.0171,2.177,0.02069,2.34404,29.6,0.047,-1.57,206,0.308,0.035,9.7522,-0.0032,-0.00173,0.00506,0.0,0.0,6206,9830,5008,8840
80.77,-0.01134,-0.01802,2.134,0.02129,2.34476,29.6,0.049,-0.02512,3.739,0.05506,2.27783,20.0,0.0,0.0,2.174,0.0,0.0,199.2,-0.01165,-0.0171,2.176,0.02069,2.34404,29.6,-0.017,-1.657,206,0.2478,0.0305,9.7899,-0.00213,-7e-05,-0.0016,0.0,0.0,6206,9830,5008,8840
81.02,-0.01141,-0.01804,2.136,0.02134,2.34476,28.0,0.049,-0.02512,3.739,0.05506,2.27783,19.2,0.0,0.0,2.165,0.0,0.0,201.57,-0.01172,-0.01712,2.169,0.02074,2.34404,28.0,0.002,-1.617,206,0.2667,-0.0162,9.7279,-0.00446,0.00013,-0.00273,0.0,0.0,6206,9830,5008,8840
81.27,-0.01145,-0.01799,2.136,0.02132,2.34476,28.0,0.049,-0.02512,3.739,0.05506,2.27783,19.2,0.0,0.0,2.147,0.0,0.0,201.57,-0.01175,-0.01707,2.15,0.02072,2.34404,28.0,0.014,-1.628,196,0.2649,0.0009,9.7136,-0.00266,0.001,-0.00413,0.0,0.0,6206,9830,5008,8840
81.52,-0.01145,-0.01799,2.136,0.02132,2.34476,28.0,0.049,-0.02512,3.739,0.05506,2.27783,19.2,0.0,0.0,2.153,0.0,0.0,201.57,-0.01175,-0.01707,2.152,0.02072,2.34404,28.0,0.002,-1.588,196,0.2559,-0.0386,9.7064,-0.00533,-0.00213,0.00233,0.0,0.0,6206,9830,5008,8840
81.77,-0.01123,-0.01757,2.12,0.02085,2.34476,28.0,0.049,-0.02512,3.739,0.05506,2.27783,19.2,0.0,0.0,2.149,0.0,0.0,201.57,-0.01154,-0.01665,2.149,0.02026,2.34404,28.0,-0.035,-1.561,196,0.2586,-0.0009,9.7935,-0.00293,0.0012,0.00759,0.0,0.0,6206,9830,5008,8840
82.02,-0.01122,-0.01759,2.12,0.02086,2.34476,28.0,0.049,-0.02512,3.739,0.05506,2.27783,19.2,0.0,0.0,2.137,0.0,0.0,201.57,-0.01153,-0.01667,2.142,0.02027,2.34404,28.0,0.004,-1.535,196,0.2918,-0.0189,9.727,-0.00892,0.0006,0.00559,0.0,0.0,6206,9830,5008,8840
82.27,-0.01121,-0.01754,2.118,0.02081,2.34476,29.61,0.049,-0.02512,3.739,0.05506,2.27783,20.8,0.0,0.0,2.146,0.0,0.0,199.24,-0.01151,-0.01662,2.146,0.02022,2.34404,29.61,0.019,-1.557,192,0.2505,-0.0162,9.7217,-0.00233,0.00153,0.00166,0.0,0.0,6206,9830,5008,8840
82.52,-0.01104,-0.0175,2.117,0.02069,2.34476,29.61,0.049,-0.02512,3.739,0.05506,2.27783,20.8,0.0,0.0,2.146,0.0,0.0,199.24,-0.01135,-0.01658,2.148,0.02009,2.34404,29.61,0.023,-1.547,192,0.2514,0.026,9.6813,-0.00346,-0.0002,0.00386,0.0,0.0,6206,9830,5008,8840
82.77,-0.01088,-0.01734,2.112,0.02047,2.34476,29.61,0.049,-0.02512,3.739,0.05506,2.27783,20.8,0.0,0.0,2.129,0.0,0.0,199.24,-0.01118,-0.01642,2.13,0.01987,2.34404,29.61,0.02,-1.543,192,0.2864,0.009,9.7154,-0.00533,0.00127,-0.00313,0.0,0.0,6206,9830,5008,8840
83.02,-0.01088,-0.01738,2.113,0.0205,2.34476,29.61,0.049,-0.02512,3.739,0.05506,2.27783,20.8,0.0,0.0,2.128,0.0,0.0,199.24,-0.01119,-0.01646,2.132,0.0199,2.34404,29.61,-0.024,-1.583,192,0.3205,-0.0198,9.7827,-0.00466,-0.0006,0.00013,0.0,0.0,6206,9830,5008,8840
83.27,-0.01086,-0.01734,2.112,0.02046,2.34476,30.0,0.049,-0.02512,3.739,0.05506,2.27783,20.0,0.0,0.0,2.135,0.0,0.0,201.0,-0.01116,-0.01643,2.134,0.01986,2.34404,30.0,-0.021,-1.537,189,0.2927,0.0018,9.7665,-0.00466,0.0006,0.00226,0.0,0.0,6206,9830,5008,8840
83.52,-0.01072,-0.01733,2.113,0.02037,2.34476,30.0,0.049,-0.02512,3.739,0.05506,2.27783,20.0,0.0,0.0,2.143,0.0,0.0,201.0,-0.01103,-0.01641,2.142,0.01977,2.34404,30.0,-0.068,-1.543,189,0.2532,-0.0099,9.8141,-0.002,-0.0004,0.00779,0.0,0.0,6206,9830,5008,8840
83.77,-0.01072,-0.0173,2.112,0.02035,2.34476,30.0,0.049,-0.02512,3.739,0.05506,2.27783,20.0,0.0,0.0,2.133,0.0,0.0,201.0,-0.01102,-0.01638,2.134,0.01975,2.34404,30.0,-0.091,-1.574,189,0.2487,-0.009,9.7549,-0.00459,0.001,0.00087,0.0,0.0,6206,9830,5008,8840
84.02,-0.01072,-0.0173,2.112,0.02035,2.34476,30.0,0.049,-0.02512,3.739,0.05506,2.27783,20.0,0.0,0.0,2.142,0.0,0.0,201.0,-0.01102,-0.01638,2.139,0.01975,2.34404,30.0,-0.023,-1.571,189,0.3035,0.0126,9.7576,-0.00386,0.0012,0.00266,0.0,0.0,6206,9830,5008,8840
84.27,-0.01072,-0.0173,2.112,0.02035,2.34476,30.0,0.049,-0.02512,3.739,0.05506,2.27783,20.0,0.0,0.0,2.144,0.0,0.0,199.98,-0.01102,-0.01638,2.144,0.01975,2.34404,30.0,-0.018,-1.595,183,0.2586,-0.0359,9.736,-0.00073,0.00127,0.0024,0.0,0.0,6206,9830,5008,8840
84.52,-0.01067,-0.01702,2.101,0.02009,2.34476,30.0,0.049,-0.02512,3.739,0.05506,2.27783,20.0,0.0,0.0,2.142,0.0,0.0,199.98,-0.01097,-0.0161,2.138,0.01949,2.34404,30.0,0.009,-1.596,183,0.2774,0.0036,9.7252,-0.00153,-0.00067,0.00293,0.0,0.0,6206,9830,5008,8840
84.77,-0.0105,-0.01684,2.097,0.01985,2.34476,30.0,0.049,-0.02512,3.739,0.05506,2.27783,20.0,0.0,0.0,2.138,0.0,0.0,199.98,-0.01081,-0.01592,2.138,0.01925,2.34404,30.0,-0.011,-1.595,183,0.2514,-0.0314,9.7567,-0.00726,-0.00333,0.0016,0.0,0.0,6206,9830,5008,8840
85.02,-0.01054,-0.0167,2.09,0.01974,2.34476,30.0,0.049,-0.02512,3.739,0.05506,2.27783,20.0,0.0,0.0,2.143,0.0,0.0,199.98,-0.01084,-0.01578,2.139,0.01915,2.34404,30.0,-0.005,-1.587,183,0.3717,0.0117,9.7082,-0.002,-0.00166,-0.00712,0.0,0.0,6206,9830,5008,8840
85.27,-0.01054,-0.0167,2.09,0.01974,2.34476,30.0,0.049,-0.02512,3.739,0.05506,2.27783,20.0,0.0,0.0,2.139,0.0,0.0,199.98,-0.01084,-0.01578,2.139,0.01915,2.34404,30.0,0.0,-1.501,181,0.2146,-0.0063,9.7145,-0.00293,-0.0026,0.00107,0.0,0.0,6206,9830,5008,8840
85.52,-0.01053,-0.01674,2.09,0.01977,2.34476,29.6,0.049,-0.02512,3.739,0.05506,2.27783,20.0,0.0,0.0,2.149,0.0,0.0,200.81,-0.01083,-0.01582,2.148,0.01918,2.34404,29.6,-0.049,-1.522,181,0.2595,0.0108,9.7261,-0.00373,-0.0002,-0.00413,0.0,0.0,6206,9830,5008,8840
85.77,-0.01053,-0.01674,2.09,0.01977,2.34476,29.6,0.049,-0.02512,3.739,0.05506,2.27783,20.0,0.0,0.0,2.134,0.0,0.0,200.81,-0.01083,-0.01582,2.135,0.01918,2.34404,29.6,0.0,-1.565,181,0.308,0.0278,9.6795,-0.00186,-0.00073,0.0004,0.0,0.0,6206,9830,5008,8840
86.02,-0.01053,-0.01674,2.09,0.01977,2.34476,29.6,0.049,-0.02512,3.739,0.05506,2.27783,20.0,0.0,0.0,2.137,0.0,0.0,200.81,-0.01083,-0.01582,2.134,0.01918,2.34404,29.6,0.001,-1.591,181,0.299,-0.0054,9.7396,-0.00133,-0.00107,-0.00013,0.0,0.0,6206,9830,5008,8840
86.27,-0.01049,-0.01677,2.091,0.01978,2.34476,29.6,0.049,-0.02512,3.739,0.05506,2.27783,20.0,0.0,0.0,2.134,0.0,0.0,200.81,-0.01079,-0.01585,2.137,0.01918,2.34404,29.6,-0.014,-1.558,177,0.2361,0.0206,9.7809,-0.00513,0.00087,-0.00213,0.0,0.0,6206,9830,5008,8840
86.52,-0.01043,-0.01669,2.088,0.01968,2.34476,29.6,0.049,-0.02512,3.739,0.05506,2.27783,20.0,0.0,0.0,2.131,0.0,0.0,200.81,-0.01074,-0.01577,2.131,0.01908,2.34404,29.6,-0.012,-1.527,177,0.2765,-0.0063,9.7962,0.00213,0.00053,0.00333,0.0,0.0,6206,9830,5008,8840
86.77,-0.01025,-0.0165,2.082,0.01942,2.34476,30.4,0.049,-0.02512,3.739,0.05506,2.27783,19.2,0.0,0.0,2.115,0.0,0.0,199.98,-0.01055,-0.01558,2.116,0.01882,2.34404,30.4,0.003,-1.608,177,0.3313,-0.0215,9.736,0.0008,-0.00087,-0.00293,0.0,0.0,6206,9830,5008,8840
87.02,-0.01013,-0.0165,2.082,0.01936,2.34476,30.4,0.049,-0.02512,3.739,0.05506,2.27783,19.2,0.0,0.0,2.115,0.0,0.0,199.98,-0.01044,-0.01558,2.116,0.01875,2.34404,30.4,0.014,-1.564,177,0.2011,-0.0287,9.7163,-0.00466,-0.0016,0.00246,0.0,0.0,6206,9830,5008,8840
87.27,-0.01014,-0.01649,2.076,0.01936,2.34476,30.4,0.049,-0.02512,3.739,0.05506,2.27783,19.2,0.0,0.0,2.111,0.0,0.0,199.98,-0.01044,-0.01557,2.111,0.01875,2.34404,30.4,-0.01,-1.628,175,0.3044,-0.0108,9.8195,-0.00699,-0.00113,-0.00107,0.0,0.0,6206,9830,5008,8840
87.52,-0.01001,-0.0164,2.068,0.01921,2.34476,30.4,0.049,-0.02512,3.739,0.05506,2.27783,19.2,0.0,0.0,2.115,0.0,0.0,199.98,-0.01032,-0.01548,2.113,0.0186,2.34404,30.4,-0.069,-1.585,175,0.2693,0.0126,9.7531,-0.00586,-0.00113,-0.00499,0.0,0.0,6206,9830,5008,8840
87.77,-0.00962,-0.01614,2.067,0.01879,2.34476,30.4,0.049,-0.02512,3.739,0.05506,2.27783,19.2,0.0,0.0,2.116,0.0,0.0,199.98,-0.00993,-0.01523,2.115,0.01818,2.34404,30.4,-0.039,-1.627,175,0.2514,-0.0242,9.7279,-0.00772,-0.00613,0.00146,0.0,0.0,6206,9830,5008,8840
88.02,-0.00961,-0.01612,2.068,0.01876,2.34476,28.81,0.049,-0.02512,3.739,0.05506,2.27783,20.8,0.0,0.0,2.118,0.0,0.0,200.84,-0.00992,-0.0152,2.117,0.01815,2.34404,28.81,0.003,-1.563,175,0.2415,0.0422,9.736,-0.00213,-0.00053,0.00273,0.0,0.0,6206,9830,5008,8840
88.27,-0.00944,-0.01603,2.026,0.0186,2.34476,28.81,0.04933,-0.0251,3.775,0.05534,2.27783,20.8,0.0,0.0,2.128,0.0,0.0,200.84,-0.00975,-0.01511,2.124,0.01798,2.34404,28.81,-0.005,-1.661,170,0.3169,0.0413,9.7549,-0.0022,-0.00127,0.00726,0.0,0.0,6207,9830,5009,8842
88.52,-0.00898,-0.01643,2.025,0.01872,2.34476,28.81,0.04955,-0.02509,3.814,0.05554,2.27783,20.8,0.0,0.0,2.128,0.0,0.0,200.84,-0.00929,-0.01551,2.118,0.01808,2.34404,28.81,0.038,-1.498,170,0.1885,-0.07,9.8231,-0.0018,-0.00419,-0.0028,0.0064,0.0126,6210,9833,5012,8844
88.77,-0.00602,-0.01652,2.027,0.01759,2.34476,28.81,0.05176,-0.02494,3.764,0.05746,2.27783,20.8,0.0,0.0,2.115,0.0,0.0,200.84,-0.00633,-0.0156,2.11,0.01684,2.34404,28.81,-0.039,-1.831,170,0.3062,-0.0099,9.736,-0.00539,-0.00439,0.01005,0.0043,0.0,6227,9851,5029,8863
89.02,-0.00616,-0.0162,2.049,0.01734,2.34476,28.99,0.05187,-0.02493,3.764,0.05755,2.27783,19.0,0.0,0.0,2.135,0.0,0.0,200.95,-0.00647,-0.01528,2.138,0.0166,2.34404,28.99,-0.035,-1.712,170,0.1454,-0.0198,9.8007,-0.00047,0.00646,0.00073,0.0,0.0,6229,9852,5032,8865
89.27,-0.00606,-0.01597,2.061,0.01708,2.34476,28.99,0.05187,-0.02493,3.764,0.05755,2.27783,19.0,0.0,0.0,2.133,0.0,0.0,200.95,-0.00637,-0.01504,2.134,0.01634,2.34404,28.99,-0.04,-1.64,161,0.3322,-0.0305,9.7854,-0.00313,0.00107,0.00186,0.0,0.0,6229,9852,5032,8865
89.52,-0.00613,-0.01601,2.063,0.01715,2.34476,28.99,0.05187,-0.02493,3.764,0.05755,2.27783,19.0,0.0,0.0,2.137,0.0,0.0,200.95,-0.00644,-0.01509,2.138,0.01641,2.34404,28.99,-0.019,-1.589,161,0.2738,0.026,9.7504,-0.00133,0.0028,0.00439,0.0,0.0,6229,9852,5032,8865
89.77,-0.00604,-0.01596,2.062,0.01706,2.34476,28.99,0.05187,-0.02493,3.764,0.05755,2.27783,19.0,0.0,0.0,2.142,0.0,0.0,200.95,-0.00635,-0.01503,2.144,0.01632,2.34404,28.99,-0.013,-1.577,161,0.2424,0.0377,9.7208,-0.00206,0.00233,-0.00213,0.0,0.0,6229,9852,5032,8865
90.02,-0.00619,-0.01616,2.068,0.0173,2.34476,28.99,0.05187,-0.02493,3.764,0.05755,2.27783,19.0,0.0,0.0,2.146,0.0,0.0,200.95,-0.00649,-0.01524,2.142,0.01656,2.34404,28.99,0.006,-1.608,161,0.2218,-0.0054,9.7585,-0.00253,0.00053,0.00206,0.0,0.0,6229,9852,5032,8865
90.27,-0.00677,-0.01619,2.061,0.01754,2.34476,30.39,0.05187,-0.02493,3.764,0.05755,2.27783,20.79,0.0,0.0,2.153,0.0,0.0,199.13,-0.00708,-0.01526,2.154,0.01683,2.34404,30.39,0.012,-1.638,154,0.2954,0.035,9.7405,-0.00486,-0.00233,0.00133,0.0,0.0,6229,9852,5032,8865
90.52,-0.00716,-0.01625,2.06,0.01776,2.34476,30.39,0.05187,-0.02493,3.764,0.05755,2.27783,20.79,0.0,0.0,2.146,0.0,0.0,199.13,-0.00747,-0.01533,2.144,0.01705,2.34404,30.39,-0.008,-1.659,154,0.2505,-0.0054,9.7208,-0.00479,0.00107,0.00606,0.0,0.0,6229,9852,5032,8865
90.77,-0.00718,-0.01633,2.062,0.01783,2.34476,30.39,0.05187,-0.02493,3.764,0.05755,2.27783,20.79,0.0,0.0,2.153,0.0,0.0,199.13,-0.00749,-0.0154,2.154,0.01713,2.34404,30.39,-0.034,-1.634,154,0.29,0.0117,9.7414,-0.00253,0.0008,0.0032,0.0,0.0,6229,9852,5032,8865
91.02,-0.00718,-0.01611,2.055,0.01763,2.34476,30.39,0.05187,-0.02493,3.764,0.05755,2.27783,20.79,0.0,0.0,2.144,0.0,0.0,199.13,-0.00749,-0.01519,2.147,0.01693,2.34404,30.39,-0.012,-1.669,154,0.2568,0.0242,9.7208,-0.00333,-0.00213,0.00326,0.0,0.0,6229,9852,5032,8865
91.271,-0.00718,-0.01605,2.055,0.01758,2.34476,29.99,0.05187,-0.02493,3.764,0.05755,2.27783,19.99,0.0,0.0,2.14,0.0,0.0,200.94,-0.00749,-0.01513,2.139,0.01688,2.34404,29.99,-0.006,-1.654,148,0.2442,0.0215,9.7621,-0.00439,-0.00013,0.0036,0.0,0.0,6229,9852,5032,8865
91.52,-0.00747,-0.01624,2.06,0.01788,2.34476,29.99,0.05187,-0.02493,3.764,0.05755,2.27783,19.99,0.0,0.0,2.154,0.0,0.0,200.94,-0.00778,-0.01532,2.152,0.01719,2.34404,29.99,-0.043,-1.592,148,0.2999,-0.018,9.7872,0.0004,-0.00253,0.00393,0.0,0.0,6229,9852,5032,8865
91.77,-0.00737,-0.01616,2.06,0.01777,2.34476,29.99,0.05187,-0.02493,3.764,0.05755,2.27783,19.99,0.0,0.0,2.156,0.0,0.0,200.94,-0.00768,-0.01524,2.152,0.01707,2.34404,29.99,-0.018,-1.556,148,0.2693,0.0287,9.7118,-0.00386,-0.00566,0.00459,0.0,0.0,6229,9852,5032,8865
92.02,-0.00696,-0.01603,2.06,0.01747,2.34476,29.99,0.05187,-0.02493,3.764,0.05755,2.27783,19.99,0.0,0.0,2.15,0.0,0.0,200.94,-0.00726,-0.01511,2.149,0.01676,2.34404,29.99,0.036,-1.568,148,0.3026,-0.0135,9.7244,-0.00466,0.00246,0.0028,0.0,0.0,6229,9852,5032,8865
92.27,-0.00708,-0.01599,2.055,0.01748,2.34476,29.99,0.05187,-0.02493,3.764,0.05755,2.27783,19.99,0.0,0.0,2.141,0.0,0.0,200.94,-0.00739,-0.01507,2.142,0.01678,2.34404,29.99,0.009,-1.604,144,0.2702,-0.0144,9.7441,-0.00013,-0.00306,0.00093,0.0,0.0,6229,9852,5032,8865
92.52,-0.00745,-0.01606,2.05,0.0177,2.34476,29.62,0.05187,-0.02493,3.764,0.05755,2.27783,20.01,0.0,0.0,2.136,0.0,0.0,200.94,-0.00776,-0.01513,2.141,0.01701,2.34404,29.62,-0.045,-1.618,144,0.2909,0.0215,9.7486,-0.00286,-0.00073,-0.00293,0.0,0.0,6229,9852,5032,8865
92.77,-0.00745,-0.016,2.049,0.01765,2.34476,29.62,0.05187,-0.02493,3.764,0.05755,2.27783,20.01,0.0,0.0,2.134,0.0,0.0,200.94,-0.00776,-0.01508,2.134,0.01696,2.34404,29.62,0.015,-1.575,144,0.2909,-0.0341,9.7639,-7e-05,-0.0012,0.003,0.0,0.0,6229,9852,5032,8865
93.02,-0.00737,-0.01581,2.034,0.01744,2.34476,29.62,0.05187,-0.02493,3.764,0.05755,2.27783,20.01,0.0,0.0,2.162,0.0,0.0,200.94,-0.00768,-0.01489,2.155,0.01675,2.34404,29.62,0.036,-1.594,144,0.2999,0.0539,9.7773,-0.00346,-0.01005,0.00073,0.0,0.0,6229,9852,5032,8865
93.27,-0.00782,-0.01583,2.025,0.01766,2.34476,29.62,0.05225,-0.02491,3.893,0.05788,2.27783,20.01,0.0,0.0,2.207,0.0,0.0,200.94,-0.00813,-0.01491,2.203,0.01698,2.34404,29.62,-0.012,-1.687,141,0.2164,0.0485,9.7719,-0.00366,-0.00399,0.00613,0.0,0.0,6230,9853,5034,8868
93.52,-0.00773,-0.01575,2.024,0.01754,2.34476,29.62,0.05248,-0.02489,3.895,0.05808,2.27783,20.01,0.0,0.0,2.198,0.0,0.0,200.94,-0.00804,-0.01483,2.195,0.01687,2.34404,29.62,-0.068,-1.745,141,0.3017,-0.0521,9.6956,-0.00286,-7e-05,0.0026,0.0,0.0,6230,9854,5035,8869
93.77,-0.00758,-0.01579,2.03,0.01752,2.34476,30.39,0.05258,-0.02488,3.858,0.05818,2.27783,20.0,0.0,0.0,2.205,0.0,0.0,199.96,-0.00789,-0.01487,2.209,0.01683,2.34404,30.39,-0.06,-1.73,141,0.2819,-0.0467,9.6956,-0.00333,0.00067,-0.00286,0.0,0.0,6231,9855,5037,8869
94.02,-0.00769,-0.01566,2.029,0.01745,2.34476,30.39,0.05258,-0.02488,3.858,0.05818,2.27783,20.0,0.0,0.0,2.226,0.0,0.0,199.96,-0.008,-0.01474,2.224,0.01677,2.34404,30.39,-0.062,-1.739,141,0.1805,-0.0144,9.7037,-0.00286,-0.0014,0.00586,0.0,0.0,6231,9855,5037,8870
94.27,-0.00783,-0.01515,2.018,0.01705,2.34476,30.39,0.05305,-0.02485,3.911,0.05859,2.27783,20.0,0.0,0.0,2.277,0.0,0.0,199.96,-0.00814,-0.01423,2.279,0.0164,2.34404,30.39,-0.027,-1.661,135,0.2083,0.0835,9.7414,-0.00353,-0.00346,-0.00446,0.0064,0.0126,6233,9857,5042,8875
94.52,-0.00737,-0.01565,2.04,0.0173,2.34476,30.39,0.0536,-0.02481,3.912,0.05906,2.27783,20.0,0.0,0.0,2.258,0.0,0.0,199.96,-0.00768,-0.01473,2.253,0.01661,2.34404,30.39,0.02,-1.766,135,0.5988,0.0494,9.7396,-0.00067,0.01272,0.00453,0.0,0.0,6236,9861,5044,8876
94.77,-0.00702,-0.0147,2.012,0.01629,2.34476,30.39,0.0536,-0.02481,3.912,0.05906,2.27783,20.0,0.0,0.0,2.233,0.0,0.0,199.96,-0.00734,-0.01378,2.233,0.01561,2.34404,30.39,-0.017,-1.597,135,0.3304,-0.0215,9.7585,-0.00186,-0.00013,0.00146,0.0,0.0,6236,9861,5044,8876
95.02,-0.00703,-0.01439,1.999,0.01601,2.34476,28.81,0.0536,-0.02481,3.912,0.05906,2.27783,19.2,0.0,0.0,2.222,0.0,0.0,200.84,-0.00735,-0.01347,2.23,0.01534,2.34404,28.81,-0.057,-1.579,135,0.2532,-0.0135,9.7683,-0.00666,0.00186,0.0008,0.0,0.0,6236,9861,5044,8876
95.27,-0.00741,-0.01511,2.027,0.01683,2.34476,28.81,0.0536,-0.02481,3.912,0.05906,2.27783,19.2,0.0,0.0,2.223,0.0,0.0,200.84,-0.00772,-0.01419,2.222,0.01615,2.34404,28.81,-0.034,-1.612,130,0.2693,-0.0404,9.7217,-0.00399,-0.0014,0.00333,0.0,0.0,6236,9861,5044,8876
95.52,-0.00652,-0.01436,2.012,0.01577,2.34476,28.81,0.0536,-0.02481,3.912,0.05906,2.27783,19.2,0.0,0.0,2.241,0.0,0.0,200.84,-0.00684,-0.01344,2.243,0.01508,2.34404,28.81,0.003,-1.629,130,0.325,0.0395,9.763,-0.0036,0.00153,-0.0016,0.0,0.0,6236,9861,5044,8876
95.77,-0.00641,-0.01423,2.008,0.01561,2.34476,28.81,0.0536,-0.02481,3.912,0.05906,2.27783,19.2,0.0,0.0,2.236,0.0,0.0,200.84,-0.00673,-0.01331,2.236,0.01491,2.34404,28.81,0.002,-1.639,130,0.2263,0.0278,9.7199,-0.00306,-0.00073,0.00399,0.0,0.0,6236,9861,5044,8876
96.02,-0.00633,-0.01412,2.006,0.01547,2.34985,30.0,0.0536,-0.02481,3.912,0.05906,2.27783,21.0,0.0,0.0,2.241,0.0,0.0,199.99,-0.00665,-0.01319,2.237,0.01477,2.34914,30.0,0.029,-1.642,130,0.2559,0.0036,9.763,-0.00273,-0.00186,0.00113,0.0,0.0,6236,9861,5044,8876
96.27,-0.00833,-0.01493,1.995,0.0171,2.34985,30.0,0.0531,-0.02485,3.818,0.05862,2.27783,21.0,0.0,0.0,2.22,0.0,0.0,199.99,-0.00864,-0.01402,2.218,0.01646,2.34914,30.0,-0.073,-1.653,115,0.3439,-0.1239,9.798,-0.00466,0.01012,0.0022,0.0,0.0,6236,9860,5040,8873
96.52,-0.00843,-0.01561,2.031,0.01774,2.34985,30.0,0.0531,-0.02485,3.818,0.05862,2.27783,21.0,0.0,0.0,2.245,0.0,0.0,199.99,-0.00874,-0.01469,2.208,0.0171,2.34914,30.0,-0.019,-1.465,115,0.1589,0.0709,9.7782,-0.00692,0.01338,0.01478,0.0,0.0,6236,9860,5040,8873
96.77,-0.00733,-0.01493,2.139,0.01663,2.34985,30.0,0.0541,-0.02478,4.12,0.0595,2.27783,21.0,0.0,0.0,2.424,0.0,0.0,199.99,-0.00765,-0.01401,2.415,0.01596,2.34914,30.0,-0.041,-1.552,115,0.2837,0.0162,9.6624,-0.00326,0.00273,0.01245,0.0107,0.0378,6237,9861,5053,8883
97.02,-0.0063,-0.01508,2.239,0.01634,2.34985,28.99,0.05615,-0.02463,4.231,0.06131,2.27783,19.99,0.0,0.0,2.48,0.0,0.0,199.91,-0.00662,-0.01415,2.503,0.01562,2.34914,28.99,0.004,-1.611,115,0.4552,0.0341,9.7639,-0.003,-0.00393,-0.01878,0.0107,-0.0126,6245,9870,5066,8893
97.27,-0.00541,-0.01564,2.248,0.01655,2.34985,28.99,0.05641,-0.02461,4.213,0.06154,2.27783,19.99,0.0,0.0,2.445,0.0,0.0,199.91,-0.00573,-0.0147,2.444,0.01578,2.34914,28.99,-0.045,-1.746,237,0.2774,0.0135,9.7235,-0.00406,-0.00253,0.00246,0.0,0.0,6250,9874,5069,8896
97.52,-0.00539,-0.01626,2.229,0.01713,2.34985,28.99,0.05641,-0.02461,4.213,0.06154,2.27783,19.99,0.0,0.0,2.318,0.0,0.0,199.91,-0.0057,-0.01533,2.333,0.01636,2.34914,28.99,-0.069,-1.618,237,0.202,-0.07,9.7935,-0.00373,0.00293,0.002,0.0,0.0,6250,9874,5069,8896
97.77,-0.00528,-0.01561,2.166,0.01648,2.34985,28.99,0.05641,-0.02461,4.213,0.06154,2.27783,19.99,0.0,0.0,2.317,0.0,0.0,199.91,-0.0056,-0.01468,2.317,0.01571,2.34914,28.99,-0.045,-1.607,237,0.3133,-0.0018,9.7719,-0.00766,-0.00759,-0.0008,0.0,0.0,6250,9874,5067,8896
98.02,-0.00536,-0.01473,2.138,0.01568,2.34985,28.99,0.05641,-0.02461,4.213,0.06154,2.27783,19.99,0.0,0.0,2.36,0.0,0.0,199.91,-0.00567,-0.0138,2.354,0.01492,2.34914,28.99,-0.019,-1.682,237,0.2649,0.0763,9.7656,-0.0032,-0.00233,0.00672,0.0,0.0,6250,9874,5067,8896
98.27,-0.00504,-0.01546,2.232,0.01626,2.34985,30.41,0.05646,-0.0246,4.23,0.06159,2.27783,20.01,0.0,0.0,2.406,0.0,0.0,199.26,-0.00535,-0.01453,2.408,0.01548,2.34914,30.41,0.015,-1.649,234,0.3071,0.1275,9.7396,-0.00386,0.00266,-0.00226,0.0021,0.0126,6250,9875,5068,8898
98.52,-0.00451,-0.01466,2.216,0.01534,2.34985,30.41,0.05701,-0.02456,4.305,0.06207,2.27783,20.01,0.0,0.0,2.487,0.0,0.0,199.26,-0.00483,-0.01372,2.489,0.01455,2.34914,30.41,-0.011,-1.703,234,0.2271,0.0009,9.7737,-0.00186,0.00546,-0.00213,0.0064,0.0126,6254,9880,5074,8904
98.77,-0.00142,-0.01516,2.301,0.01522,2.35489,30.41,0.06021,-0.02432,4.34,0.06494,2.28342,20.01,0.0,0.0,2.596,0.0,0.0,199.26,-0.00173,-0.01421,2.592,0.01431,2.35417,30.41,-0.019,-1.531,234,0.1553,0.0314,9.6211,-0.00573,-0.00932,0.00513,0.0193,0.0126,6274,9900,5096,8928
99.021,0.00444,-0.01549,2.452,0.01612,2.36001,30.41,0.06705,-0.02377,4.699,0.07114,2.2889,20.01,0.0,0.0,2.711,0.0,0.0,199.26,0.00413,-0.01451,2.69,0.01509,2.35929,30.41,0.03,-1.815,234,0.3528,0.1697,9.7755,-0.00473,0.00273,-0.00146,0.0214,0.0252,6305,9933,5133,8963
99.27,0.00863,-0.01404,2.452,0.01648,2.36513,30.41,0.06952,-0.02357,4.713,0.07341,2.2889,20.01,0.0,0.0,2.741,0.0,0.0,199.26,0.0083,-0.01305,2.738,0.01547,2.36441,30.41,0.01,-2.033,217,0.3394,0.0036,9.7315,-0.00206,-0.0002,0.00659,0.0,0.0,6322,9949,5151,8980
99.52,0.00869,-0.01404,2.472,0.01651,2.36513,29.61,0.06988,-0.02354,4.75,0.07373,2.29394,19.2,0.0,0.0,2.753,0.0,0.0,201.64,0.00836,-0.01304,2.751,0.01549,2.36441,29.61,0.013,-1.831,217,0.3277,-0.0251,9.7369,-0.0034,0.0008,-0.00113,0.0,0.0,6322,9950,5153,8981
99.77,0.00912,-0.01381,2.478,0.01655,2.36513,29.61,0.06988,-0.02354,4.75,0.07373,2.29394,19.2,0.0,0.0,2.778,0.0,0.0,201.64,0.00879,-0.01282,2.777,0.01554,2.36441,29.61,-0.053,-1.736,217,0.2981,0.0171,9.7648,-0.00799,0.0022,0.00672,0.0,0.0,6322,9950,5153,8981
100.02,0.00897,-0.01389,2.482,0.01653,2.36513,29.61,0.06988,-0.02354,4.75,0.07373,2.29394,19.2,0.0,0.0,2.795,0.0,0.0,201.64,0.00865,-0.01289,2.782,0.01552,2.36441,29.61,-0.037,-1.691,217,0.2604,0.009,9.6902,-0.00732,-0.00486,0.00519,0.0,0.0,6322,9950,5153,8981
100.27,0.0101,-0.01311,2.497,0.01655,2.36513,29.61,0.07203,-0.02336,4.804,0.07572,2.29394,19.2,0.0,0.0,2.886,0.0,0.0,201.64,0.00977,-0.01211,2.879,0.01556,2.36441,29.61,-0.058,-1.377,205,0.0251,0.0512,9.6606,-0.0028,-0.01059,0.00992,0.0235,0.0126,6332,9961,5166,8995
100.52,0.01501,-0.0141,2.687,0.02059,2.37072,29.0,0.07796,-0.02285,4.892,0.08124,2.30102,21.0,0.0,0.0,3.032,0.0,0.0,199.97,0.01468,-0.01307,3.008,0.01965,2.37,29.0,-0.014,-1.582,205,0.3331,0.1688,9.8105,-0.00206,0.0018,0.00559,0.0235,0.0126,6362,9993,5203,9030
100.77,0.01986,-0.01437,2.804,0.02451,2.37594,29.0,0.08199,-0.02251,4.966,0.08502,2.30639,21.0,0.0,0.0,3.099,0.0,0.0,199.97,0.01953,-0.0133,3.098,0.02363,2.37521,29.0,0.025,-1.883,205,0.4193,0.0611,9.7639,-0.00433,0.00446,0.00679,0.0064,-0.0126,6387,10018,5231,9058
101.02,0.02053,-0.01437,2.816,0.02506,2.37594,29.0,0.08226,-0.02248,4.984,0.08528,2.30639,21.0,0.0,0.0,3.092,0.0,0.0,199.97,0.02021,-0.01331,3.091,0.02419,2.37521,29.0,0.049,-1.795,205,0.2316,-0.0117,9.7486,-0.00639,0.00067,-0.00047,0.0,0.0,6390,10021,5234,9060
101.27,0.02071,-0.01394,2.794,0.02497,2.37594,29.0,0.08226,-0.02248,4.984,0.08528,2.30639,21.0,0.0,0.0,3.058,0.0,0.0,199.97,0.02038,-0.01288,3.061,0.02411,2.37521,29.0,0.001,-1.645,195,0.2298,-0.0054,9.7154,-0.00812,0.00246,-0.00067,0.0,0.0,6390,10021,5234,9060
101.521,0.02065,-0.01375,2.772,0.02481,2.37594,28.98,0.08226,-0.02248,4.984,0.08528,2.30639,19.98,0.0,0.0,3.044,0.0,0.0,200.84,0.02032,-0.01269,3.046,0.02395,2.37521,28.98,0.091,-1.564,195,0.3735,-0.0224,9.7163,-0.00606,-0.0002,-0.00446,0.0,0.0,6390,10021,5234,9060
101.77,0.02042,-0.01398,2.739,0.02475,2.37594,28.98,0.08226,-0.02248,4.984,0.08528,2.30639,19.98,0.0,0.0,2.997,0.0,0.0,200.84,0.02009,-0.01292,2.993,0.02388,2.37521,28.98,0.07,-1.478,195,0.2747,-0.0395,9.7899,-0.0024,-0.00839,0.00659,0.0,0.0,6390,10021,5234,9060
102.02,0.02021,-0.0135,2.723,0.0243,2.37594,28.98,0.08226,-0.02248,4.984,0.08528,2.30639,19.98,0.0,0.0,3.007,0.0,0.0,200.84,0.01988,-0.01243,3.009,0.02345,2.37521,28.98,0.11,-1.567,195,0.2667,0.0206,9.7585,0.0036,-0.00013,0.00047,0.0,0.0,6390,10021,5234,9060
102.27,0.01991,-0.0144,2.75,0.02457,2.37594,28.98,0.08226,-0.02248,4.984,0.08528,2.30639,19.98,0.0,0.0,2.982,0.0,0.0,200.84,0.01958,-0.01334,2.982,0.02369,2.37521,28.98,0.058,-1.534,186,0.3053,-0.0045,9.6813,-0.00366,0.0032,-0.00047,0.0,0.0,6390,10021,5234,9060
102.52,0.01986,-0.01433,2.747,0.0245,2.37594,28.98,0.08226,-0.02248,4.984,0.08528,2.30639,19.98,0.0,0.0,2.967,0.0,0.0,200.84,0.01954,-0.01327,2.964,0.02362,2.37521,28.98,0.083,-1.582,186,0.308,0.0332,9.7701,-0.00226,-0.0024,0.001,0.0,0.0,6390,10021,5234,9060
102.77,0.01938,-0.01425,2.729,0.02405,2.37594,30.41,0.08226,-0.02248,4.984,0.08528,2.30639,20.01,0.0,0.0,2.953,0.0,0.0,199.29,0.01905,-0.01319,2.954,0.02317,2.37521,30.41,0.055,-1.638,186,0.3843,0.0287,9.7935,-0.00579,0.00772,-0.00186,0.0,0.0,6390,10021,5234,9060
103.02,0.01924,-0.01423,2.728,0.02393,2.37594,30.41,0.08226,-0.02248,4.984,0.08528,2.30639,20.01,0.0,0.0,2.959,0.0,0.0,199.29,0.01892,-0.01317,2.957,0.02305,2.37521,30.41,0.05,-1.615,186,0.3151,0.0198,9.7549,-0.0034,0.00153,-0.00213,0.0,0.0,6390,10021,5234,9060
103.27,0.0189,-0.01447,2.737,0.0238,2.37594,30.41,0.08226,-0.02248,4.984,0.08528,2.30639,20.01,0.0,0.0,2.951,0.0,0.0,199.29,0.01857,-0.01342,2.952,0.02291,2.37521,30.41,0.004,-1.615,179,0.3071,-0.0557,9.6516,0.00659,-0.00479,0.00566,0.0,0.0,6390,10021,5234,9060
103.52,0.01871,-0.01456,2.745,0.02371,2.37594,30.41,0.08226,-0.02248,4.984,0.08528,2.30639,20.01,0.0,0.0,2.917,0.0,0.0,199.29,0.01838,-0.01351,2.92,0.02281,2.37521,30.41,0.006,-1.573,179,0.3142,0.0521,9.763,0.00087,0.00113,-0.00306,0.0,0.0,6390,10021,5234,9060
103.77,0.01852,-0.01454,2.746,0.02355,2.37594,30.41,0.08226,-0.02248,4.984,0.08528,2.30639,20.01,0.0,0.0,2.91,0.0,0.0,199.29,0.0182,-0.01348,2.909,0.02265,2.37521,30.41,0.013,-1.568,179,0.2729,0.0826,9.7665,-0.00812,0.00353,0.00313,0.0,0.0,6390,10021,5234,9060
104.02,0.01829,-0.01449,2.749,0.02334,2.37594,29.61,0.08226,-0.02248,4.984,0.08528,2.30639,19.2,0.0,0.0,2.902,0.0,0.0,200.84,0.01797,-0.01344,2.898,0.02244,2.37521,29.61,0.042,-1.488,179,0.1517,0.0799,9.7495,-0.00792,-0.00253,0.00253,0.0,0.0,6390,10021,5234,9060
104.27,0.01801,-0.01476,2.74,0.02328,2.37594,29.61,0.08226,-0.02248,4.984,0.08528,2.30639,19.2,0.0,0.0,2.889,0.0,0.0,200.84,0.01768,-0.0137,2.887,0.02237,2.37521,29.61,0.045,-1.586,167,0.2442,-0.0224,9.7656,-0.00373,-0.003,0.00453,0.0,0.0,6390,10021,5233,9060
104.52,0.01738,-0.01528,2.754,0.02314,2.37594,29.61,0.08226,-0.02248,4.984,0.08528,2.30639,19.2,0.0,0.0,2.908,0.0,0.0,200.84,0.01706,-0.01423,2.906,0.02221,2.37521,29.61,0.084,-1.596,167,0.3151,0.0045,9.7369,-0.00419,-0.00566,-0.00266,0.0,0.0,6390,10021,5233,9060
104.77,0.01737,-0.01535,2.757,0.02318,2.37594,29.61,0.08226,-0.02248,4.984,0.08528,2.30639,19.2,0.0,0.0,2.901,0.0,0.0,200.84,0.01704,-0.01429,2.903,0.02224,2.37521,29.61,0.074,-1.559,167,0.1993,-0.026,9.6974,-0.00293,0.00233,-7e-05,0.0,0.0,6390,10021,5233,9060
105.02,0.01679,-0.01575,2.77,0.02302,2.37594,29.61,0.08226,-0.02248,4.984,0.08528,2.30639,19.2,0.0,0.0,2.924,0.0,0.0,200.84,0.01647,-0.0147,2.922,0.02208,2.37521,29.61,0.089,-1.539,167,0.2271,0.0593,9.6911,-0.00293,0.00133,0.0024,0.0,0.0,6390,10021,5233,9060
105.271,0.01619,-0.01651,2.793,0.02312,2.37594,29.58,0.08226,-0.02248,4.984,0.08528,2.30639,20.79,0.0,0.0,2.915,0.0,0.0,199.89,0.01587,-0.01546,2.914,0.02215,2.37521,29.58,0.095,-1.593,163,0.264,0.0359,9.7639,-0.00519,-0.00266,0.00213,0.0,0.0,6390,10021,5233,9060
105.52,0.016,-0.01696,2.807,0.02332,2.37594,29.58,0.08226,-0.02248,4.984,0.08528,2.30639,20.79,0.0,0.0,2.924,0.0,0.0,199.89,0.01568,-0.01591,2.924,0.02234,2.37521,29.58,0.05,-1.58,163,0.2209,0.0144,9.7782,-0.00373,0.001,0.00659,0.0,0.0,6390,10021,5233,9060
105.77,0.0161,-0.01693,2.805,0.02336,2.37594,29.58,0.08226,-0.02248,4.984,0.08528,2.30639,20.79,0.0,0.0,2.92,0.0,0.0,199.89,0.01578,-0.01588,2.921,0.02239,2.37521,29.58,0.111,-1.571,163,0.2263,0.0476,9.7683,-0.00113,-0.0002,0.00047,0.0,0.0,6390,10021,5233,9060
106.02,0.01632,-0.01666,2.797,0.02332,2.37594,29.58,0.08226,-0.02248,4.984,0.08528,2.30639,20.79,0.0,0.0,2.925,0.0,0.0,199.89,0.016,-0.01561,2.919,0.02235,2.37521,29.58,0.034,-1.57,163,0.3151,-0.0242,9.7531,-0.00546,-0.0004,-0.00133,0.0,0.0,6390,10021,5233,9060
106.27,0.01658,-0.01669,2.801,0.02353,2.37594,29.58,0.08226,-0.02248,4.984,0.08528,2.30639,20.79,0.0,0.0,2.938,0.0,0.0,199.89,0.01626,-0.01564,2.935,0.02256,2.37521,29.58,0.056,-1.596,158,0.2245,-0.0215,9.7576,-0.00233,-0.00073,0.00672,0.0,0.0,6390,10021,5233,9060
106.52,0.01632,-0.01683,2.803,0.02344,2.37594,29.62,0.08226,-0.02248,4.984,0.08528,2.30639,20.01,0.0,0.0,2.924,0.0,0.0,200.91,0.016,-0.01578,2.929,0.02247,2.37521,29.62,0.053,-1.573,158,0.2765,0.0539,9.7019,-0.00706,-0.0002,-0.0016,0.0,0.0,6390,10021,5233,9060
106.77,0.01609,-0.01718,2.812,0.02354,2.37594,29.62,0.08226,-0.02248,4.984,0.08528,2.30639,20.01,0.0,0.0,2.915,0.0,0.0,200.91,0.01578,-0.01613,2.914,0.02256,2.37521,29.62,0.09,-1.613,158,0.2451,0.1077,9.7297,-0.00266,0.00073,0.0032,0.0,0.0,6390,10021,5233,9060
107.021,0.01615,-0.01719,2.81,0.02359,2.37594,29.62,0.08226,-0.02248,4.984,0.08528,2.30639,20.01,0.0,0.0,2.93,0.0,0.0,200.91,0.01584,-0.01614,2.929,0.02261,2.37521,29.62,0.088,-1.574,158,0.2532,0.0646,9.7558,-0.00033,-0.00146,-0.00253,0.0,0.0,6390,10021,5233,9060
107.27,0.01582,-0.01727,2.806,0.02342,2.37594,29.62,0.08226,-0.02248,4.984,0.08528,2.30639,20.01,0.0,0.0,2.92,0.0,0.0,200.91,0.0155,-0.01622,2.919,0.02244,2.37521,29.62,0.07,-1.566,150,0.2801,-0.0018,9.7827,-0.00206,0.0024,0.00346,0.0,0.0,6390,10021,5233,9060
107.52,0.01577,-0.01741,2.81,0.02349,2.37594,29.99,0.08226,-0.02248,4.984,0.08528,2.30639,19.99,0.0,0.0,2.926,0.0,0.0,200.92,0.01545,-0.01637,2.925,0.0225,2.37521,29.99,0.088,-1.617,150,0.2765,-0.0009,9.7674,-0.00206,-0.00093,0.00073,0.0,0.0,6390,10021,5233,9060
107.77,0.01562,-0.0177,2.819,0.02361,2.37594,29.99,0.08226,-0.02248,4.984,0.08528,2.30639,19.99,0.0,0.0,2.913,0.0,0.0,200.92,0.0153,-0.01665,2.914,0.02261,2.37521,29.99,0.045,-1.65,150,0.2954,-0.0153,9.7315,-0.00699,-0.0016,0.00133,0.0,0.0,6390,10021,5233,9060
108.02,0.01478,-0.01845,2.837,0.02364,2.38098,29.99,0.08226,-0.02248,4.984,0.08528,2.30639,19.99,0.0,0.0,2.919,0.0,0.0,200.92,0.01446,-0.0174,2.919,0.02263,2.38026,29.99,-0.008,-1.606,150,0.2424,0.0862,9.7279,-0.00306,-0.00027,-0.00153,0.0,0.0,6390,10021,5233,9060
108.27,0.01428,-0.01897,2.847,0.02374,2.38098,29.99,0.08226,-0.02248,4.984,0.08528,2.30639,19.99,0.0,0.0,2.916,0.0,0.0,200.92,0.01396,-0.01792,2.914,0.02272,2.38026,29.99,-0.009,-1.62,140,0.2191,0.0449,9.7468,-0.0002,-0.00266,0.00419,0.0,0.0,6390,10021,5233,9060
108.52,0.01376,-0.01963,2.861,0.02397,2.38098,30.0,0.08226,-0.02248,4.984,0.08528,2.30639,20.0,0.0,0.0,2.906,0.0,0.0,200.0,0.01345,-0.01859,2.906,0.02294,2.38026,30.0,0.121,-1.623,140,0.2595,0.0682,9.7612,-0.00459,-0.00047,-0.00652,0.0,0.0,6390,10021,5233,9060
108.77,0.01259,-0.02067,2.882,0.0242,2.38098,30.0,0.08226,-0.02248,4.984,0.08528,2.30639,20.0,0.0,0.0,2.904,0.0,0.0,200.0,0.01227,-0.01962,2.905,0.02314,2.38026,30.0,0.086,-1.619,140,0.2676,0.0682,9.7495,-0.00499,-0.00133,0.00153,0.0,0.0,6390,10021,5233,9060
109.02,0.01259,-0.02067,2.882,0.0242,2.38098,30.0,0.08226,-0.02248,4.984,0.08528,2.30639,20.0,0.0,0.0,2.9,0.0,0.0,200.0,0.01227,-0.01962,2.899,0.02315,2.38026,30.0,0.091,-1.611,140,0.3466,0.0395,9.7701,-0.00499,-0.00073,0.00047,0.0,0.0,6390,10021,5233,9060
109.27,0.01242,-0.02068,2.88,0.02412,2.38098,30.0,0.08226,-0.02248,4.984,0.08528,2.30639,20.0,0.0,0.0,2.894,0.0,0.0,200.0,0.01211,-0.01963,2.895,0.02307,2.38026,30.0,0.075,-1.607,138,0.2532,0.0323,9.7279,-0.00386,-0.00127,-0.0006,0.0,0.0,6390,10021,5233,9060
109.52,0.01237,-0.02076,2.882,0.02417,2.38098,30.0,0.08226,-0.02248,4.984,0.08528,2.30639,20.0,0.0,0.0,2.882,0.0,0.0,200.0,0.01205,-0.01972,2.887,0.02311,2.38026,30.0,0.054,-1.568,138,0.2972,0.0117,9.7333,-0.00399,-7e-05,-0.0038,0.0,0.0,6390,10021,5233,9060
109.77,0.01194,-0.021,2.884,0.02416,2.38098,30.41,0.08226,-0.02248,4.984,0.08528,2.30639,20.0,0.0,0.0,2.882,0.0,0.0,200.04,0.01163,-0.01995,2.88,0.02309,2.38026,30.41,0.055,-1.621,138,0.2343,-0.0171,9.7863,-0.00466,-0.00133,0.00573,0.0,0.0,6390,10021,5233,9060
110.02,0.01155,-0.02144,2.894,0.02435,2.38607,30.41,0.08226,-0.02248,4.984,0.08528,2.30639,20.0,0.0,0.0,2.888,0.0,0.0,200.04,0.01123,-0.0204,2.888,0.02328,2.38534,30.41,0.021,-1.586,138,0.3008,-0.0763,9.6893,-0.00127,0.00173,-0.0034,0.0,0.0,6390,10021,5233,9060
110.27,0.01145,-0.02185,2.906,0.02467,2.38607,30.41,0.08226,-0.02248,4.984,0.08528,2.30639,20.0,0.0,0.0,2.89,0.0,0.0,200.04,0.01113,-0.02081,2.891,0.0236,2.38534,30.41,0.024,-1.61,134,0.2882,0.0081,9.7513,-0.0016,-0.00107,-0.00393,0.0,0.0,6390,10021,5233,9060
110.52,0.01096,-0.02251,2.929,0.02503,2.38607,30.41,0.08226,-0.02248,4.984,0.08528,2.30639,20.0,0.0,0.0,2.906,0.0,0.0,200.04,0.01064,-0.02146,2.906,0.02396,2.38534,30.41,0.013,-1.622,134,0.2864,0.0224,9.7782,-0.00073,-0.00206,-0.0024,0.0,0.0,6390,10021,5233,9060
110.77,0.01073,-0.02247,2.924,0.0249,2.38607,29.0,0.08226,-0.02248,4.984,0.08528,2.30639,19.0,0.0,0.0,2.91,0.0,0.0,200.0,0.01041,-0.02142,2.911,0.02382,2.38534,29.0,0.05,-1.563,134,0.2882,0.0619,9.7306,-0.00726,-0.0006,-0.00053,0.0,0.0,6390,10021,5233,9060
111.02,0.01048,-0.02231,2.906,0.02465,2.38607,29.0,0.08226,-0.02248,4.984,0.08528,2.30639,19.0,0.0,0.0,2.922,0.0,0.0,200.0,0.01017,-0.02126,2.914,0.02357,2.38534,29.0,0.074,-1.559,134,0.2774,0.0036,9.6741,-0.00133,-0.0018,0.00479,0.0,0.0,6390,10021,5233,9060
111.27,0.00961,-0.02309,2.928,0.02501,2.38607,29.0,0.08226,-0.02248,4.984,0.08528,2.30639,19.0,0.0,0.0,2.913,0.0,0.0,200.0,0.00929,-0.02205,2.914,0.02393,2.38534,29.0,0.063,-1.567,130,0.2873,0.053,9.6875,-0.00067,-0.00027,0.00107,0.0,0.0,6390,10021,5233,9060
111.52,0.00915,-0.0233,2.929,0.02503,2.38607,29.0,0.08226,-0.02248,4.984,0.08528,2.30639,19.0,0.0,0.0,2.917,0.0,0.0,200.0,0.00884,-0.02226,2.917,0.02395,2.38534,29.0,0.064,-1.546,130,0.2334,-0.018,9.7621,-0.00479,-0.00246,-0.00073,0.0,0.0,6390,10021,5233,9060
111.771,0.00915,-0.0233,2.929,0.02503,2.38607,28.98,0.08226,-0.02248,4.984,0.08528,2.30639,20.99,0.0,0.0,2.926,0.0,0.0,199.88,0.00884,-0.02226,2.927,0.02395,2.38534,28.98,-0.002,-1.625,130,0.2433,-0.0153,9.6561,-0.0012,0.00053,-0.0026,0.0,0.0,6390,10021,5233,9060
112.02,0.00896,-0.02349,2.934,0.02514,2.38607,28.98,0.08226,-0.02248,4.984,0.08528,2.30639,20.99,0.0,0.0,2.926,0.0,0.0,199.88,0.00865,-0.02244,2.929,0.02405,2.38534,28.98,0.06,-1.537,130,0.3053,0.0332,9.7324,-0.003,-0.00166,-0.00353,0.0,0.0,6390,10021,5233,9060
112.27,0.00789,-0.02413,2.945,0.02539,2.38607,28.98,0.08226,-0.02248,4.984,0.08528,2.30639,20.99,0.0,0.0,2.925,0.0,0.0,199.88,0.00758,-0.02309,2.925,0.0243,2.38534,28.98,0.004,-1.587,126,0.3115,0.0162,9.6911,-0.00513,-0.00333,0.00386,0.0,0.0,6390,10021,5233,9060
112.521,0.00738,-0.02452,2.956,0.02561,2.39109,28.98,0.08226,-0.02248,4.984,0.08528,2.30639,20.99,0.0,0.0,2.93,0.0,0.0,199.88,0.00707,-0.02348,2.929,0.02452,2.39036,28.98,0.055,-1.573,126,0.2397,0.0359,9.754,-0.00419,-0.00127,0.0022,0.0,0.0,6390,10021,5233,9060
112.77,0.00663,-0.02485,2.958,0.02572,2.39109,28.98,0.08226,-0.02248,4.984,0.08528,2.30639,20.99,0.0,0.0,2.924,0.0,0.0,199.88,0.00632,-0.0238,2.923,0.02463,2.39036,28.98,0.015,-1.588,126,0.3008,0.0171,9.7639,-0.0028,-0.00067,0.00193,0.0,0.0,6390,10021,5233,9060
113.02,0.00593,-0.02531,2.963,0.02599,2.39109,28.8,0.08226,-0.02248,4.984,0.08528,2.30639,20.0,0.0,0.0,2.918,0.0,0.0,201.63,0.00561,-0.02426,2.916,0.0249,2.39036,28.8,0.046,-1.644,126,0.2289,-0.009,9.7531,0.00053,0.0012,0.00439,0.0,0.0,6390,10021,5233,9060
113.27,0.00578,-0.0255,2.967,0.02615,2.39109,28.8,0.08226,-0.02248,4.984,0.08528,2.30639,20.0,0.0,0.0,2.907,0.0,0.0,201.63,0.00547,-0.02446,2.906,0.02506,2.39036,28.8,0.034,-1.598,118,0.2263,0.0018,9.763,-0.00759,0.00087,-0.00166,0.0,0.0,6390,10021,5233,9060
113.52,0.00613,-0.02535,2.963,0.02608,2.39109,28.8,0.08226,-0.02248,4.984,0.08528,2.30639,20.0,0.0,0.0,2.913,0.0,0.0,201.63,0.00582,-0.02431,2.909,0.02499,2.39036,28.8,0.006,-1.59,118,0.2083,0.0404,9.7558,-0.00559,0.00087,0.00306,0.0,0.0,6390,10021,5233,9060
113.77,0.00644,-0.02517,2.958,0.02598,2.39109,28.8,0.08226,-0.02248,4.984,0.08528,2.30639,20.0,0.0,0.0,2.906,0.0,0.0,201.63,0.00612,-0.02412,2.906,0.02489,2.39036,28.8,0.03,-1.58,118,0.2631,-0.0189,9.7495,-0.00479,-0.0002,0.00093,0.0,0.0,6390,10021,5233,9060
114.02,0.00686,-0.02508,2.96,0.026,2.39109,28.8,0.08226,-0.02248,4.984,0.08528,2.30639,20.0,0.0,0.0,2.903,0.0,0.0,201.63,0.00655,-0.02403,2.909,0.02491,2.39036,28.8,0.018,-1.552,118,0.2568,-0.0063,9.701,-0.00479,-0.00366,0.00812,0.0,0.0,6390,10021,5233,9060
114.27,0.00678,-0.02508,2.963,0.02598,2.39109,30.41,0.08226,-0.02248,4.984,0.08528,2.30639,20.01,0.0,0.0,2.895,0.0,0.0,199.26,0.00647,-0.02403,2.895,0.02489,2.39036,30.41,0.008,-1.589,118,0.3133,-0.0126,9.7369,0.00193,-0.00047,-0.00133,0.0,0.0,6390,10021,5233,9060
114.52,0.00678,-0.02508,2.963,0.02598,2.39109,30.41,0.08226,-0.02248,4.984,0.08528,2.30639,20.01,0.0,0.0,2.885,0.0,0.0,199.26,0.00647,-0.02403,2.89,0.02489,2.39036,30.41,0.077,-1.542,118,0.246,0.0431,9.8096,-0.00766,0.00166,-0.00193,0.0,0.0,6390,10021,5233,9060
114.77,0.00678,-0.02508,2.963,0.02598,2.39109,30.41,0.08226,-0.02248,4.984,0.08528,2.30639,20.01,0.0,0.0,2.881,0.0,0.0,199.26,0.00647,-0.02403,2.881,0.02489,2.39036,30.41,0.045,-1.573,118,0.2801,-0.0153,9.6857,-0.00413,-0.00246,-0.0004,0.0,0.0,6390,10021,5233,9060
115.021,0.00658,-0.02521,2.964,0.02605,2.39109,30.41,0.08226,-0.02248,4.984,0.08528,2.30639,20.01,0.0,0.0,2.86,0.0,0.0,199.26,0.00627,-0.02416,2.867,0.02496,2.39036,30.41,0.076,-1.552,118,0.3205,0.0251,9.7082,-0.0022,0.00093,-0.0018,0.0,0.0,6390,10021,5233,9060
115.27,0.0064,-0.02513,2.959,0.02593,2.39109,30.0,0.08226,-0.02248,4.984,0.08528,2.30639,20.0,0.0,0.0,2.85,0.0,0.0,200.97,0.00609,-0.02408,2.85,0.02484,2.39036,30.0,0.043,-1.622,116,0.3376,0.0952,9.7639,-0.00739,-0.00173,0.00127,0.0,0.0,6390,10021,5233,9060
115.52,0.00728,-0.02517,2.96,0.0262,2.39109,30.0,0.08226,-0.02248,4.984,0.08528,2.30639,20.0,0.0,0.0,2.861,0.0,0.0,200.97,0.00697,-0.02412,2.863,0.02511,2.39036,30.0,0.079,-1.582,116,0.2667,-0.0368,9.7648,-0.00246,-0.0022,0.00586,0.0,0.0,6390,10021,5233,9060
115.77,0.00728,-0.02517,2.96,0.0262,2.39109,30.0,0.08226,-0.02248,4.984,0.08528,2.30639,20.0,0.0,0.0,2.855,0.0,0.0,200.97,0.00697,-0.02412,2.852,0.02511,2.39036,30.0,0.096,-1.576,116,0.2523,-0.0072,9.6965,-0.00399,-0.00127,0.00712,0.0,0.0,6390,10021,5233,9060
116.02,0.00728,-0.02517,2.96,0.0262,2.39109,30.0,0.08226,-0.02248,4.984,0.08528,2.30639,20.0,0.0,0.0,2.846,0.0,0.0,200.97,0.00697,-0.02412,2.851,0.02511,2.39036,30.0,0.075,-1.614,116,0.2289,0.0467,9.7549,-0.00293,-0.00033,-0.0016,0.0,0.0,6390,10021,5233,9060
116.27,0.00728,-0.02517,2.96,0.0262,2.39109,30.0,0.08226,-0.02248,4.984,0.08528,2.30639,20.0,0.0,0.0,2.847,0.0,0.0,200.97,0.00697,-0.02412,2.849,0.02511,2.39036,30.0,0.098,-1.638,239,0.2702,0.0503,9.763,-0.00792,-0.00047,0.00346,0.0,0.0,6390,10021,5233,9060
116.52,0.00728,-0.02517,2.96,0.0262,2.39109,29.61,0.08226,-0.02248,4.984,0.08528,2.30639,20.01,0.0,0.0,2.844,0.0,0.0,200.85,0.00697,-0.02413,2.844,0.02511,2.39036,29.61,0.076,-1.611,239,0.2532,-0.0126,9.7971,-0.00746,-0.00173,-0.00153,0.0,0.0,6390,10021,5233,9060
116.77,0.00728,-0.02517,2.96,0.0262,2.39109,29.61,0.08226,-0.02248,4.984,0.08528,2.30639,20.01,0.0,0.0,2.844,0.0,0.0,200.85,0.00697,-0.02413,2.843,0.02511,2.39036,29.61,0.039,-1.604,239,0.2415,0.0521,9.7692,-0.00293,-0.0024,0.00146,0.0,0.0,6390,10021,5233,9060
117.02,0.00728,-0.02517,2.96,0.0262,2.39109,29.61,0.08226,-0.02248,4.984,0.08528,2.30639,20.01,0.0,0.0,2.84,0.0,0.0,200.85,0.00697,-0.02413,2.839,0.02511,2.39036,29.61,0.046,-1.571,239,0.3304,0.0251,9.7477,-0.00373,-0.00206,0.00539,0.0,0.0,6390,10021,5233,9060
117.271,0.00728,-0.02517,2.96,0.0262,2.39109,29.61,0.08226,-0.02248,4.984,0.08528,2.30639,20.01,0.0,0.0,2.839,0.0,0.0,200.85,0.00697,-0.02413,2.843,0.02511,2.39036,29.61,0.05,-1.589,238,0.2756,-0.0404,9.7396,-0.00213,7e-05,-0.00433,0.0,0.0,6390,10021,5233,9060
117.52,0.00728,-0.02517,2.96,0.0262,2.39109,30.0,0.08226,-0.02248,4.984,0.08528,2.30639,20.0,0.0,0.0,2.823,0.0,0.0,199.98,0.00697,-0.02413,2.829,0.02511,2.39036,30.0,0.05,-1.569,238,0.2442,0.0153,9.7531,-0.00732,0.0016,0.00419,0.0,0.0,6390,10021,5233,9060
117.771,0.00728,-0.02517,2.96,0.0262,2.39109,30.0,0.08226,-0.02248,4.984,0.08528,2.30639,20.0,0.0,0.0,2.838,0.0,0.0,199.98,0.00697,-0.02413,2.835,0.02511,2.39036,30.0,0.035,-1.608,238,0.36,0.0099,9.7351,-0.00226,-0.00153,0.00746,0.0,0.0,6390,10021,5233,9060
118.02,0.00728,-0.02517,2.96,0.0262,2.39109,30.0,0.08226,-0.02248,4.984,0.08528,2.30639,20.0,0.0,0.0,2.841,0.0,0.0,199.98,0.00697,-0.02413,2.841,0.02511,2.39036,30.0,0.047,-1.623,238,0.237,0.018,9.7477,-0.0032,0.00173,-0.00133,0.0,0.0,6390,10021,5233,9060
118.27,0.00728,-0.02517,2.96,0.0262,2.39109,30.0,0.08226,-0.02248,4.984,0.08528,2.30639,20.0,0.0,0.0,2.834,0.0,0.0,199.98,0.00697,-0.02413,2.832,0.02511,2.39036,30.0,0.033,-1.605,234,0.2415,0.0619,9.7701,-0.00593,-0.00073,0.00859,0.0,0.0,6390,10021,5233,9060
118.52,0.00728,-0.02517,2.96,0.0262,2.39109,29.99,0.08226,-0.02248,4.984,0.08528,2.30639,20.0,0.0,0.0,2.842,0.0,0.0,200.95,0.00697,-0.02413,2.847,0.02511,2.39036,29.99,0.103,-1.612,234,0.2577,-0.0036,9.7468,-0.00186,-0.00146,0.00333,0.0,0.0,6390,10021,5233,9060
118.77,0.00728,-0.02517,2.96,0.0262,2.39109,29.99,0.08226,-0.02248,4.984,0.08528,2.30639,20.0,0.0,0.0,2.833,0.0,0.0,200.95,0.00697,-0.02413,2.833,0.02511,2.39036,29.99,0.075,-1.626,234,0.3089,0.0557,9.7558,-0.0036,0.0028,0.001,0.0,0.0,6390,10021,5233,9060
119.02,0.00728,-0.02517,2.96,0.0262,2.39109,29.99,0.08226,-0.02248,4.984,0.08528,2.30639,20.0,0.0,0.0,2.831,0.0,0.0,200.95,0.00697,-0.02413,2.835,0.02511,2.39036,29.99,0.068,-1.596,234,0.2352,-0.0368,9.7836,7e-05,0.00206,-0.0008,0.0,0.0,6390,10021,5233,9060
119.27,0.00728,-0.02517,2.96,0.0262,2.39109,29.99,0.08226,-0.02248,4.984,0.08528,2.30639,20.0,0.0,0.0,2.818,0.0,0.0,200.95,0.00697,-0.02413,2.819,0.02511,2.39036,29.99,0.04,-1.586,230,0.2649,0.0368,9.7531,-0.00479,-0.00513,-0.00133,0.0,0.0,6390,10021,5233,9060
119.52,0.00728,-0.02517,2.96,0.0262,2.39109,29.99,0.08226,-0.02248,4.984,0.08528,2.30639,20.0,0.0,0.0,2.828,0.0,0.0,200.95,0.00697,-0.02413,2.828,0.02511,2.39036,29.99,0.076,-1.548,230,0.3151,-0.0135,9.7028,-0.00486,0.0006,0.0034,0.0,0.0,6390,10021,5233,9060
119.77,0.00728,-0.02517,2.96,0.0262,2.39109,30.41,0.08226,-0.02248,4.984,0.08528,2.30639,19.2,0.0,0.0,2.814,0.0,0.0,199.24,0.00697,-0.02413,2.815,0.02511,2.39036,30.41,0.115,-1.548,230,0.2379,0.0539,9.7378,-0.00466,-0.003,-0.00027,0.0,0.0,6390,10021,5233,9060
120.02,0.00728,-0.02517,2.96,0.0262,2.39109,30.41,0.08226,-0.02248,4.984,0.08528,2.30639,19.2,0.0,0.0,2.81,0.0,0.0,199.24,0.00697,-0.02413,2.815,0.02511,2.39036,30.41,0.054,-1.57,230,0.2702,0.0458,9.6687,-0.00313,7e-05,0.00153,0.0,0.0,6390,10021,5233,9060
120.27,0.00728,-0.02517,2.96,0.0262,2.39109,30.41,0.08226,-0.02248,4.984,0.08528,2.30639,19.2,0.0,0.0,2.81,0.0,0.0,199.24,0.00697,-0.02413,2.811,0.02511,2.39036,30.41,0.15,-1.549,229,0.272,0.0584,9.6866,-0.00732,0.00146,0.00047,0.0,0.0,6390,10021,5233,9060
120.52,0.00728,-0.02517,2.96,0.0262,2.39109,30.41,0.08226,-0.02248,4.984,0.08528,2.30639,19.2,0.0,0.0,2.814,0.0,0.0,199.24,0.00697,-0.02413,2.818,0.02511,2.39036,30.41,0.066,-1.621,229,0.3089,0.0727,9.7665,-0.00459,-0.0012,0.00027,0.0,0.0,6390,10021,5233,9060
120.77,0.00728,-0.02517,2.96,0.0262,2.39109,30.0,0.08226,-0.02248,4.984,0.08528,2.30639,21.0,0.0,0.0,2.814,0.0,0.0,201.0,0.00697,-0.02413,2.815,0.02511,2.39036,30.0,0.055,-1.603,229,0.2271,0.0224,9.7297,-0.00173,0.0026,-0.00306,0.0,0.0,6390,10021,5233,9060
121.02,0.00728,-0.02517,2.96,0.0262,2.39109,30.0,0.08226,-0.02248,4.984,0.08528,2.30639,21.0,0.0,0.0,2.821,0.0,0.0,201.0,0.00697,-0.02413,2.822,0.02511,2.39036,30.0,0.081,-1.604,229,0.3196,0.0844,9.771,-0.00506,0.00087,0.00246,0.0,0.0,6390,10021,5233,9060
121.27,0.00728,-0.02517,2.96,0.0262,2.39109,30.0,0.08226,-0.02248,4.984,0.08528,2.30639,21.0,0.0,0.0,2.817,0.0,0.0,201.0,0.00697,-0.02413,2.818,0.02511,2.39036,30.0,0.064,-1.619,219,0.1993,-0.0278,9.7288,-0.0002,-0.00253,-0.0006,0.0,0.0,6390,10021,5233,9060
121.52,0.00728,-0.02517,2.96,0.0262,2.39109,30.0,0.08226,-0.02248,4.984,0.08528,2.30639,21.0,0.0,0.0,2.818,0.0,0.0,201.0,0.00697,-0.02413,2.817,0.02511,2.39036,30.0,0.045,-1.601,219,0.2882,0.0144,9.71,0.00107,0.003,0.00146,0.0,0.0,6390,10021,5233,9060
121.77,0.00728,-0.02517,2.96,0.0262,2.39109,30.0,0.08226,-0.02248,4.984,0.08528,2.30639,20.0,0.0,0.0,2.82,0.0,0.0,199.97,0.00697,-0.02413,2.82,0.02511,2.39036,30.0,0.016,-1.599,219,0.2756,0.0081,9.7387,-0.00133,0.00166,-0.00233,0.0,0.0,6390,10021,5233,9060
122.02,0.00728,-0.02517,2.96,0.0262,2.39109,30.0,0.08226,-0.02248,4.984,0.08528,2.30639,20.0,0.0,0.0,2.822,0.0,0.0,199.97,0.00697,-0.02413,2.822,0.02511,2.39036,30.0,0.038,-1.562,219,0.2783,0.0117,9.7459,-0.00067,-0.00286,0.00073,0.0,0.0,6390,10021,5233,9060
122.27,0.00728,-0.02517,2.96,0.0262,2.39109,30.0,0.08226,-0.02248,4.984,0.08528,2.30639,20.0,0.0,0.0,2.81,0.0,0.0,199.97,0.00697,-0.02413,2.808,0.02511,2.39036,30.0,0.061,-1.557,215,0.2684,-0.0018,9.7288,-0.00486,-0.00013,0.00093,0.0,0.0,6390,10021,5233,9060
122.52,0.00728,-0.02517,2.96,0.0262,2.39109,30.0,0.08226,-0.02248,4.984,0.08528,2.30639,20.0,0.0,0.0,2.806,0.0,0.0,199.97,0.00697,-0.02413,2.807,0.02511,2.39036,30.0,0.079,-1.528,215,0.3053,-0.0323,9.7145,-0.00146,0.001,-0.0034,0.0,0.0,6390,10021,5233,9060
122.77,0.00728,-0.02517,2.96,0.0262,2.39109,30.0,0.08226,-0.02248,4.984,0.08528,2.30639,20.0,0.0,0.0,2.802,0.0,0.0,199.97,0.00697,-0.02413,2.802,0.02511,2.39036,30.0,0.076,-1.535,215,0.2595,-0.0206,9.7064,-0.00672,-0.00093,0.00246,0.0,0.0,6390,10021,5233,9060
123.02,0.00728,-0.02517,2.96,0.0262,2.39109,29.6,0.08226,-0.02248,4.984,0.08528,2.30639,20.0,0.0,0.0,2.802,0.0,0.0,200.8,0.00697,-0.02413,2.796,0.02511,2.39036,29.6,0.038,-1.566,215,0.2227,-0.0269,9.7495,-0.0026,-0.00127,0.00672,0.0,0.0,6390,10021,5233,9060
123.27,0.00728,-0.02517,2.96,0.0262,2.39109,29.6,0.08226,-0.02248,4.984,0.08528,2.30639,20.0,0.0,0.0,2.812,0.0,0.0,200.8,0.00697,-0.02413,2.811,0.02511,2.39036,29.6,0.041,-1.601,213,0.299,-0.0233,9.7387,-0.00606,0.0008,0.00193,0.0,0.0,6390,10021,5233,9060
123.52,0.00728,-0.02517,2.96,0.0262,2.39109,29.6,0.08226,-0.02248,4.984,0.08528,2.30639,20.0,0.0,0.0,2.81,0.0,0.0,200.8,0.00697,-0.02413,2.812,0.02511,2.39036,29.6,0.002,-1.665,213,0.2891,0.0296,9.71,-0.00306,0.00013,-0.002,0.0,0.0,6390,10021,5233,9060
123.77,0.00728,-0.02517,2.96,0.0262,2.39109,29.6,0.08226,-0.02248,4.984,0.08528,2.30639,20.0,0.0,0.0,2.808,0.0,0.0,200.8,0.00697,-0.02413,2.808,0.02511,2.39036,29.6,0.006,-1.579,213,0.2927,0.0027,9.7154,-0.00346,-0.00206,0.00226,0.0,0.0,6390,10021,5233,9060
124.02,0.00728,-0.02517,2.96,0.0262,2.39109,29.99,0.08226,-0.02248,4.984,0.08528,2.30639,19.99,0.0,0.0,2.818,0.0,0.0,200.93,0.00697,-0.02413,2.818,0.02511,2.39036,29.99,0.075,-1.55,213,0.2604,0.0467,9.7926,-0.00573,0.00153,-0.00672,0.0,0.0,6390,10021,5233,9060
124.27,0.00728,-0.02517,2.96,0.0262,2.39109,29.99,0.08226,-0.02248,4.984,0.08528,2.30639,19.99,0.0,0.0,2.815,0.0,0.0,200.93,0.00697,-0.02413,2.814,0.02511,2.39036,29.99,0.092,-1.591,212,0.255,-0.0162,9.7369,-0.00633,-0.0006,0.00399,0.0,0.0,6390,10021,5233,9060
124.52,0.00728,-0.02517,2.96,0.0262,2.39109,29.99,0.08226,-0.02248,4.984,0.08528,2.30639,19.99,0.0,0.0,2.816,0.0,0.0,200.93,0.00697,-0.02413,2.816,0.02511,2.39036,29.99,0.035,-1.513,212,0.2972,0.0997,9.727,-0.002,-0.0004,-0.002,0.0,0.0,6390,10021,5233,9060
124.77,0.00728,-0.02517,2.96,0.0262,2.39109,29.99,0.08226,-0.02248,4.984,0.08528,2.30639,19.99,0.0,0.0,2.805,0.0,0.0,200.93,0.00697,-0.02413,2.804,0.02511,2.39036,29.99,0.065,-1.59,212,0.3295,0.0242,9.7396,-0.00053,0.0006,0.00626,0.0,0.0,6390,10021,5233,9060
125.02,0.00728,-0.02517,2.96,0.0262,2.39109,29.99,0.08226,-0.02248,4.984,0.08528,2.30639,19.99,0.0,0.0,2.804,0.0,0.0,200.93,0.00697,-0.02413,2.806,0.02511,2.39036,29.99,0.046,-1.65,212,0.2801,0.0009,9.7549,-0.00586,-0.00087,-0.00047,0.0,0.0,6390,10021,5233,9060
125.27,0.00728,-0.02517,2.96,0.0262,2.39109,30.4,0.08226,-0.02248,4.984,0.08528,2.30639,19.2,0.0,0.0,2.793,0.0,0.0,200.01,0.00697,-0.02413,2.792,0.02511,2.39036,30.4,0.046,-1.623,206,0.2729,0.0126,9.7737,-0.00453,-0.0032,0.00393,0.0,0.0,6390,10021,5233,9060
125.52,0.00728,-0.02517,2.96,0.0262,2.39109,30.4,0.08226,-0.02248,4.984,0.08528,2.30639,19.2,0.0,0.0,2.795,0.0,0.0,200.01,0.00697,-0.02413,2.795,0.02511,2.39036,30.4,0.044,-1.636,206,0.2478,0.0153,9.719,-0.00146,-0.0012,0.0014,0.0,0.0,6390,10021,5233,9060
125.77,0.00728,-0.02517,2.96,0.0262,2.39109,30.4,0.08226,-0.02248,4.984,0.08528,2.30639,19.2,0.0,0.0,2.791,0.0,0.0,200.01,0.00697,-0.02413,2.791,0.02511,2.39036,30.4,0.023,-1.578,206,0.2352,0.0117,9.7154,-0.00386,-0.00293,0.0,0.0,0.0,6390,10021,5233,9060
126.02,0.00728,-0.02517,2.96,0.0262,2.39109,30.4,0.08226,-0.02248,4.984,0.08528,2.30639,19.2,0.0,0.0,2.803,0.0,0.0,200.01,0.00697,-0.02413,2.796,0.02511,2.39036,30.4,0.035,-1.588,206,0.2595,0.035,9.7199,-0.00166,-0.00153,0.00213,0.0,0.0,6390,10021,5233,9060
126.27,0.00728,-0.02517,2.96,0.0262,2.39109,30.4,0.08226,-0.02248,4.984,0.08528,2.30639,19.2,0.0,0.0,2.815,0.0,0.0,200.01,0.00697,-0.02413,2.815,0.02511,2.39036,30.4,0.036,-1.572,202,0.255,-0.0476,9.7656,-0.00746,-0.00013,0.0018,0.0,0.0,6390,10021,5233,9060
126.52,0.00728,-0.02517,2.96,0.0262,2.39109,28.81,0.08226,-0.02248,4.984,0.08528,2.30639,20.81,0.0,0.0,2.814,0.0,0.0,200.87,0.00697,-0.02413,2.81,0.02511,2.39036,28.81,0.044,-1.555,202,0.2954,0.0503,9.6723,-0.0036,-0.00206,0.00626,0.0,0.0,6390,10021,5233,9060
126.77,0.00728,-0.02517,2.96,0.0262,2.39109,28.81,0.08226,-0.02248,4.984,0.08528,2.30639,20.81,0.0,0.0,2.814,0.0,0.0,200.87,0.00697,-0.02413,2.815,0.02511,2.39036,28.81,0.032,-1.577,202,0.2622,-0.0126,9.7405,-0.00419,0.00047,0.00719,0.0,0.0,6390,10021,5233,9060
127.02,0.00728,-0.02517,2.96,0.0262,2.39109,28.81,0.08226,-0.02248,4.984,0.08528,2.30639,20.81,0.0,0.0,2.826,0.0,0.0,200.87,0.00697,-0.02413,2.825,0.02511,2.39036,28.81,0.073,-1.532,202,0.1939,0.0898,9.7791,0.00073,-0.00073,0.002,0.0,0.0,6390,10021,5233,9060
127.27,0.00728,-0.02517,2.96,0.0262,2.39109,28.81,0.08226,-0.02248,4.984,0.08528,2.30639,20.81,0.0,0.0,2.832,0.0,0.0,200.87,0.00697,-0.02413,2.832,0.02511,2.39036,28.81,0.062,-1.608,200,0.3789,0.0198,9.7235,-0.00326,-0.00153,0.00013,0.0,0.0,6390,10021,5233,9060
127.52,0.00728,-0.02517,2.96,0.0262,2.39109,29.99,0.08226,-0.02248,4.984,0.08528,2.30639,19.99,0.0,0.0,2.834,0.0,0.0,199.93,0.00697,-0.02413,2.837,0.02511,2.39036,29.99,0.029,-1.581,200,0.2828,0.0063,9.7324,-0.00473,0.00113,0.0004,0.0,0.0,6390,10021,5233,9060
127.77,0.00728,-0.02517,2.96,0.0262,2.39109,29.99,0.08226,-0.02248,4.984,0.08528,2.30639,19.99,0.0,0.0,2.831,0.0,0.0,199.93,0.00697,-0.02413,2.832,0.02511,2.39036,29.99,0.016,-1.599,200,0.2541,-0.0296,9.7387,0.0006,0.0008,-0.00373,0.0,0.0,6390,10021,5233,9060
128.02,0.00728,-0.02517,2.96,0.0262,2.39109,29.99,0.08226,-0.02248,4.984,0.08528,2.30639,19.99,0.0,0.0,2.828,0.0,0.0,199.93,0.00697,-0.02413,2.827,0.02511,2.39036,29.99,0.053,-1.594,200,0.2783,-0.0386,9.7378,-0.00553,-0.0008,0.00127,0.0,0.0,6390,10021,5233,9060
128.27,0.00726,-0.02517,2.96,0.0262,2.39109,29.99,0.08226,-0.02248,4.984,0.08528,2.30639,19.99,0.0,0.0,2.82,0.0,0.0,199.93,0.00695,-0.02413,2.821,0.02511,2.39036,29.99,0.045,-1.591,199,0.29,-0.0269,9.7037,-0.00206,-0.00087,-0.00047,0.0,0.0,6390,10021,5233,9060
128.52,0.00726,-0.02517,2.96,0.0262,2.39109,29.99,0.08226,-0.02248,4.984,0.08528,2.30639,19.99,0.0,0.0,2.821,0.0,0.0,199.93,0.00695,-0.02413,2.823,0.02511,2.39036,29.99,0.037,-1.592,199,0.2999,0.0198,9.7683,-0.00533,0.0006,0.00226,0.0,0.0,6390,10021,5233,9060
128.77,0.00728,-0.02499,2.953,0.02603,2.39109,30.41,0.08226,-0.02248,4.984,0.08528,2.30639,19.21,0.0,0.0,2.815,0.0,0.0,200.06,0.00697,-0.02395,2.818,0.02494,2.39036,30.41,0.045,-1.585,199,0.2397,0.0198,9.7576,-0.00426,-0.00406,-0.00426,0.0,0.0,6390,10021,5233,9060
129.02,0.00728,-0.02499,2.953,0.02603,2.39109,30.41,0.08226,-0.02248,4.984,0.08528,2.30639,19.21,0.0,0.0,2.809,0.0,0.0,200.06,0.00697,-0.02395,2.811,0.02494,2.39036,30.41,-0.021,-1.622,199,0.2254,0.0772,9.7881,-0.00233,0.00186,0.00113,0.0,0.0,6390,10021,5233,9060
129.27,0.00728,-0.02499,2.953,0.02603,2.39109,30.41,0.08226,-0.02248,4.984,0.08528,2.30639,19.21,0.0,0.0,2.811,0.0,0.0,200.06,0.00697,-0.02395,2.811,0.02494,2.39036,30.41,0.001,-1.645,199,0.2469,0.0467,9.7612,-0.00692,0.00153,0.00206,0.0,0.0,6390,10021,5233,9060
