t,cuvslam_x,cuvslam_y,cuvslam_th_deg,cuvslam_straight,cuvslam_path,cuvslam_hz,wheels_x,wheels_y,wheels_th_deg,wheels_straight,wheels_path,wheels_hz,gyro_x,gyro_y,gyro_th_deg,gyro_straight,gyro_path,gyro_hz,FUSED_x,FUSED_y,FUSED_th_deg,FUSED_straight,FUSED_path,FUSED_hz,roll_deg,pitch_deg,landmarks,accel_x,accel_y,accel_z,gyro_x,gyro_y,gyro_z,velL,velR,tick_LF,tick_LR,tick_RF,tick_RR
0.269,-0.0,-0.0,0.0,0.0,0.0,0.0,0.0,0.0,0.0,0.0,0.0,0.0,0.0,0.0,0.0,0.0,0.0,0.0,0.0,0.0,0.0,0.0,0.0,0.0,,,-1,0.2343,-0.0314,9.7279,-0.003,-0.00073,0.00033,0.0,0.0,17816,21360,16820,20290
0.518,-0.0,-0.0,0.0,0.0,0.0,0.0,0.0,0.0,0.0,0.0,0.0,0.0,0.0,0.0,0.0,0.0,0.0,0.0,0.0,0.0,0.0,0.0,0.0,0.0,,,130,0.2307,0.0206,9.7136,-0.00133,0.00146,-7e-05,0.0,0.0,17816,21360,16820,20290
0.769,-0.0,-0.0,0.0,0.0,0.0,0.0,0.0,0.0,0.0,0.0,0.0,0.0,0.0,0.0,0.0,0.0,0.0,0.0,0.0,0.0,0.0,0.0,0.0,0.0,,,130,0.2801,-0.0171,9.7531,-0.00399,-0.0016,-0.00027,0.0,0.0,17816,21360,16820,20290
1.018,-0.0,-0.0,0.0,0.0,0.0,0.0,0.0,0.0,0.0,0.0,0.0,0.0,0.0,0.0,0.0,0.0,0.0,0.0,0.0,0.0,0.0,0.0,0.0,0.0,,,130,0.2676,-0.0018,9.7737,-0.00206,-0.0022,-0.00127,0.0,0.0,17816,21360,16820,20290
1.268,-0.0,-0.0,0.0,0.0,0.0,0.0,0.0,0.0,0.0,0.0,0.0,0.0,0.0,0.0,0.0,0.0,0.0,0.0,0.0,0.0,0.0,0.0,0.0,0.0,,,130,0.3106,-0.0233,9.6911,-0.0012,-0.0002,7e-05,0.0,0.0,17816,21360,16820,20290
1.518,-0.0,-0.0,0.0,0.0,0.0,29.6,0.0,0.0,0.0,0.0,0.0,20.8,0.0,0.0,0.0,0.0,0.0,200.0,0.0,0.0,0.0,0.0,0.0,0.0,,,128,0.2604,-0.0162,9.7558,-0.00466,-0.00033,0.00593,0.0,0.0,17816,21360,16820,20290
1.768,-0.0,-0.0,0.0,0.0,0.0,29.6,0.0,0.0,0.0,0.0,0.0,20.8,0.0,0.0,0.0,0.0,0.0,200.0,0.0,0.0,0.0,0.0,0.0,0.0,,,128,0.3124,-0.0027,9.7639,-0.0032,-0.00233,0.00479,0.0,0.0,17816,21360,16820,20290
2.018,-0.0,-0.0,0.0,0.0,0.0,29.6,0.0,0.0,0.0,0.0,0.0,20.8,0.0,0.0,0.0,0.0,0.0,200.0,0.0,0.0,0.0,0.0,0.0,0.0,,,128,0.2433,-0.0081,9.7064,-0.00919,-0.00186,0.00253,0.0,0.0,17816,21360,16820,20290
2.268,-0.0,-0.0,0.0,0.0,0.0,29.6,0.0,0.0,0.0,0.0,0.0,20.8,0.0,0.0,0.0,0.0,0.0,200.0,0.0,0.0,0.0,0.0,0.0,0.0,,,128,0.2963,0.0036,9.7612,-0.00373,0.00087,0.0,0.0,0.0,17816,21360,16820,20290
2.519,-0.0,-0.0,0.0,0.0,0.0,29.98,0.0,0.0,0.0,0.0,0.0,19.98,0.0,0.0,0.0,0.0,0.0,200.84,0.0,0.0,0.0,0.0,0.0,0.0,,,128,0.3053,0.0413,9.8016,-0.00499,0.00226,0.0038,0.0,0.0,17816,21360,16820,20290
2.768,-0.0,-0.0,0.0,0.0,0.0,29.98,0.0,0.0,0.0,0.0,0.0,19.98,0.0,0.0,0.0,0.0,0.0,200.84,0.0,0.0,0.0,0.0,0.0,0.0,,,128,0.2891,0.0422,9.7477,-0.00013,0.00233,0.00093,0.0,0.0,17816,21360,16820,20290
3.018,-0.0,-0.0,0.0,0.0,0.0,29.98,0.0,0.0,0.0,0.0,0.0,19.98,0.0,0.0,0.0,0.0,0.0,200.84,0.0,0.0,0.0,0.0,0.0,0.0,,,128,0.2379,0.0611,9.7773,-0.00173,0.00093,-0.00053,0.0,0.0,17816,21360,16820,20290
3.268,-0.0,-0.0,0.0,0.0,0.0,29.98,0.0,0.0,0.0,0.0,0.0,19.98,0.0,0.0,0.0,0.0,0.0,200.84,0.0,0.0,0.0,0.0,0.0,0.0,,,128,0.2415,0.0377,9.7567,-0.00399,-0.001,0.00526,0.0,0.0,17816,21360,16820,20290
3.519,-0.0,-0.0,0.0,0.0,0.0,29.98,0.0,0.0,0.0,0.0,0.0,19.98,0.0,0.0,0.0,0.0,0.0,200.84,0.0,0.0,0.0,0.0,0.0,0.0,,,128,0.3124,-0.0117,9.7333,-0.00173,-0.00146,-0.00067,0.0,0.0,17816,21360,16820,20290
3.769,-0.0,-0.0,0.0,0.0,0.0,29.6,0.0,0.0,0.0,0.0,0.0,20.0,0.0,0.0,0.0,0.0,0.0,200.83,0.0,0.0,0.0,0.0,0.0,0.0,,,128,0.316,-0.0404,9.7055,-0.00027,0.00033,0.0016,0.0,0.0,17816,21360,16820,20290
4.019,-0.0,-0.0,0.0,0.0,0.0,29.6,0.0,0.0,0.0,0.0,0.0,20.0,0.0,0.0,0.0,0.0,0.0,200.83,0.0,0.0,0.0,0.0,0.0,0.0,,,128,0.2981,-0.018,9.8016,-0.00633,-0.00146,0.0004,0.0,0.0,17816,21360,16820,20290
4.269,-0.0,-0.0,0.0,0.0,0.0,29.6,0.0,0.0,0.0,0.0,0.0,20.0,0.0,0.0,0.0,0.0,0.0,200.83,0.0,0.0,0.0,0.0,0.0,0.0,,,128,0.2532,-0.0485,9.657,-0.00373,-0.00107,0.00606,0.0,0.0,17816,21360,16820,20290
4.518,-0.0,-0.0,0.0,0.0,0.0,29.6,0.0,0.0,0.0,0.0,0.0,20.0,0.0,0.0,0.0,0.0,0.0,200.83,0.0,0.0,0.0,0.0,0.0,0.0,,,126,0.228,0.0135,9.7674,-0.00772,0.0006,0.001,0.0,0.0,17816,21360,16820,20290
4.769,-0.0,-0.0,0.0,0.0,0.0,29.6,0.0,0.0,0.0,0.0,0.0,20.0,0.0,0.0,0.0,0.0,0.0,200.83,0.0,0.0,0.0,0.0,0.0,0.0,,,126,0.2209,0.0233,9.7495,-0.00346,-0.00213,0.00712,0.0,0.0,17816,21360,16820,20290
5.018,-0.0,-0.0,0.0,0.0,0.0,30.42,0.0,0.0,0.0,0.0,0.0,20.01,0.0,0.0,0.0,0.0,0.0,199.3,0.0,0.0,0.0,0.0,0.0,0.8,-0.233,-1.452,126,0.3124,-0.0359,9.7342,-0.00586,-0.00127,0.00127,0.0,0.0,17816,21360,16820,20290
5.268,-0.0,-0.0,0.0,0.0,0.0,30.42,0.0,0.0,0.0,0.0,0.0,20.01,0.0,0.0,0.007,0.0,0.0,199.3,0.0,0.0,0.011,0.0,0.0,0.8,-0.121,-1.622,126,0.3241,-0.0251,9.7163,-0.00579,-0.00473,-7e-05,0.0,0.0,17816,21360,16820,20290
5.519,-0.0,-0.0,0.0,0.0,0.0,30.42,0.0,0.0,0.0,0.0,0.0,20.01,0.0,0.0,-0.004,0.0,0.0,199.3,0.0,0.0,-0.005,0.0,0.0,0.8,-0.079,-1.617,126,0.2514,-0.0027,9.7369,-0.0034,-0.0014,0.0036,0.0,0.0,17816,21360,16820,20290
5.768,-0.0,-0.0,0.0,0.0,0.0,30.42,0.0,0.0,0.0,0.0,0.0,20.01,0.0,0.0,-0.006,0.0,0.0,199.3,0.0,0.0,-0.003,0.0,0.0,0.8,-0.042,-1.615,126,0.2442,0.0045,9.7701,-0.00107,0.0014,0.00712,0.0,0.0,17816,21360,16820,20290
6.018,-0.0,-0.0,0.0,0.0,0.0,30.0,0.0,0.0,0.0,0.0,0.0,20.0,0.0,0.0,-0.007,0.0,0.0,201.0,0.0,0.0,-0.008,0.0,0.0,30.0,-0.081,-1.637,126,0.3367,-0.0566,9.7208,-0.00639,-0.00033,0.0034,0.0,0.0,17816,21360,16820,20290
6.269,-0.0,-0.0,0.0,0.0,0.0,30.0,0.0,0.0,0.0,0.0,0.0,20.0,0.0,0.0,-0.021,0.0,0.0,201.0,0.0,0.0,-0.02,0.0,0.0,30.0,-0.068,-1.607,126,0.2873,0.0063,9.7621,-0.0004,7e-05,-0.00246,0.0,0.0,17816,21360,16820,20290
6.519,-0.0,-0.0,0.0,0.0,0.0,30.0,0.0,0.0,0.0,0.0,0.0,20.0,0.0,0.0,-0.027,0.0,0.0,201.0,0.0,0.0,-0.027,0.0,0.0,30.0,-0.064,-1.669,126,0.237,-0.0009,9.7235,-0.00866,-0.0016,0.00087,0.0,0.0,17816,21360,16820,20290
6.769,-0.0,-0.0,0.0,0.0,0.0,30.0,0.0,0.0,0.0,0.0,0.0,20.0,0.0,0.0,-0.024,0.0,0.0,201.0,0.0,0.0,-0.02,0.0,0.0,30.0,-0.028,-1.647,126,0.2595,0.0593,9.6822,-0.00399,0.00067,0.0002,0.0,0.0,17816,21360,16820,20290
7.018,-0.0,-0.0,0.0,0.0,0.0,30.0,0.0,0.0,0.0,0.0,0.0,20.0,0.0,0.0,-0.023,0.0,0.0,199.99,0.0,0.0,-0.023,0.0,0.0,30.0,-0.029,-1.595,126,0.3071,0.0144,9.7163,-0.00619,-0.001,0.00346,0.0,0.0,17816,21360,16820,20290
7.268,-0.0,-0.0,0.0,0.0,0.0,30.0,0.0,0.0,0.0,0.0,0.0,20.0,0.0,0.0,-0.035,0.0,0.0,199.99,0.0,0.0,-0.029,0.0,0.0,30.0,-0.054,-1.647,126,0.2801,-0.0072,9.7235,-0.00246,0.00053,0.00466,0.0,0.0,17816,21360,16820,20290
7.519,-0.0,-0.0,0.0,0.0,0.0,30.0,0.0,0.0,0.0,0.0,0.0,20.0,0.0,0.0,-0.033,0.0,0.0,199.99,0.0,0.0,-0.032,0.0,0.0,30.0,-0.013,-1.617,126,0.2271,0.0655,9.7172,-0.00353,-0.001,0.0024,0.0,0.0,17816,21360,16820,20290
7.768,-0.0,-0.0,0.0,0.0,0.0,30.0,0.0,0.0,0.0,0.0,0.0,20.0,0.0,0.0,-0.038,0.0,0.0,199.99,0.0,0.0,-0.032,0.0,0.0,30.0,-0.018,-1.638,126,0.2792,0.0404,9.7603,-0.00246,0.00033,-0.00067,0.0,0.0,17816,21360,16820,20290
8.019,-0.0,-0.0,0.0,0.0,0.0,30.0,0.0,0.0,0.0,0.0,0.0,20.0,0.0,0.0,-0.031,0.0,0.0,200.98,0.0,0.0,-0.029,0.0,0.0,30.0,-0.012,-1.625,126,0.3044,0.0332,9.6831,-0.00426,-0.0008,-0.003,0.0,0.0,17816,21360,16820,20290
8.268,-0.0,-0.0,0.0,0.0,0.0,30.0,0.0,0.0,0.0,0.0,0.0,20.0,0.0,0.0,-0.031,0.0,0.0,200.98,0.0,0.0,-0.03,0.0,0.0,30.0,-0.017,-1.659,126,0.2693,-0.0099,9.7585,-0.0036,0.0012,-0.00186,0.0,0.0,17816,21360,16820,20290
8.518,-0.0,-0.0,0.0,0.0,0.0,30.0,0.0,0.0,0.0,0.0,0.0,20.0,0.0,0.0,-0.024,0.0,0.0,200.98,0.0,0.0,-0.023,0.0,0.0,30.0,-0.071,-1.642,126,0.3133,0.0287,9.6938,-0.00053,0.00067,0.00466,0.0,0.0,17816,21360,16820,20290
8.769,-0.0,-0.0,0.0,0.0,0.0,30.0,0.0,0.0,0.0,0.0,0.0,20.0,0.0,0.0,-0.026,0.0,0.0,200.98,0.0,0.0,-0.019,0.0,0.0,30.0,-0.043,-1.635,126,0.2756,-0.0593,9.8025,-0.0006,0.0022,-0.00233,0.0,0.0,17816,21360,16820,20290
9.018,-0.0,-0.0,0.0,0.0,0.0,30.0,0.0,0.0,0.0,0.0,0.0,20.0,0.0,0.0,-0.014,0.0,0.0,200.98,0.0,0.0,-0.012,0.0,0.0,30.0,-0.066,-1.645,126,0.2954,-0.0314,9.7414,-0.00799,-0.00153,0.00226,0.0,0.0,17816,21360,16820,20290
9.269,-0.0,-0.0,0.0,0.0,0.0,28.79,0.0,0.0,0.0,0.0,0.0,19.2,0.0,0.0,-0.009,0.0,0.0,200.76,0.0,0.0,-0.006,0.0,0.0,28.79,-0.047,-1.609,126,0.2658,-0.0135,9.7333,-0.0028,0.00173,-0.002,0.0,0.0,17816,21360,16820,20290
9.519,-0.0,-0.0,0.0,0.0,0.0,28.79,0.0,0.0,0.0,0.0,0.0,19.2,0.0,0.0,-0.007,0.0,0.0,200.76,0.0,0.0,-0.005,0.0,0.0,28.79,-0.014,-1.629,127,0.2828,0.0171,9.7764,-0.00626,0.00067,0.00559,0.0,0.0,17816,21360,16820,20290
9.768,-0.0,-0.0,0.0,0.0,0.0,28.79,0.0,0.0,0.0,0.0,0.0,19.2,0.0,0.0,0.0,0.0,0.0,200.76,0.0,0.0,-0.0,0.0,0.0,28.79,-0.047,-1.594,127,0.2819,-0.0054,9.6328,-0.00659,-0.00107,-0.00093,0.0,0.0,17816,21360,16820,20290
10.019,-0.0,-0.0,0.0,0.0,0.0,28.79,0.0,0.0,0.0,0.0,0.0,19.2,0.0,0.0,0.007,0.0,0.0,200.76,0.0,0.0,0.01,0.0,0.0,28.79,-0.07,-1.542,127,0.2424,0.0099,9.7728,-0.00246,-0.00146,0.00146,0.0,0.0,17816,21360,16820,20290
10.269,-0.0,-0.0,0.0,0.0,0.0,28.79,0.0,0.0,0.0,0.0,0.0,19.2,0.0,0.0,0.01,0.0,0.0,200.76,0.0,0.0,0.016,0.0,0.0,28.79,-0.064,-1.594,127,0.29,0.0278,9.7414,-0.00466,0.0014,0.01032,0.0,0.0,17816,21360,16820,20290
10.519,-0.0,-0.0,0.0,0.0,0.0,30.39,0.0,0.0,0.0,0.0,0.0,20.79,0.0,0.0,0.025,0.0,0.0,199.9,0.0,0.0,0.026,0.0,0.0,30.39,-0.052,-1.563,127,0.272,0.0054,9.798,-0.00213,-0.00213,0.00166,0.0,0.0,17816,21360,16820,20290
10.769,-0.0,-0.0,0.0,0.0,0.0,30.39,0.0,0.0,0.0,0.0,0.0,20.79,0.0,0.0,0.033,0.0,0.0,199.9,0.0,0.0,0.035,0.0,0.0,30.39,-0.061,-1.603,127,0.2819,0.0009,9.7127,-0.0004,0.0,0.00246,0.0,0.0,17816,21360,16820,20290
11.018,-0.0,-0.0,0.0,0.0,0.0,30.39,0.0,0.0,0.0,0.0,0.0,20.79,0.0,0.0,0.03,0.0,0.0,199.9,0.0,0.0,0.032,0.0,0.0,30.39,-0.062,-1.626,127,0.2298,-0.0126,9.745,-0.0028,0.00186,7e-05,0.0,0.0,17816,21360,16820,20290
11.269,-0.0,-0.0,0.0,0.0,0.0,30.39,0.0,0.0,0.0,0.0,0.0,20.79,0.0,0.0,0.046,0.0,0.0,199.9,0.0,0.0,0.044,0.0,0.0,30.39,-0.097,-1.65,127,0.3331,-0.0108,9.71,-0.00519,-0.00186,0.0018,0.0,0.0,17816,21360,16820,20290
11.518,-0.0,-0.0,0.0,0.0,0.0,30.39,0.0,0.0,0.0,0.0,0.0,20.79,0.0,0.0,0.039,0.0,0.0,199.9,0.0,0.0,0.043,0.0,0.0,30.39,-0.043,-1.581,127,0.264,0.0018,9.7558,-0.00047,0.00047,-0.00486,0.0,0.0,17816,21360,16820,20290
11.768,-0.0,-0.0,0.0,0.0,0.0,29.63,0.0,0.0,0.0,0.0,0.0,20.02,0.0,0.0,0.031,0.0,0.0,200.98,0.0,0.0,0.036,0.0,0.0,29.63,0.02,-1.62,127,0.3223,0.018,9.7145,7e-05,-0.00113,-0.00353,0.0,0.0,17816,21360,16820,20290
12.018,-0.0,-0.0,0.0,0.0,0.0,29.63,0.0,0.0,0.0,0.0,0.0,20.02,0.0,0.0,0.043,0.0,0.0,200.98,0.0,0.0,0.043,0.0,0.0,29.63,0.003,-1.598,127,0.2765,-0.0314,9.7441,-0.00559,-0.00386,7e-05,0.0,0.0,17816,21360,16820,20290
12.268,-0.0,-0.0,0.0,0.0,0.0,29.63,0.0,0.0,0.0,0.0,0.0,20.02,0.0,0.0,0.044,0.0,0.0,200.98,0.0,0.0,0.043,0.0,0.0,29.63,-0.031,-1.624,127,0.2999,-0.0189,9.763,-0.00699,0.00113,0.00446,0.0,0.0,17816,21360,16820,20290
12.519,-0.0,-0.0,0.0,0.0,0.0,29.63,0.0,0.0,0.0,0.0,0.0,20.02,0.0,0.0,0.042,0.0,0.0,200.98,0.0,0.0,0.044,0.0,0.0,29.63,-0.042,-1.613,127,0.255,0.0512,9.7423,0.0016,0.00087,0.0006,0.0,0.0,17816,21360,16820,20290
12.769,-0.0,-0.0,0.0,0.0,0.0,29.99,0.0,0.0,0.0,0.0,0.0,20.0,0.0,0.0,0.042,0.0,0.0,199.96,0.0,0.0,0.038,0.0,0.0,29.99,-0.046,-1.621,127,0.3196,0.018,9.7028,-0.00313,-0.0016,-0.00073,0.0,0.0,17816,21360,16820,20290
13.019,-0.0,-0.0,0.0,0.0,0.0,29.99,0.0,0.0,0.0,0.0,0.0,20.0,0.0,0.0,0.041,0.0,0.0,199.96,0.0,0.0,0.04,0.0,0.0,29.99,-0.032,-1.662,127,0.3115,0.0027,9.7324,-0.00333,0.00127,0.00466,0.0,0.0,17816,21360,16820,20290
13.269,-0.0,-0.0,0.0,0.0,0.0,29.99,0.0,0.0,0.0,0.0,0.0,20.0,0.0,0.0,0.036,0.0,0.0,199.96,0.0,0.0,0.04,0.0,0.0,29.99,-0.027,-1.642,127,0.2918,-0.0368,9.7288,-0.0038,-0.00453,0.00499,0.0,0.0,17816,21360,16820,20290
13.518,-0.0,-0.0,0.0,0.0,0.0,29.99,0.0,0.0,0.0,0.0,0.0,20.0,0.0,0.0,0.039,0.0,0.0,199.96,0.0,0.0,0.035,0.0,0.0,29.99,-0.07,-1.615,127,0.2711,0.035,9.7899,-0.00186,0.0004,0.00386,0.0,0.0,17816,21360,16820,20290
13.768,-0.0,-0.0,0.0,0.0,0.0,29.99,0.0,0.0,0.0,0.0,0.0,20.0,0.0,0.0,0.043,0.0,0.0,199.96,0.0,0.0,0.038,0.0,0.0,29.99,-0.079,-1.62,127,0.2855,-0.0619,9.7603,-0.00546,0.00107,0.00439,0.0,0.0,17816,21360,16820,20290
14.018,-0.0,-0.0,0.0,0.0,0.0,30.4,0.0,0.0,0.0,0.0,0.0,20.0,0.0,0.0,0.03,0.0,0.0,200.01,0.0,0.0,0.029,0.0,0.0,30.4,-0.058,-1.616,127,0.3322,0.0224,9.71,-0.00533,0.00013,0.00426,0.0,0.0,17816,21360,16820,20290
14.269,-0.0,-0.0,0.0,0.0,0.0,30.4,0.0,0.0,0.0,0.0,0.0,20.0,0.0,0.0,0.042,0.0,0.0,200.01,0.0,0.0,0.041,0.0,0.0,30.4,-0.042,-1.646,127,0.2801,0.0153,9.7306,-0.0026,0.00073,-0.00526,0.0,0.0,17816,21360,16820,20290
14.518,-0.0,-0.0,0.0,0.0,0.0,30.4,0.0,0.0,0.0,0.0,0.0,20.0,0.0,0.0,0.039,0.0,0.0,200.01,0.0,0.0,0.035,0.0,0.0,30.4,-0.026,-1.599,126,0.3071,0.0413,9.754,-0.00586,-0.002,0.0036,0.0,0.0,17816,21360,16820,20290
14.769,-0.0,-0.0,0.0,0.0,0.0,30.4,0.0,0.0,0.0,0.0,0.0,20.0,0.0,0.0,0.045,0.0,0.0,200.01,0.0,0.0,0.043,0.0,0.0,30.4,-0.053,-1.663,126,0.228,0.026,9.7845,-0.00519,0.00246,0.0028,0.0,0.0,17816,21360,16820,20290
15.018,-0.0,-0.0,0.0,0.0,0.0,30.4,0.0,0.0,0.0,0.0,0.0,20.0,0.0,0.0,0.06,0.0,0.0,200.01,0.0,0.0,0.056,0.0,0.0,30.4,-0.042,-1.636,126,0.2667,0.0233,9.7567,-0.0012,0.00373,0.00546,0.0,0.0,17816,21360,16820,20290
15.268,-0.0,-0.0,0.0,0.0,0.0,28.8,0.0,0.0,0.0,0.0,0.0,19.2,0.0,0.0,0.055,0.0,0.0,199.21,0.0,0.0,0.054,0.0,0.0,28.8,-0.054,-1.622,126,0.255,-0.0018,9.7656,-0.00546,-0.0018,-0.0002,0.0,0.0,17816,21360,16820,20290
15.518,-0.0,-0.0,0.0,0.0,0.0,28.8,0.0,0.0,0.0,0.0,0.0,19.2,0.0,0.0,0.063,0.0,0.0,199.21,0.0,0.0,0.061,0.0,0.0,28.8,-0.021,-1.628,126,0.2792,0.0287,9.719,-0.003,0.00027,-0.00027,0.0,0.0,17816,21360,16820,20290
15.768,-0.0,-0.0,0.0,0.0,0.0,28.8,0.0,0.0,0.0,0.0,0.0,19.2,0.0,0.0,0.072,0.0,0.0,199.21,0.0,0.0,0.063,0.0,0.0,28.8,-0.011,-1.625,126,0.2792,0.0153,9.7199,-0.00273,-0.0004,0.0014,0.0,0.0,17816,21360,16820,20290
16.019,-0.0,-0.0,0.0,0.0,0.0,28.8,0.0,0.0,0.0,0.0,0.0,19.2,0.0,0.0,0.082,0.0,0.0,199.21,0.0,0.0,0.077,0.0,0.0,28.8,-0.08,-1.645,126,0.3071,0.0036,9.7208,-0.0028,-0.00266,0.00133,0.0,0.0,17816,21360,16820,20290
16.268,-0.0,-0.0,0.0,0.0,0.0,28.8,0.0,0.0,0.0,0.0,0.0,19.2,0.0,0.0,0.076,0.0,0.0,199.21,0.0,0.0,0.071,0.0,0.0,28.8,-0.067,-1.624,126,0.246,0.0404,9.7235,-0.0022,0.0028,-0.00353,0.0,0.0,17816,21360,16820,20290
16.518,-0.0,-0.0,0.0,0.0,0.0,30.4,0.0,0.0,0.0,0.0,0.0,20.8,0.0,0.0,0.07,0.0,0.0,200.0,0.0,0.0,0.065,0.0,0.0,30.4,-0.063,-1.659,126,0.2379,0.0126,9.7127,-0.00606,0.00047,0.00206,0.0,0.0,17816,21360,16820,20290
16.769,-0.0,-0.0,0.0,0.0,0.0,30.4,0.0,0.0,0.0,0.0,0.0,20.8,0.0,0.0,0.071,0.0,0.0,200.0,0.0,0.0,0.071,0.0,0.0,30.4,-0.007,-1.602,126,0.3044,-0.0081,9.7288,-0.0016,-0.00286,0.0026,0.0,0.0,17816,21360,16820,20290
17.018,-0.0,-0.0,0.0,0.0,0.0,30.4,0.0,0.0,0.0,0.0,0.0,20.8,0.0,0.0,0.054,0.0,0.0,200.0,0.0,0.0,0.047,0.0,0.0,30.4,-0.023,-1.632,126,0.2864,-0.0072,9.7504,-0.00373,0.00013,-0.00153,0.0,0.0,17816,21360,16820,20290
17.268,-0.0,-0.0,0.0,0.0,0.0,30.4,0.0,0.0,0.0,0.0,0.0,20.8,0.0,0.0,0.05,0.0,0.0,200.0,0.0,0.0,0.04,0.0,0.0,30.4,-0.062,-1.606,126,0.2307,-0.0045,9.7863,-0.0022,0.00373,0.00146,0.0,0.0,17816,21360,16820,20290
17.518,-0.0,-0.0,0.0,0.0,0.0,30.0,0.0,0.0,0.0,0.0,0.0,20.0,0.0,0.0,0.044,0.0,0.0,200.0,0.0,0.0,0.036,0.0,0.0,30.0,-0.025,-1.624,125,0.2882,0.0278,9.7315,-0.00519,-0.0012,0.0016,0.0,0.0,17816,21360,16820,20290
17.768,-0.0,-0.0,0.0,0.0,0.0,30.0,0.0,0.0,0.0,0.0,0.0,20.0,0.0,0.0,0.046,0.0,0.0,200.0,0.0,0.0,0.044,0.0,0.0,30.0,-0.022,-1.606,125,0.2774,-0.0395,9.7172,-0.00233,0.00033,-0.0022,0.0,0.0,17816,21360,16820,20290
18.018,-0.0,-0.0,0.0,0.0,0.0,30.0,0.0,0.0,0.0,0.0,0.0,20.0,0.0,0.0,0.029,0.0,0.0,200.0,0.0,0.0,0.02,0.0,0.0,30.0,-0.046,-1.657,125,0.2729,-0.0422,9.7055,-0.00406,-0.00047,0.00073,0.0,0.0,17816,21360,16820,20290
18.268,-0.0,-0.0,0.0,0.0,0.0,30.0,0.0,0.0,0.0,0.0,0.0,20.0,0.0,0.0,0.026,0.0,0.0,200.0,0.0,0.0,0.017,0.0,0.0,30.0,-0.06,-1.571,125,0.2038,0.0189,9.7558,-0.00226,0.00173,0.0,0.0,0.0,17816,21360,16820,20290
18.518,-0.0,-0.0,0.0,0.0,0.0,30.0,0.0,0.0,0.0,0.0,0.0,18.0,0.0,0.0,0.029,0.0,0.0,201.0,0.0,0.0,0.023,0.0,0.0,30.0,-0.091,-1.644,125,0.2738,-0.0215,9.7432,-0.00406,-0.0022,-0.0018,0.0,0.0,17816,21360,16820,20290
18.768,-0.0,-0.0,0.0,0.0,0.0,30.0,0.0,0.0,0.0,0.0,0.0,18.0,0.0,0.0,0.024,0.0,0.0,201.0,0.0,0.0,0.012,0.0,0.0,30.0,-0.027,-1.647,125,0.2478,-0.0126,9.7827,-0.00273,-0.00326,0.00433,0.0,0.0,17816,21360,16820,20290
19.018,-0.0,-0.0,0.0,0.0,0.0,30.0,0.0,0.0,0.0,0.0,0.0,18.0,0.0,0.0,0.016,0.0,0.0,201.0,0.0,0.0,0.007,0.0,0.0,30.0,-0.004,-1.677,125,0.2667,0.0189,9.754,-0.00746,-0.00047,-0.00013,0.0,0.0,17816,21360,16820,20290
19.269,-0.0,-0.0,0.0,0.0,0.0,30.0,0.0,0.0,0.0,0.0,0.0,18.0,0.0,0.0,0.008,0.0,0.0,201.0,0.0,0.0,0.006,0.0,0.0,30.0,-0.007,-1.626,125,0.2756,0.0314,9.7504,-0.00433,0.00033,0.001,0.0,0.0,17816,21360,16820,20290
19.518,-0.0,-0.0,0.0,0.0,0.0,30.0,0.0,0.0,0.0,0.0,0.0,18.0,0.0,0.0,0.013,0.0,0.0,201.0,0.0,0.0,0.003,0.0,0.0,30.0,-0.025,-1.583,128,0.2505,-0.0602,9.754,-0.00699,0.00033,0.00479,0.0,0.0,17816,21360,16820,20290
19.769,-0.0,-0.0,0.0,0.0,0.0,28.79,0.0,0.0,0.0,0.0,0.0,20.8,0.0,0.0,0.022,0.0,0.0,200.76,0.0,0.0,0.012,0.0,0.0,28.79,-0.053,-1.571,128,0.2828,-0.035,9.6902,-0.00233,0.00186,-0.00107,0.0,0.0,17816,21360,16820,20290
20.019,-0.0,-0.0,0.0,0.0,0.0,28.79,0.0,0.0,0.0,0.0,0.0,20.8,0.0,0.0,0.017,0.0,0.0,200.76,0.0,0.0,0.009,0.0,0.0,28.79,-0.018,-1.614,128,0.2352,0.0691,9.7405,-0.0012,0.0,0.00133,0.0,0.0,17816,21360,16820,20290
20.268,-0.0,-0.0,0.0,0.0,0.0,28.79,0.0,0.0,0.0,0.0,0.0,20.8,0.0,0.0,0.019,0.0,0.0,200.76,0.0,0.0,0.015,0.0,0.0,28.79,-0.045,-1.674,128,0.2388,-0.0189,9.7432,-7e-05,0.00047,0.00113,0.0,0.0,17816,21360,16820,20290
20.518,-0.0,-0.0,0.0,0.0,0.0,28.79,0.0,0.0,0.0,0.0,0.0,20.8,0.0,0.0,0.024,0.0,0.0,200.76,0.0,0.0,0.015,0.0,0.0,28.79,-0.066,-1.616,124,0.2882,0.0063,9.7639,-0.00399,-0.0002,-0.00087,0.0,0.0,17816,21360,16820,20290
20.768,-0.0,-0.0,0.0,0.0,0.0,28.79,0.0,0.0,0.0,0.0,0.0,20.8,0.0,0.0,0.032,0.0,0.0,200.76,0.0,0.0,0.02,0.0,0.0,28.79,-0.065,-1.652,124,0.2604,-0.0449,9.7549,-0.0024,0.0024,-0.00146,0.0,0.0,17816,21360,16820,20290
21.018,-0.0,-0.0,0.0,0.0,0.0,30.41,0.0,0.0,0.0,0.0,0.0,20.81,0.0,0.0,0.034,0.0,0.0,199.25,0.0,0.0,0.026,0.0,0.0,30.41,-0.063,-1.655,124,0.272,-0.0242,9.7612,-0.01019,-0.0018,-0.00146,0.0,0.0,17816,21360,16820,20290
21.268,-0.0,-0.0,0.0,0.0,0.0,30.41,0.0,0.0,0.0,0.0,0.0,20.81,0.0,0.0,0.045,0.0,0.0,199.25,0.0,0.0,0.032,0.0,0.0,30.41,-0.026,-1.636,124,0.3008,0.0224,9.7504,-0.00033,-0.00206,-0.0004,0.0,0.0,17816,21360,16820,20290
21.518,-0.0,-0.0,0.0,0.0,0.0,30.41,0.0,0.0,0.0,0.0,0.0,20.81,0.0,0.0,0.07,0.0,0.0,199.25,0.0,0.0,0.062,0.0,0.0,30.41,-0.014,-1.643,123,0.2765,0.0117,9.7531,-0.00133,-0.00013,0.00047,0.0,0.0,17816,21360,16820,20290
21.769,-0.0,-0.0,0.0,0.0,0.0,30.41,0.0,0.0,0.0,0.0,0.0,20.81,0.0,0.0,0.066,0.0,0.0,199.25,0.0,0.0,0.054,0.0,0.0,30.41,-0.026,-1.687,123,0.3151,-0.0144,9.7324,-0.0002,-0.00027,0.00107,0.0,0.0,17816,21360,16820,20290
22.019,-0.0,-0.0,0.0,0.0,0.0,30.0,0.0,0.0,0.0,0.0,0.0,20.0,0.0,0.0,0.066,0.0,0.0,200.98,0.0,0.0,0.056,0.0,0.0,30.0,-0.035,-1.687,123,0.2693,0.0117,9.7064,-0.00393,0.001,0.00386,0.0,0.0,17816,21360,16820,20290
22.269,-0.0,-0.0,0.0,0.0,0.0,30.0,0.0,0.0,0.0,0.0,0.0,20.0,0.0,0.0,0.058,0.0,0.0,200.98,0.0,0.0,0.047,0.0,0.0,30.0,-0.084,-1.62,123,0.2137,-0.0296,9.7226,-0.00033,-0.001,-0.00479,0.0,0.0,17816,21360,16820,20290
22.519,-0.0,-0.0,0.0,0.0,0.0,30.0,0.0,0.0,0.0,0.0,0.0,20.0,0.0,0.0,0.049,0.0,0.0,200.98,0.0,0.0,0.038,0.0,0.0,30.0,-0.018,-1.632,122,0.3376,-0.0162,9.7279,-0.003,0.00047,-0.001,0.0,0.0,17816,21360,16820,20290
22.768,-0.0,-0.0,0.0,0.0,0.0,30.0,0.0,0.0,0.0,0.0,0.0,20.0,0.0,0.0,0.06,0.0,0.0,200.98,0.0,0.0,0.046,0.0,0.0,30.0,-0.049,-1.606,122,0.2837,0.0602,9.7612,-0.00479,0.00186,-0.00226,0.0,0.0,17816,21360,16820,20290
23.019,-0.0,-0.0,0.0,0.0,0.0,29.98,0.0,0.0,0.0,0.0,0.0,19.99,0.0,0.0,0.045,0.0,0.0,199.86,0.0,0.0,0.032,0.0,0.0,29.98,-0.025,-1.616,122,0.2236,0.0153,9.7764,0.0006,0.00206,0.00213,0.0,0.0,17816,21360,16820,20290
23.268,-0.0,-0.0,0.0,0.0,0.0,29.98,0.0,0.0,0.0,0.0,0.0,19.99,0.0,0.0,0.041,0.0,0.0,199.86,0.0,0.0,0.032,0.0,0.0,29.98,-0.036,-1.605,122,0.2711,0.0269,9.7576,-0.0024,-0.00053,0.0026,0.0,0.0,17816,21360,16820,20290
23.518,-0.0,-0.0,0.0,0.0,0.0,29.98,0.0,0.0,0.0,0.0,0.0,19.99,0.0,0.0,0.031,0.0,0.0,199.86,0.0,0.0,0.019,0.0,0.0,29.98,-0.048,-1.612,122,0.2613,-0.0072,9.7136,-0.00546,-0.00053,-0.0022,0.0,0.0,17816,21360,16820,20290
23.768,-0.0,-0.0,0.0,0.0,0.0,29.98,0.0,0.0,0.0,0.0,0.0,19.99,0.0,0.0,0.034,0.0,0.0,199.86,0.0,0.0,0.025,0.0,0.0,29.98,-0.006,-1.658,122,0.3295,0.0395,9.727,0.00053,0.00027,0.00533,0.0,0.0,17816,21360,16820,20290
24.018,-0.0,-0.0,0.0,0.0,0.0,29.98,0.0,0.0,0.0,0.0,0.0,19.99,0.0,0.0,0.042,0.0,0.0,199.86,0.0,0.0,0.028,0.0,0.0,29.98,-0.054,-1.615,122,0.2684,-0.0027,9.7701,-0.00479,-0.001,0.00453,0.0,0.0,17816,21360,16820,20290
24.269,-0.0,-0.0,0.0,0.0,0.0,29.61,0.0,0.0,0.0,0.0,0.0,19.2,0.0,0.0,0.033,0.0,0.0,201.65,0.0,0.0,0.02,0.0,0.0,29.61,-0.01,-1.687,122,0.3035,0.0332,9.7217,0.00153,0.00113,0.00153,0.0,0.0,17816,21360,16820,20290
24.518,-0.0,-0.0,0.0,0.0,0.0,29.61,0.0,0.0,0.0,0.0,0.0,19.2,0.0,0.0,0.019,0.0,0.0,201.65,0.0,0.0,0.008,0.0,0.0,29.61,0.009,-1.635,121,0.2765,-0.0287,9.7082,-0.00579,0.0014,-0.00226,0.0,0.0,17816,21360,16820,20290
24.768,-0.0,-0.0,0.0,0.0,0.0,29.61,0.0,0.0,0.0,0.0,0.0,19.2,0.0,0.0,0.019,0.0,0.0,201.65,0.0,0.0,0.004,0.0,0.0,29.61,-0.013,-1.672,121,0.2792,0.035,9.7872,-0.00273,0.0012,0.0002,0.0,0.0,17816,21360,16820,20290
25.019,-0.0,-0.0,0.0,0.0,0.0,29.61,0.0,0.0,0.0,0.0,0.0,19.2,0.0,0.0,0.022,0.0,0.0,201.65,0.0,0.0,0.01,0.0,0.0,29.61,0.022,-1.646,121,0.2523,0.0162,9.7737,-0.00306,-0.00013,-0.00373,0.0,0.0,17816,21360,16820,20290
25.268,-0.0,-0.0,0.0,0.0,0.0,29.61,0.0,0.0,0.0,0.0,0.0,19.2,0.0,0.0,0.024,0.0,0.0,201.65,0.0,0.0,0.013,0.0,0.0,29.61,-0.017,-1.688,121,0.2855,-0.0377,9.7468,-0.0038,-0.00093,0.00959,0.0,0.0,17816,21360,16820,20290
25.519,-0.0,-0.0,0.0,0.0,0.0,30.41,0.0,0.0,0.0,0.0,0.0,20.8,0.0,0.0,0.028,0.0,0.0,199.24,0.0,0.0,0.012,0.0,0.0,30.41,0.004,-1.62,123,0.2496,0.044,9.7028,-0.00459,0.00193,0.00866,0.0,0.0,17816,21360,16820,20290
25.768,-0.0,-0.0,0.0,0.0,0.0,30.41,0.0,0.0,0.0,0.0,0.0,20.8,0.0,0.0,0.033,0.0,0.0,199.24,0.0,0.0,0.021,0.0,0.0,30.41,-0.021,-1.635,123,0.264,-0.0126,9.7181,-0.00439,-0.00446,0.003,0.0,0.0,17816,21360,16820,20290
26.018,-0.0,-0.0,0.0,0.0,0.0,30.41,0.0,0.0,0.0,0.0,0.0,20.8,0.0,0.0,0.024,0.0,0.0,199.24,0.0,0.0,0.01,0.0,0.0,30.41,-0.043,-1.622,123,0.2738,0.0296,9.7746,-0.00173,0.002,0.00073,0.0,0.0,17816,21360,16820,20290
26.268,-0.0,-0.0,0.0,0.0,0.0,30.41,0.0,0.0,0.0,0.0,0.0,20.8,0.0,0.0,0.033,0.0,0.0,199.24,0.0,0.0,0.016,0.0,0.0,30.41,-0.028,-1.649,123,0.3035,0.0009,9.7639,-0.00107,0.00346,0.00846,0.0,0.0,17816,21360,16820,20290
26.518,-0.0,-0.0,0.0,0.0,0.0,30.41,0.0,0.0,0.0,0.0,0.0,20.8,0.0,0.0,0.037,0.0,0.0,199.24,0.0,0.0,0.021,0.0,0.0,30.41,-0.056,-1.639,123,0.2972,0.0099,9.7468,-0.00153,0.0008,0.00213,0.0,0.0,17816,21360,16820,20290
26.769,-0.0,-0.0,0.0,0.0,0.0,27.19,0.0,0.0,0.0,0.0,0.0,19.99,0.0,0.0,0.04,0.0,0.0,201.5,0.0,0.0,0.024,0.0,0.0,27.19,-0.071,-1.622,123,0.2765,0.0646,9.7306,-0.00386,-0.00087,-0.00186,0.0,0.0,17816,21360,16820,20290
27.018,-0.0,-0.0,0.0,0.0,0.0,27.19,0.0,0.0,0.0,0.0,0.0,19.99,0.0,0.0,0.028,0.0,0.0,201.5,0.0,0.0,0.013,0.0,0.0,27.19,0.01,-1.624,123,0.308,0.0054,9.7935,-0.00373,0.00406,0.00047,0.0,0.0,17816,21360,16820,20290
27.268,-0.0,-0.0,0.0,0.0,0.0,27.19,0.0,0.0,0.0,0.0,0.0,19.99,0.0,0.0,0.031,0.0,0.0,201.5,0.0,0.0,0.019,0.0,0.0,27.19,-0.086,-1.63,123,0.22,-0.035,9.7109,-0.0036,-0.00353,0.0036,0.0,0.0,17816,21360,16820,20290
27.518,-0.0,-0.0,0.0,0.0,0.0,27.19,0.0,0.0,0.0,0.0,0.0,19.99,0.0,0.0,0.049,0.0,0.0,201.5,0.0,0.0,0.035,0.0,0.0,27.19,-0.097,-1.657,121,0.2765,0.0099,9.7683,-0.00366,0.00047,0.00153,0.0,0.0,17816,21360,16820,20290
27.768,-0.0,-0.0,0.0,0.0,0.0,27.19,0.0,0.0,0.0,0.0,0.0,19.99,0.0,0.0,0.054,0.0,0.0,201.5,0.0,0.0,0.036,0.0,0.0,27.19,-0.039,-1.642,121,0.2577,-0.0153,9.7818,-0.00027,-0.00027,0.00719,0.0,0.0,17816,21360,16820,20290
28.019,-0.0,-0.0,0.0,0.0,0.0,29.61,0.0,0.0,0.0,0.0,0.0,20.01,0.0,0.0,0.058,0.0,0.0,199.3,0.0,0.0,0.041,0.0,0.0,29.61,-0.021,-1.612,121,0.3124,-0.0287,9.7181,-0.0022,-0.00226,0.00739,0.0,0.0,17816,21360,16820,20290
28.268,-0.0,-0.0,0.0,0.0,0.0,29.61,0.0,0.0,0.0,0.0,0.0,20.01,0.0,0.0,0.065,0.0,0.0,199.3,0.0,0.0,0.048,0.0,0.0,29.61,-0.039,-1.608,121,0.2604,0.0287,9.754,-0.00672,-0.00166,0.00266,0.0,0.0,17816,21360,16820,20290
28.519,-0.0,-0.0,0.0,0.0,0.0,29.61,0.0,0.0,0.0,0.0,0.0,20.01,0.0,0.0,0.067,0.0,0.0,199.3,0.0,0.0,0.05,0.0,0.0,29.61,0.005,-1.603,121,0.3062,0.0036,9.7477,-0.00619,0.00133,0.00599,0.0,0.0,17816,21360,16820,20290
28.768,-0.0,-0.0,0.0,0.0,0.0,29.61,0.0,0.0,0.0,0.0,0.0,20.01,0.0,0.0,0.066,0.0,0.0,199.3,0.0,0.0,0.052,0.0,0.0,29.61,-0.008,-1.587,121,0.3322,0.0126,9.7656,-0.00499,0.0004,-0.00173,0.0,0.0,17816,21360,16820,20290
29.018,-0.0,-0.0,0.0,0.0,0.0,29.61,0.0,0.0,0.0,0.0,0.0,20.01,0.0,0.0,0.061,0.0,0.0,199.3,0.0,0.0,0.045,0.0,0.0,29.61,-0.005,-1.597,121,0.2649,0.0323,9.7324,-0.0034,-0.00233,0.00346,0.0,0.0,17816,21360,16820,20290
29.268,-0.0,-0.0,0.0,0.0,0.0,28.8,0.0,0.0,0.0,0.0,0.0,20.0,0.0,0.0,0.056,0.0,0.0,200.82,0.0,0.0,0.04,0.0,0.0,28.8,-0.033,-1.579,121,0.316,-0.0539,9.7252,-0.0028,-0.0006,-0.00206,0.0,0.0,17816,21360,16820,20290
29.519,-0.0,-0.0,0.0,0.0,0.0,28.8,0.0,0.0,0.0,0.0,0.0,20.0,0.0,0.0,0.052,0.0,0.0,200.82,0.0,0.0,0.036,0.0,0.0,28.8,-0.019,-1.588,119,0.2711,0.0296,9.7818,-0.00233,0.00186,-0.0014,0.0,0.0,17816,21360,16820,20290
29.769,-0.0,-0.0,0.0,0.0,0.0,28.8,0.0,0.0,0.0,0.0,0.0,20.0,0.0,0.0,0.065,0.0,0.0,200.82,0.0,0.0,0.047,0.0,0.0,28.8,-0.053,-1.639,119,0.2541,-0.0072,9.7728,-0.00553,-0.00213,0.00013,0.0,0.0,17816,21360,16820,20290
30.018,-0.0,-0.0,0.0,0.0,0.0,28.8,0.0,0.0,0.0,0.0,0.0,20.0,0.0,0.0,0.061,0.0,0.0,200.82,0.0,0.0,0.043,0.0,0.0,28.8,-0.072,-1.593,119,0.2676,-0.0467,9.7495,-0.00646,-7e-05,0.00133,0.0,0.0,17816,21360,16820,20290
30.268,-4e-05,1e-05,0.0,4e-05,0.0,28.8,0.0,0.0,0.0,0.0,0.0,20.0,0.0,0.0,0.043,0.0,0.0,200.82,-4e-05,1e-05,0.029,4e-05,0.0,28.8,-0.026,-1.624,119,0.2936,0.0512,9.7594,-0.001,-0.00127,0.00027,0.0,0.0,17816,21360,16820,20290
30.519,-4e-05,1e-05,0.0,4e-05,0.0,30.4,0.0,0.0,0.0,0.0,0.0,20.0,0.0,0.0,0.055,0.0,0.0,199.98,-4e-05,1e-05,0.038,4e-05,0.0,30.4,-0.067,-1.625,120,0.2577,-0.0575,9.7217,-0.00599,0.00273,0.00087,0.0,0.0,17816,21360,16820,20290
30.768,-4e-05,1e-05,0.0,4e-05,0.0,30.4,0.0,0.0,0.0,0.0,0.0,20.0,0.0,0.0,0.058,0.0,0.0,199.98,-4e-05,1e-05,0.043,4e-05,0.0,30.4,-0.041,-1.605,120,0.2254,-0.0072,9.7369,-0.00173,0.0008,0.00566,0.0,0.0,17816,21360,16820,20290
31.019,-4e-05,1e-05,0.0,4e-05,0.0,30.4,0.0,0.0,0.0,0.0,0.0,20.0,0.0,0.0,0.065,0.0,0.0,199.98,-4e-05,1e-05,0.045,4e-05,0.0,30.4,-0.024,-1.591,120,0.3322,-0.0027,9.7315,-0.00506,-0.00133,0.00759,0.0,0.0,17816,21360,16820,20290
31.269,-4e-05,1e-05,0.001,4e-05,0.0,30.4,0.0,0.0,0.0,0.0,0.0,20.0,0.0,0.0,0.072,0.0,0.0,199.98,-4e-05,1e-05,0.051,4e-05,0.0,30.4,0.001,-1.549,120,0.2711,0.0153,9.7073,-0.00253,0.00013,0.00153,0.0,0.0,17816,21360,16820,20290
31.519,-4e-05,1e-05,0.001,4e-05,0.0,30.4,0.0,0.0,0.0,0.0,0.0,20.0,0.0,0.0,0.079,0.0,0.0,199.98,-4e-05,1e-05,0.056,4e-05,0.0,30.4,0.006,-1.592,118,0.2397,0.0018,9.727,-0.00766,-0.00073,0.00353,0.0,0.0,17816,21360,16820,20290
31.769,-0.00013,6e-05,0.0,0.00015,0.0,28.0,0.0,0.0,0.0,0.0,0.0,19.2,0.0,0.0,0.094,0.0,0.0,200.81,-0.00013,6e-05,0.07,0.00015,0.0,28.0,-0.03,-1.607,118,0.299,0.0458,9.7405,-0.00566,0.00053,0.00053,0.0,0.0,17816,21360,16820,20290
32.019,-0.00013,6e-05,0.0,0.00015,0.0,28.0,0.0,0.0,0.0,0.0,0.0,19.2,0.0,0.0,0.088,0.0,0.0,200.81,-0.00013,6e-05,0.067,0.00015,0.0,28.0,-0.027,-1.626,118,0.3097,0.0189,9.7163,-0.00486,-0.00127,0.00226,0.0,0.0,17816,21360,16820,20290
32.269,-0.00013,6e-05,0.0,0.00015,0.0,28.0,0.0,0.0,0.0,0.0,0.0,19.2,0.0,0.0,0.087,0.0,0.0,200.81,-0.00013,6e-05,0.069,0.00015,0.0,28.0,0.008,-1.618,118,0.3169,-0.0117,9.7639,-0.00373,-0.00073,0.00626,0.0,0.0,17816,21360,16820,20290
32.519,-0.00013,6e-05,0.0,0.00015,0.0,28.0,0.0,0.0,0.0,0.0,0.0,19.2,0.0,0.0,0.088,0.0,0.0,200.81,-0.00013,6e-05,0.065,0.00015,0.0,28.0,-0.055,-1.593,104,0.3071,-0.0099,9.7881,-0.0016,-0.00206,0.00393,0.0,0.0,17816,21360,16820,20290
32.769,-0.00013,6e-05,0.0,0.00015,0.0,30.0,0.0,0.0,0.0,0.0,0.0,21.0,0.0,0.0,0.094,0.0,0.0,200.98,-0.00013,6e-05,0.071,0.00015,0.0,30.0,-0.08,-1.668,104,0.1823,0.0224,9.7486,-0.00686,0.00073,0.00493,0.0,0.0,17816,21360,16820,20290
33.019,-0.00013,6e-05,0.0,0.00015,0.0,30.0,0.0,0.0,0.0,0.0,0.0,21.0,0.0,0.0,0.094,0.0,0.0,200.98,-0.00013,6e-05,0.071,0.00015,0.0,30.0,-0.055,-1.629,104,0.2568,-0.0027,9.7594,-0.0006,0.002,0.00313,0.0,0.0,17816,21360,16820,20290
33.268,-0.00013,6e-05,0.0,0.00015,0.0,30.0,0.0,0.0,0.0,0.0,0.0,21.0,0.0,0.0,0.082,0.0,0.0,200.98,-0.00013,6e-05,0.063,0.00015,0.0,30.0,-0.07,-1.643,104,0.3133,-0.0503,9.7405,-0.0036,-0.001,-0.00067,0.0,0.0,17816,21360,16820,20290
33.519,-0.00013,6e-05,0.0,0.00015,0.0,30.0,0.0,0.0,0.0,0.0,0.0,21.0,0.0,0.0,0.083,0.0,0.0,200.98,-0.00013,6e-05,0.059,0.00015,0.0,30.0,-0.025,-1.646,102,0.2541,0.0099,9.7621,-0.00453,0.002,0.00226,0.0,0.0,17816,21360,16820,20290
33.768,-0.00013,6e-05,0.0,0.00015,0.0,30.0,0.0,0.0,0.0,0.0,0.0,21.0,0.0,0.0,0.09,0.0,0.0,200.98,-0.00013,6e-05,0.063,0.00015,0.0,30.0,-0.062,-1.615,102,0.2774,-0.0072,9.754,-0.00399,-0.00153,0.0008,0.0,0.0,17816,21360,16820,20290
34.018,-0.00013,6e-05,0.0,0.00015,0.0,30.4,0.0,0.0,0.0,0.0,0.0,20.0,0.0,0.0,0.086,0.0,0.0,199.23,-0.00013,6e-05,0.061,0.00015,0.0,30.4,-0.026,-1.635,102,0.3053,-0.0278,9.6786,-0.00453,-0.0004,0.00479,0.0,0.0,17816,21360,16820,20290
34.268,-0.00013,6e-05,0.0,0.00015,0.0,30.4,0.0,0.0,0.0,0.0,0.0,20.0,0.0,0.0,0.077,0.0,0.0,199.23,-0.00013,6e-05,0.051,0.00015,0.0,30.4,-0.017,-1.621,102,0.308,0.0018,9.7612,-0.00719,0.0004,0.00806,0.0,0.0,17816,21360,16820,20290
34.519,-0.00013,6e-05,0.0,0.00015,0.0,30.4,0.0,0.0,0.0,0.0,0.0,20.0,0.0,0.0,0.074,0.0,0.0,199.23,-0.00013,6e-05,0.052,0.00015,0.0,30.4,-0.034,-1.607,101,0.2245,0.0485,9.7998,-0.00326,0.0012,-0.0006,0.0,0.0,17816,21360,16820,20290
34.769,-0.00013,6e-05,0.0,0.00015,0.0,30.4,0.0,0.0,0.0,0.0,0.0,20.0,0.0,0.0,0.08,0.0,0.0,199.23,-0.00013,6e-05,0.055,0.00015,0.0,30.4,-0.083,-1.579,101,0.3295,-0.0162,9.7154,-0.0012,0.0,0.00146,0.0,0.0,17816,21360,16820,20290
35.019,-0.00013,6e-05,0.0,0.00015,0.0,29.99,0.0,0.0,0.0,0.0,0.0,19.99,0.0,0.0,0.061,0.0,0.0,200.93,-0.00013,6e-05,0.036,0.00015,0.0,29.99,-0.034,-1.602,101,0.2747,0.0296,9.7414,-0.00479,0.00027,0.00107,0.0,0.0,17816,21360,16820,20290
35.269,-0.00013,6e-05,0.0,0.00015,0.0,29.99,0.0,0.0,0.0,0.0,0.0,19.99,0.0,0.0,0.067,0.0,0.0,200.93,-0.00013,6e-05,0.035,0.00015,0.0,29.99,-0.063,-1.647,101,0.2631,0.0242,9.7728,-0.00519,-0.00246,0.00659,0.0,0.0,17816,21360,16820,20290
35.518,-0.00013,6e-05,0.0,0.00015,0.0,29.99,0.0,0.0,0.0,0.0,0.0,19.99,0.0,0.0,0.067,0.0,0.0,200.93,-0.00013,6e-05,0.041,0.00015,0.0,29.99,-0.064,-1.657,95,0.2469,0.0619,9.7351,-0.00067,-0.0034,0.00093,0.0,0.0,17816,21360,16820,20290
35.768,-0.00013,6e-05,0.0,0.00015,0.0,29.99,0.0,0.0,0.0,0.0,0.0,19.99,0.0,0.0,0.078,0.0,0.0,200.93,-0.00013,6e-05,0.046,0.00015,0.0,29.99,-0.038,-1.644,95,0.2523,0.0584,9.7612,-0.0032,-0.00067,0.00912,0.0,0.0,17816,21360,16820,20290
36.019,-0.00013,6e-05,0.0,0.00015,0.0,29.99,0.0,0.0,0.0,0.0,0.0,19.99,0.0,0.0,0.085,0.0,0.0,200.93,-0.00013,6e-05,0.057,0.00015,0.0,29.99,-0.07,-1.622,95,0.3268,-0.0072,9.7351,-0.00619,0.0014,0.00486,0.0,0.0,17816,21360,16820,20290
36.268,-0.00013,6e-05,0.0,0.00015,0.0,29.61,0.0,0.0,0.0,0.0,0.0,19.21,0.0,0.0,0.087,0.0,0.0,200.86,-0.00013,6e-05,0.055,0.00015,0.0,29.61,-0.054,-1.603,95,0.2828,0.0081,9.7217,-0.00513,0.00173,0.00719,0.0,0.0,17816,21360,16820,20290
36.518,-0.00013,6e-05,0.0,0.00015,0.0,29.61,0.0,0.0,0.0,0.0,0.0,19.21,0.0,0.0,0.086,0.0,0.0,200.86,-0.00013,6e-05,0.056,0.00015,0.0,29.61,-0.058,-1.613,91,0.2676,-0.0404,9.7665,-0.00399,-0.0004,0.00286,0.0,0.0,17816,21360,16820,20290
36.768,-0.00013,6e-05,0.0,0.00015,0.0,29.61,0.0,0.0,0.0,0.0,0.0,19.21,0.0,0.0,0.083,0.0,0.0,200.86,-0.00013,6e-05,0.054,0.00015,0.0,29.61,-0.092,-1.614,91,0.2837,0.0242,9.7701,-0.00573,-0.001,0.0032,0.0,0.0,17816,21360,16820,20290
37.018,-0.00013,6e-05,0.0,0.00015,0.0,29.61,0.0,0.0,0.0,0.0,0.0,19.21,0.0,0.0,0.08,0.0,0.0,200.86,-0.00013,6e-05,0.053,0.00015,0.0,29.61,0.012,-1.662,91,0.2379,0.0709,9.7091,-0.00306,0.00153,-0.00027,0.0,0.0,17816,21360,16820,20290
37.269,-0.00014,6e-05,0.0,0.00015,0.0,29.99,0.0,0.0,0.0,0.0,0.0,20.99,0.0,0.0,0.078,0.0,0.0,200.94,-0.00013,6e-05,0.052,0.00015,0.0,29.99,-0.012,-1.606,91,0.2334,0.018,9.7369,-0.00166,0.00153,0.00513,0.0,0.0,17816,21360,16820,20290
37.518,-0.00014,6e-05,0.0,0.00015,0.0,29.99,0.0,0.0,0.0,0.0,0.0,20.99,0.0,0.0,0.077,0.0,0.0,200.94,-0.00013,6e-05,0.046,0.00015,0.0,29.99,-0.031,-1.61,91,0.2469,0.0269,9.7818,-0.00193,0.001,0.0022,0.0,0.0,17816,21360,16820,20290
37.769,-0.00018,0.0001,-0.0,0.0002,0.0,29.99,0.0,0.0,0.0,0.0,0.0,20.99,0.0,0.0,0.084,0.0,0.0,200.94,-0.00018,0.0001,0.053,0.0002,0.0,29.99,0.103,-1.557,91,0.2909,-0.0135,9.7585,-0.00446,-0.00093,0.00433,0.0,0.0,17816,21360,16820,20290
38.019,-0.00018,0.0001,-0.0,0.0002,0.0,29.99,0.0,0.0,0.0,0.0,0.0,20.99,0.0,0.0,0.071,0.0,0.0,200.94,-0.00018,0.0001,0.043,0.0002,0.0,29.99,-0.006,-1.575,91,0.2334,0.0,9.7459,-0.0016,-0.0026,-0.0024,0.0,0.0,17816,21360,16820,20290
38.268,-0.00018,0.0001,-0.0,0.0002,0.0,29.99,0.0,0.0,0.0,0.0,0.0,20.99,0.0,0.0,0.07,0.0,0.0,200.94,-0.00018,0.0001,0.033,0.0002,0.0,29.99,-0.034,-1.579,91,0.3035,0.0512,9.727,-0.00613,-0.00193,0.00293,0.0,0.0,17816,21360,16820,20290
38.518,-0.00018,0.0001,-0.0,0.0002,0.0,30.41,0.0,0.0,0.0,0.0,0.0,20.0,0.0,0.0,0.064,0.0,0.0,199.24,-0.00018,0.0001,0.035,0.0002,0.0,30.41,-0.021,-1.598,93,0.2424,0.0081,9.7639,-0.00466,0.00286,-0.00426,0.0,0.0,17816,21360,16820,20290
38.768,-0.00018,0.0001,-0.0,0.0002,0.0,30.41,0.0,0.0,0.0,0.0,0.0,20.0,0.0,0.0,0.058,0.0,0.0,199.24,-0.00018,0.0001,0.029,0.0002,0.0,30.41,-0.014,-1.61,93,0.2415,-0.0072,9.7567,-0.00459,-0.00093,0.00213,0.0,0.0,17816,21360,16820,20290
39.018,-0.00018,0.0001,-0.0,0.0002,0.0,30.41,0.0,0.0,0.0,0.0,0.0,20.0,0.0,0.0,0.057,0.0,0.0,199.24,-0.00018,0.0001,0.026,0.0002,0.0,30.41,-0.076,-1.589,93,0.246,-0.0126,9.7558,-0.00393,-0.00273,0.00273,0.0,0.0,17816,21360,16820,20290
39.268,-0.00018,0.0001,-0.0,0.0002,0.0,30.41,0.0,0.0,0.0,0.0,0.0,20.0,0.0,0.0,0.056,0.0,0.0,199.24,-0.00018,0.0001,0.025,0.0002,0.0,30.41,-0.056,-1.604,93,0.2622,0.0296,9.7585,-0.0034,-0.00033,-0.00333,0.0,0.0,17816,21360,16820,20290
39.519,-0.00018,0.0001,-0.0,0.0002,0.0,28.99,0.0,0.0,0.0,0.0,0.0,18.0,0.0,0.0,0.045,0.0,0.0,199.97,-0.00018,0.0001,0.012,0.0002,0.0,28.99,-0.018,-1.59,93,0.299,-0.0323,9.7432,-0.00506,-0.00073,0.00413,0.0,0.0,17816,21360,16820,20290
39.769,-0.00018,0.0001,-0.0,0.0002,0.0,28.99,0.0,0.0,0.0,0.0,0.0,18.0,0.0,0.0,0.037,0.0,0.0,199.97,-0.00018,0.0001,0.01,0.0002,0.0,28.99,-0.01,-1.607,93,0.2729,0.0018,9.7558,-0.0022,-0.002,0.0022,0.0,0.0,17816,21360,16820,20290
40.019,-0.00018,0.0001,-0.0,0.0002,0.0,28.99,0.0,0.0,0.0,0.0,0.0,18.0,0.0,0.0,0.035,0.0,0.0,199.97,-0.00018,0.0001,0.003,0.0002,0.0,28.99,-0.02,-1.605,93,0.2855,0.0,9.7639,-0.00113,-0.00206,0.0014,0.0,0.0,17816,21360,16820,20290
40.268,-0.00018,0.0001,-0.0,0.0002,0.0,28.99,0.0,0.0,0.0,0.0,0.0,18.0,0.0,0.0,0.032,0.0,0.0,199.97,-0.00018,0.0001,0.007,0.0002,0.0,28.99,-0.017,-1.592,93,0.2702,-0.0009,9.7378,0.00146,-0.0006,-0.00499,0.0,0.0,17816,21360,16820,20290
40.519,-0.00018,0.0001,-0.0,0.0002,0.0,28.99,0.0,0.0,0.0,0.0,0.0,18.0,0.0,0.0,0.044,0.0,0.0,199.97,-0.00018,0.0001,0.01,0.0002,0.0,28.99,-0.046,-1.645,93,0.299,-0.0153,9.7091,-0.0032,-0.003,0.003,0.0,0.0,17816,21360,16820,20290
40.768,-0.00018,0.0001,-0.0,0.0002,0.0,28.81,0.0,0.0,0.0,0.0,0.0,20.8,0.0,0.0,0.053,0.0,0.0,201.64,-0.00018,0.0001,0.018,0.0002,0.0,28.81,-0.058,-1.608,93,0.3484,-0.0233,9.7244,-0.0006,-0.0016,0.00166,0.0,0.0,17816,21360,16820,20290
41.018,-0.00018,0.0001,-0.0,0.0002,0.0,28.81,0.0,0.0,0.0,0.0,0.0,20.8,0.0,0.0,0.058,0.0,0.0,201.64,-0.00018,0.0001,0.025,0.0002,0.0,28.81,-0.042,-1.667,93,0.2738,-0.0027,9.7351,-0.0038,0.00246,0.0016,0.0,0.0,17816,21360,16820,20290
41.268,-0.00018,0.0001,-0.0,0.0002,0.0,28.81,0.0,0.0,0.0,0.0,0.0,20.8,0.0,0.0,0.054,0.0,0.0,201.64,-0.00018,0.0001,0.024,0.0002,0.0,28.81,-0.02,-1.626,93,0.2577,-0.0341,9.7755,-0.00573,0.00107,0.00666,0.0,0.0,17816,21360,16820,20290
41.519,-0.00018,0.0001,-0.0,0.0002,0.0,28.81,0.0,0.0,0.0,0.0,0.0,20.8,0.0,0.0,0.05,0.0,0.0,201.64,-0.00018,0.0001,0.018,0.0002,0.0,28.81,-0.03,-1.619,93,0.2837,-0.0278,9.7082,-0.00293,-0.0024,0.00206,0.0,0.0,17816,21360,16820,20290
41.768,-0.00018,0.0001,-0.0,0.0002,0.0,30.0,0.0,0.0,0.0,0.0,0.0,21.0,0.0,0.0,0.046,0.0,0.0,199.99,-0.00018,0.0001,0.015,0.0002,0.0,30.0,-0.034,-1.618,93,0.3044,-0.0386,9.7639,-0.00659,0.0012,0.00899,0.0,0.0,17816,21360,16820,20290
42.019,-0.00018,0.0001,-0.0,0.0002,0.0,30.0,0.0,0.0,0.0,0.0,0.0,21.0,0.0,0.0,0.053,0.0,0.0,199.99,-0.00018,0.0001,0.019,0.0002,0.0,30.0,-0.031,-1.607,93,0.2747,0.0269,9.78,-0.0006,0.00166,0.00393,0.0,0.0,17816,21360,16820,20290
42.268,-0.00018,0.0001,-0.0,0.0002,0.0,30.0,0.0,0.0,0.0,0.0,0.0,21.0,0.0,0.0,0.058,0.0,0.0,199.99,-0.00018,0.0001,0.024,0.0002,0.0,30.0,-0.058,-1.639,93,0.1867,0.0108,9.771,-0.00146,-0.00107,-0.00213,0.0,0.0,17816,21360,16820,20290
42.519,-0.00018,0.0001,-0.0,0.0002,0.0,30.0,0.0,0.0,0.0,0.0,0.0,21.0,0.0,0.0,0.057,0.0,0.0,199.99,-0.00018,0.0001,0.029,0.0002,0.0,30.0,-0.042,-1.628,93,0.2864,0.0485,9.7235,-0.00486,-0.0026,-0.0018,0.0,0.0,17816,21360,16820,20290
42.768,-0.00018,0.0001,-0.0,0.0002,0.0,30.0,0.0,0.0,0.0,0.0,0.0,21.0,0.0,0.0,0.06,0.0,0.0,199.99,-0.00018,0.0001,0.03,0.0002,0.0,30.0,-0.069,-1.67,93,0.237,0.0018,9.6992,-0.00306,0.00013,-0.00153,0.0,0.0,17816,21360,16820,20290
43.018,-0.00018,0.0001,-0.0,0.0002,0.0,28.8,0.0,0.0,0.0,0.0,0.0,20.0,0.0,0.0,0.074,0.0,0.0,200.0,-0.00018,0.0001,0.041,0.0002,0.0,28.8,-0.084,-1.599,93,0.3035,-0.0153,9.7064,-0.00493,-0.0032,-0.00107,0.0,0.0,17816,21360,16820,20290
43.268,-0.00022,0.00012,-0.001,0.00025,0.0,28.8,0.0,0.0,0.0,0.0,0.0,20.0,0.0,0.0,0.072,0.0,0.0,200.0,-0.00022,0.00012,0.034,0.00025,0.0,28.8,-0.084,-1.586,93,0.2442,0.0215,9.7396,-0.00213,0.00306,0.00826,0.0,0.0,17816,21360,16820,20290
43.519,-0.00022,0.00012,-0.001,0.00025,0.0,28.8,0.0,0.0,0.0,0.0,0.0,20.0,0.0,0.0,0.072,0.0,0.0,200.0,-0.00022,0.00012,0.038,0.00025,0.0,28.8,-0.092,-1.633,98,0.3133,-0.0305,9.7163,-0.00606,0.00133,-0.00047,0.0,0.0,17816,21360,16820,20290
43.768,-0.00022,0.00012,-0.001,0.00025,0.0,28.8,0.0,0.0,0.0,0.0,0.0,20.0,0.0,0.0,0.085,0.0,0.0,200.0,-0.00022,0.00012,0.047,0.00025,0.0,28.8,-0.068,-1.589,98,0.2774,0.0063,9.7333,-0.00273,-0.00033,0.00173,0.0,0.0,17816,21360,16820,20290
44.019,-0.00022,0.00012,-0.001,0.00025,0.0,29.99,0.0,0.0,0.0,0.0,0.0,20.0,0.0,0.0,0.09,0.0,0.0,199.97,-0.00022,0.00012,0.054,0.00025,0.0,29.99,-0.051,-1.572,98,0.2433,-0.0135,9.7351,-0.0014,-0.0014,0.00133,0.0,0.0,17816,21360,16820,20290
44.268,-0.00022,0.00012,-0.001,0.00025,0.0,29.99,0.0,0.0,0.0,0.0,0.0,20.0,0.0,0.0,0.084,0.0,0.0,199.97,-0.00022,0.00012,0.05,0.00025,0.0,29.99,-0.034,-1.617,98,0.2325,0.009,9.7683,-0.00406,-0.001,0.00513,0.0,0.0,17816,21360,16820,20290
44.519,-0.00022,0.00012,-0.001,0.00025,0.0,29.99,0.0,0.0,0.0,0.0,0.0,20.0,0.0,0.0,0.081,0.0,0.0,199.97,-0.00022,0.00012,0.045,0.00025,0.0,29.99,-0.039,-1.569,97,0.2667,0.0503,9.7818,-0.00646,-0.00073,0.0006,0.0,0.0,17816,21360,16820,20290
44.768,-0.00022,0.00012,-0.001,0.00025,0.0,29.99,0.0,0.0,0.0,0.0,0.0,20.0,0.0,0.0,0.075,0.0,0.0,199.97,-0.00022,0.00012,0.04,0.00025,0.0,29.99,-0.046,-1.587,97,0.2846,0.0162,9.7639,-0.00306,-0.00093,0.00473,0.0,0.0,17816,21360,16820,20290
45.018,-0.00022,0.00012,-0.001,0.00025,0.0,29.99,0.0,0.0,0.0,0.0,0.0,20.0,0.0,0.0,0.065,0.0,0.0,199.97,-0.00022,0.00012,0.032,0.00025,0.0,29.99,-0.021,-1.602,97,0.2684,0.0745,9.7145,-0.0028,-0.00067,-0.00486,0.0,0.0,17816,21360,16820,20290
45.269,-0.00022,0.00012,-0.001,0.00025,0.0,29.6,0.0,0.0,0.0,0.0,0.0,19.2,0.0,0.0,0.052,0.0,0.0,201.61,-0.00022,0.00012,0.016,0.00025,0.0,29.6,-0.075,-1.569,97,0.2586,0.0018,9.7522,-0.0026,0.00166,0.00413,0.0,0.0,17816,21360,16820,20290
45.519,-0.00022,0.00012,-0.001,0.00025,0.0,29.6,0.0,0.0,0.0,0.0,0.0,19.2,0.0,0.0,0.052,0.0,0.0,201.61,-0.00022,0.00012,0.016,0.00025,0.0,29.6,-0.048,-1.629,97,0.2595,0.0269,9.7064,-0.00413,0.00173,-0.0002,0.0,0.0,17816,21360,16820,20290
45.768,-0.00022,0.00012,-0.001,0.00025,0.0,29.6,0.0,0.0,0.0,0.0,0.0,19.2,0.0,0.0,0.047,0.0,0.0,201.61,-0.00022,0.00012,0.007,0.00025,0.0,29.6,-0.052,-1.617,97,0.2828,-0.0341,9.6938,-0.00113,-0.0002,0.00639,0.0,0.0,17816,21360,16820,20290
46.018,-0.00022,0.00012,-0.001,0.00025,0.0,29.6,0.0,0.0,0.0,0.0,0.0,19.2,0.0,0.0,0.057,0.0,0.0,201.61,-0.00022,0.00012,0.021,0.00025,0.0,29.6,-0.073,-1.641,97,0.3115,0.0108,9.7441,-0.00652,-0.00233,0.0006,0.0,0.0,17816,21360,16820,20290
46.268,-0.00022,0.00012,-0.001,0.00025,0.0,29.6,0.0,0.0,0.0,0.0,0.0,19.2,0.0,0.0,0.054,0.0,0.0,201.61,-0.00022,0.00012,0.018,0.00025,0.0,29.6,-0.038,-1.652,97,0.2801,0.0422,9.7297,-0.003,-0.00127,-7e-05,0.0,0.0,17816,21360,16820,20290
46.519,-0.00022,0.00012,-0.001,0.00025,0.0,29.6,0.0,0.0,0.0,0.0,0.0,20.8,0.0,0.0,0.053,0.0,0.0,199.21,-0.00022,0.00012,0.014,0.00025,0.0,29.6,-0.033,-1.647,97,0.2882,-0.0099,9.7423,-0.0004,-0.00153,0.00266,0.0,0.0,17816,21360,16820,20290
46.768,-0.00022,0.00012,-0.001,0.00025,0.0,29.6,0.0,0.0,0.0,0.0,0.0,20.8,0.0,0.0,0.07,0.0,0.0,199.21,-0.00022,0.00012,0.024,0.00025,0.0,29.6,-0.044,-1.618,97,0.2361,0.0242,9.7656,-0.00386,-0.00166,0.0038,0.0,0.0,17816,21360,16820,20290
47.019,-0.00022,0.00012,-0.001,0.00025,0.0,29.6,0.0,0.0,0.0,0.0,0.0,20.8,0.0,0.0,0.075,0.0,0.0,199.21,-0.00022,0.00012,0.038,0.00025,0.0,29.6,-0.018,-1.611,97,0.22,0.0503,9.7674,-0.00226,0.001,0.00067,0.0,0.0,17816,21360,16820,20290
47.268,-0.00022,0.00012,-0.001,0.00025,0.0,29.6,0.0,0.0,0.0,0.0,0.0,20.8,0.0,0.0,0.09,0.0,0.0,199.21,-0.00022,0.00012,0.051,0.00025,0.0,29.6,-0.039,-1.592,97,0.3196,-0.0063,9.7199,0.0004,-0.00067,-0.00213,0.0,0.0,17816,21360,16820,20290
47.519,-0.00022,0.00012,-0.001,0.00025,0.0,27.0,0.0,0.0,0.0,0.0,0.0,20.0,0.0,0.0,0.1,0.0,0.0,197.98,-0.00022,0.00012,0.06,0.00025,0.0,27.0,-0.034,-1.623,97,0.2801,0.0584,9.7513,-0.00446,-0.00399,0.00586,0.0,0.0,17816,21360,16820,20290
47.769,-0.00022,0.00012,-0.001,0.00025,0.0,27.0,0.0,0.0,0.0,0.0,0.0,20.0,0.0,0.0,0.1,0.0,0.0,197.98,-0.00022,0.00012,0.062,0.00025,0.0,27.0,-0.078,-1.658,97,0.2577,0.0018,9.8141,-0.00546,0.0022,0.00386,0.0,0.0,17816,21360,16820,20290
48.019,-0.00022,0.00012,-0.001,0.00025,0.0,27.0,0.0,0.0,0.0,0.0,0.0,20.0,0.0,0.0,0.102,0.0,0.0,197.98,-0.00022,0.00012,0.063,0.00025,0.0,27.0,-0.092,-1.628,97,0.246,0.0251,9.763,-0.00619,0.00033,0.001,0.0,0.0,17816,21360,16820,20290
48.269,-0.00022,0.00012,-0.001,0.00025,0.0,27.0,0.0,0.0,0.0,0.0,0.0,20.0,0.0,0.0,0.11,0.0,0.0,197.98,-0.00022,0.00012,0.067,0.00025,0.0,27.0,-0.125,-1.625,97,0.2541,0.0314,9.7737,-0.00293,-0.00173,0.00313,0.0,0.0,17816,21360,16820,20290
48.518,-0.00022,0.00012,-0.001,0.00025,0.0,27.0,0.0,0.0,0.0,0.0,0.0,20.0,0.0,0.0,0.115,0.0,0.0,197.98,-0.00022,0.00012,0.074,0.00025,0.0,27.0,-0.089,-1.674,97,0.308,0.0072,9.7504,-0.0004,-0.00013,0.00246,0.0,0.0,17816,21360,16820,20290
48.768,-0.00022,0.00012,-0.001,0.00025,0.0,28.8,0.0,0.0,0.0,0.0,0.0,20.0,0.0,0.0,0.097,0.0,0.0,201.63,-0.00022,0.00012,0.064,0.00025,0.0,28.8,-0.03,-1.665,97,0.2729,0.0198,9.7279,-0.00286,0.0,0.00266,0.0,0.0,17816,21360,16820,20290
49.019,-0.00022,0.00012,-0.001,0.00025,0.0,28.8,0.0,0.0,0.0,0.0,0.0,20.0,0.0,0.0,0.104,0.0,0.0,201.63,-0.00022,0.00012,0.065,0.00025,0.0,28.8,-0.067,-1.627,97,0.3089,0.0072,9.7145,-0.00226,0.00153,0.00087,0.0,0.0,17816,21360,16820,20290
49.268,-0.00022,0.00012,-0.001,0.00025,0.0,28.8,0.0,0.0,0.0,0.0,0.0,20.0,0.0,0.0,0.09,0.0,0.0,201.63,-0.00022,0.00012,0.052,0.00025,0.0,28.8,-0.041,-1.602,97,0.3268,0.0117,9.7962,-0.00519,0.00067,0.00107,0.0,0.0,17816,21360,16820,20290
49.519,-0.00022,0.00012,-0.001,0.00025,0.0,28.8,0.0,0.0,0.0,0.0,0.0,20.0,0.0,0.0,0.081,0.0,0.0,201.63,-0.00022,0.00012,0.04,0.00025,0.0,28.8,-0.023,-1.635,101,0.2397,0.0736,9.7495,-0.00439,-0.002,0.00173,0.0,0.0,17816,21360,16820,20290
49.768,-0.00022,0.00012,-0.001,0.00025,0.0,29.0,0.0,0.0,0.0,0.0,0.0,19.0,0.0,0.0,0.079,0.0,0.0,199.99,-0.00022,0.00012,0.044,0.00025,0.0,29.0,-0.011,-1.585,101,0.2415,0.0233,9.7028,-0.0002,0.00233,0.001,0.0,0.0,17816,21360,16820,20290
50.019,-0.00022,0.00012,-0.001,0.00025,0.0,29.0,0.0,0.0,0.0,0.0,0.0,19.0,0.0,0.0,0.075,0.0,0.0,199.99,-0.00022,0.00012,0.032,0.00025,0.0,29.0,-0.02,-1.607,101,0.2307,0.0332,9.7648,-0.00466,0.0006,0.00286,0.0,0.0,17816,21360,16820,20290
50.269,-0.00022,0.00012,-0.001,0.00025,0.0,29.0,0.0,0.0,0.0,0.0,0.0,19.0,0.0,0.0,0.071,0.0,0.0,199.99,-0.00022,0.00012,0.029,0.00025,0.0,29.0,-0.009,-1.639,101,0.3169,0.035,9.7701,-0.00273,0.00253,0.00553,0.0,0.0,17816,21360,16820,20290
50.518,-0.00022,0.00012,-0.001,0.00025,0.0,29.0,0.0,0.0,0.0,0.0,0.0,19.0,0.0,0.0,0.072,0.0,0.0,199.99,-0.00022,0.00012,0.032,0.00025,0.0,29.0,-0.021,-1.651,101,0.3097,-0.0386,9.7297,-0.00233,-0.0012,0.001,0.0,0.0,17816,21360,16820,20290
50.768,-0.00022,0.00012,-0.001,0.00025,0.0,29.0,0.0,0.0,0.0,0.0,0.0,19.0,0.0,0.0,0.076,0.0,0.0,199.99,-0.00022,0.00012,0.03,0.00025,0.0,29.0,0.004,-1.632,101,0.2999,0.0233,9.7028,-0.00093,0.00093,0.00246,0.0,0.0,17816,21360,16820,20290
51.019,-0.00022,0.00012,-0.001,0.00025,0.0,30.4,0.0,0.0,0.0,0.0,0.0,20.8,0.0,0.0,0.059,0.0,0.0,199.98,-0.00022,0.00012,0.017,0.00025,0.0,30.4,-0.04,-1.577,101,0.246,0.0215,9.7459,-0.00506,-0.00127,-7e-05,0.0,0.0,17816,21360,16820,20290
51.268,-0.00022,0.00012,-0.001,0.00025,0.0,30.4,0.0,0.0,0.0,0.0,0.0,20.8,0.0,0.0,0.056,0.0,0.0,199.98,-0.00022,0.00012,0.011,0.00025,0.0,30.4,-0.039,-1.648,101,0.3178,0.0799,9.7378,-0.0006,-0.0002,-0.00013,0.0,0.0,17816,21360,16820,20290
51.519,-0.00022,0.00012,-0.001,0.00025,0.0,30.4,0.0,0.0,0.0,0.0,0.0,20.8,0.0,0.0,0.048,0.0,0.0,199.98,-0.00022,0.00012,0.004,0.00025,0.0,30.4,-0.05,-1.613,100,0.2864,-0.0027,9.7441,-0.0032,7e-05,0.00313,0.0,0.0,17816,21360,16820,20290
51.769,-0.00022,0.00012,-0.001,0.00025,0.0,30.4,0.0,0.0,0.0,0.0,0.0,20.8,0.0,0.0,0.037,0.0,0.0,199.98,-0.00022,0.00012,-0.003,0.00025,0.0,30.4,-0.021,-1.634,100,0.2756,-0.0269,9.7279,-0.00326,-0.00173,0.00193,0.0,0.0,17816,21360,16820,20290
52.019,-0.00022,0.00012,-0.001,0.00025,0.0,30.4,0.0,0.0,0.0,0.0,0.0,20.8,0.0,0.0,0.052,0.0,0.0,199.98,-0.00022,0.00012,0.009,0.00025,0.0,30.4,-0.003,-1.625,100,0.237,-0.0171,9.7432,-0.00466,-0.00153,0.00073,0.0,0.0,17816,21360,16820,20290
52.269,-0.00022,0.00012,-0.001,0.00025,0.0,28.0,0.0,0.0,0.0,0.0,0.0,20.0,0.0,0.0,0.047,0.0,0.0,200.8,-0.00022,0.00012,0.002,0.00025,0.0,28.0,-0.037,-1.654,100,0.3097,0.07,9.7163,-0.00459,0.00213,-0.00146,0.0,0.0,17816,21360,16820,20290
52.519,-0.00022,0.00012,-0.001,0.00025,0.0,28.0,0.0,0.0,0.0,0.0,0.0,20.0,0.0,0.0,0.045,0.0,0.0,200.8,-0.00022,0.00012,0.003,0.00025,0.0,28.0,-0.029,-1.681,100,0.3313,-0.0162,9.7656,-0.00386,0.0006,0.00033,0.0,0.0,17816,21360,16820,20290
52.769,-0.00022,0.00012,-0.001,0.00025,0.0,28.0,0.0,0.0,0.0,0.0,0.0,20.0,0.0,0.0,0.05,0.0,0.0,200.8,-0.00022,0.00012,0.002,0.00025,0.0,28.0,0.028,-1.6,100,0.264,0.0961,9.754,-0.0036,-0.0012,0.00226,0.0,0.0,17816,21360,16820,20290
53.019,-0.00022,0.00012,-0.001,0.00025,0.0,28.0,0.0,0.0,0.0,0.0,0.0,20.0,0.0,0.0,0.047,0.0,0.0,200.8,-0.00022,0.00012,0.005,0.00025,0.0,28.0,-0.016,-1.609,100,0.2218,0.0206,9.7226,-0.0038,-0.0002,0.0012,0.0,0.0,17816,21360,16820,20290
53.268,-0.00022,0.00012,-0.001,0.00025,0.0,28.0,0.0,0.0,0.0,0.0,0.0,20.0,0.0,0.0,0.057,0.0,0.0,200.8,-0.00022,0.00012,0.011,0.00025,0.0,28.0,-0.033,-1.635,100,0.29,-0.0251,9.763,-0.00153,-0.00213,-0.00127,0.0,0.0,17816,21360,16820,20290
53.519,-0.00022,0.00012,-0.001,0.00025,0.0,29.58,0.0,0.0,0.0,0.0,0.0,19.99,0.0,0.0,0.055,0.0,0.0,199.87,-0.00022,0.00012,0.01,0.00025,0.0,29.58,-0.039,-1.571,100,0.2577,-0.0135,9.7558,-0.0016,0.00233,0.00393,0.0,0.0,17816,21360,16820,20290
53.768,-0.00022,0.00012,-0.001,0.00025,0.0,29.58,0.0,0.0,0.0,0.0,0.0,19.99,0.0,0.0,0.073,0.0,0.0,199.87,-0.00022,0.00012,0.03,0.00025,0.0,29.58,-0.059,-1.623,100,0.3196,-0.0305,9.7513,-0.00493,-0.00226,0.00499,0.0,0.0,17816,21360,16820,20290
54.019,-0.00022,0.00012,-0.001,0.00025,0.0,29.58,0.0,0.0,0.0,0.0,0.0,19.99,0.0,0.0,0.073,0.0,0.0,199.87,-0.00022,0.00012,0.027,0.00025,0.0,29.58,-0.025,-1.709,100,0.3008,-0.0153,9.7612,-0.0034,-0.00226,0.00732,0.0,0.0,17816,21360,16820,20290
54.268,-0.00022,0.00012,-0.001,0.00025,0.0,29.58,0.0,0.0,0.0,0.0,0.0,19.99,0.0,0.0,0.07,0.0,0.0,199.87,-0.00022,0.00012,0.029,0.00025,0.0,29.58,-0.06,-1.687,100,0.2828,-0.0162,9.727,-0.00246,0.0024,0.00659,0.0,0.0,17816,21360,16820,20290
54.519,-0.00022,0.00012,-0.001,0.00025,0.0,29.58,0.0,0.0,0.0,0.0,0.0,19.99,0.0,0.0,0.079,0.0,0.0,199.87,-0.00022,0.00012,0.038,0.00025,0.0,29.58,-0.024,-1.664,101,0.2263,0.0431,9.7396,0.0012,0.0022,-0.003,0.0,0.0,17816,21360,16820,20290
54.768,-0.00022,0.00012,-0.001,0.00025,0.0,28.82,0.0,0.0,0.0,0.0,0.0,20.01,0.0,0.0,0.076,0.0,0.0,200.95,-0.00022,0.00012,0.032,0.00025,0.0,28.82,-0.074,-1.666,101,0.2289,-0.0054,9.7665,-0.00253,-0.00133,0.00593,0.0,0.0,17816,21360,16820,20290
55.018,-0.00022,0.00012,-0.001,0.00025,0.0,28.82,0.0,0.0,0.0,0.0,0.0,20.01,0.0,0.0,0.077,0.0,0.0,200.95,-0.00022,0.00012,0.032,0.00025,0.0,28.82,-0.069,-1.644,101,0.2667,0.0359,9.7306,-0.00206,0.00459,0.00067,0.0,0.0,17816,21360,16820,20290
55.269,-0.00022,0.00012,-0.001,0.00025,0.0,28.82,0.0,0.0,0.0,0.0,0.0,20.01,0.0,0.0,0.089,0.0,0.0,200.95,-0.00022,0.00012,0.04,0.00025,0.0,28.82,-0.038,-1.617,101,0.2496,-0.0126,9.7656,-0.00426,-0.00253,0.0028,0.0,0.0,17816,21360,16820,20290
55.519,-0.00022,0.00012,-0.001,0.00025,0.0,28.82,0.0,0.0,0.0,0.0,0.0,20.01,0.0,0.0,0.084,0.0,0.0,200.95,-0.00022,0.00012,0.039,0.00025,0.0,28.82,-0.056,-1.621,101,0.2936,0.0242,9.7791,-0.00313,-0.00193,0.00166,0.0,0.0,17816,21360,16820,20290
55.769,-0.00022,0.00012,-0.001,0.00025,0.0,29.99,0.0,0.0,0.0,0.0,0.0,18.99,0.0,0.0,0.081,0.0,0.0,200.9,-0.00022,0.00012,0.033,0.00025,0.0,29.99,-0.078,-1.64,101,0.2343,0.0476,9.7387,-0.00726,-0.00366,0.00413,0.0,0.0,17816,21360,16820,20290
56.019,-0.00022,0.00012,-0.001,0.00025,0.0,29.99,0.0,0.0,0.0,0.0,0.0,18.99,0.0,0.0,0.068,0.0,0.0,200.9,-0.00022,0.00012,0.021,0.00025,0.0,29.99,-0.088,-1.66,101,0.2828,-0.0224,9.6839,-0.00419,0.00173,0.00273,0.0,0.0,17816,21360,16820,20290
56.269,-0.00022,0.00012,-0.001,0.00025,0.0,29.99,0.0,0.0,0.0,0.0,0.0,18.99,0.0,0.0,0.081,0.0,0.0,200.9,-0.00022,0.00012,0.035,0.00025,0.0,29.99,-0.095,-1.574,101,0.2999,0.0,9.7656,-0.00526,0.002,-0.00107,0.0,0.0,17816,21360,16820,20290
56.519,-0.00022,0.00012,-0.001,0.00025,0.0,29.99,0.0,0.0,0.0,0.0,0.0,18.99,0.0,0.0,0.076,0.0,0.0,200.9,-0.00022,0.00013,0.031,0.00025,0.0,29.99,-0.068,-1.589,101,0.2792,-0.0224,9.727,-0.003,-0.00166,-7e-05,0.0,0.0,17816,21360,16820,20290
56.768,-0.00022,0.00013,-0.001,0.00025,0.0,29.99,0.0,0.0,0.0,0.0,0.0,18.99,0.0,0.0,0.077,0.0,0.0,200.9,-0.00022,0.00013,0.033,0.00025,0.0,29.99,-0.086,-1.606,101,0.2361,0.0189,9.7513,-0.00027,-0.0034,0.00459,0.0,0.0,17816,21360,16820,20290
57.019,-0.00022,0.00013,-0.001,0.00026,0.0,29.61,0.0,0.0,0.0,0.0,0.0,20.81,0.0,0.0,0.084,0.0,0.0,198.46,-0.00022,0.00013,0.04,0.00025,0.0,29.61,-0.053,-1.615,101,0.3331,-0.0009,9.7378,0.00027,-0.00113,-0.00413,0.0,0.0,17816,21360,16820,20290
57.268,-0.00022,0.00013,-0.001,0.00026,0.0,29.61,0.0,0.0,0.0,0.0,0.0,20.81,0.0,0.0,0.082,0.0,0.0,198.46,-0.00022,0.00013,0.03,0.00025,0.0,29.61,-0.08,-1.62,101,0.2747,0.0494,9.7692,-0.00446,0.00013,0.00107,0.0,0.0,17816,21360,16820,20290
57.519,-0.00022,0.00013,-0.001,0.00026,0.0,29.61,0.0,0.0,0.0,0.0,0.0,20.81,0.0,0.0,0.081,0.0,0.0,198.46,-0.00022,0.00013,0.035,0.00025,0.0,29.61,-0.006,-1.601,101,0.2774,0.0646,9.7423,-0.00453,0.00153,-0.00133,0.0,0.0,17816,21360,16820,20290
57.768,-0.00022,0.00013,-0.001,0.00026,0.0,29.61,0.0,0.0,0.0,0.0,0.0,20.81,0.0,0.0,0.079,0.0,0.0,198.46,-0.00022,0.00013,0.03,0.00026,0.0,29.61,-0.025,-1.652,101,0.2298,0.0593,9.7549,-0.002,-0.00133,-0.00073,0.0,0.0,17816,21360,16820,20290
58.019,-0.00022,0.00013,-0.001,0.00026,0.0,29.98,0.0,0.0,0.0,0.0,0.0,19.98,0.0,0.0,0.086,0.0,0.0,200.84,-0.00022,0.00013,0.037,0.00026,0.0,29.98,-0.068,-1.624,101,0.2631,-0.0072,9.7252,-0.00459,0.0014,-0.0002,0.0,0.0,17816,21360,16820,20290
58.269,-0.00022,0.00013,-0.001,0.00026,0.0,29.98,0.0,0.0,0.0,0.0,0.0,19.98,0.0,0.0,0.088,0.0,0.0,200.84,-0.00022,0.00013,0.042,0.00026,0.0,29.98,-0.066,-1.585,101,0.2783,0.0063,9.701,-0.00166,-0.00027,0.0038,0.0,0.0,17816,21360,16820,20290
58.519,-0.00022,0.00013,-0.001,0.00026,0.0,29.98,0.0,0.0,0.0,0.0,0.0,19.98,0.0,0.0,0.087,0.0,0.0,200.84,-0.00022,0.00013,0.036,0.00026,0.0,29.98,-0.02,-1.656,101,0.2783,-0.0512,9.7926,-0.0024,-0.00166,0.00526,0.0,0.0,17816,21360,16820,20290
58.769,-0.00022,0.00013,-0.001,0.00026,0.0,29.98,0.0,0.0,0.0,0.0,0.0,19.98,0.0,0.0,0.089,0.0,0.0,200.84,-0.00022,0.00013,0.042,0.00026,0.0,29.98,-0.01,-1.635,101,0.2756,0.0853,9.7199,-0.00326,-0.00047,0.00559,0.0,0.0,17816,21360,16820,20290
59.019,-0.00022,0.00013,-0.001,0.00026,0.0,29.98,0.0,0.0,0.0,0.0,0.0,19.98,0.0,0.0,0.085,0.0,0.0,200.84,-0.00022,0.00013,0.036,0.00026,0.0,29.98,-0.028,-1.57,101,0.2559,-0.0467,9.7324,-0.00732,-0.00386,0.003,0.0,0.0,17816,21360,16820,20290
59.269,-0.00022,0.00013,-0.001,0.00026,0.0,29.61,0.0,0.0,0.0,0.0,0.0,20.01,0.0,0.0,0.088,0.0,0.0,200.87,-0.00022,0.00013,0.039,0.00026,0.0,29.61,-0.043,-1.656,101,0.2397,0.0018,9.7235,-0.00266,-0.00313,0.001,0.0,0.0,17816,21360,16820,20290
59.519,-0.00022,0.00013,-0.001,0.00026,0.0,29.61,0.0,0.0,0.0,0.0,0.0,20.01,0.0,0.0,0.096,0.0,0.0,200.87,-0.00022,0.00013,0.046,0.00026,0.0,29.61,0.006,-1.643,102,0.2038,0.0395,9.7656,-0.00533,-0.00273,0.00386,0.0,0.0,17816,21360,16820,20290
59.768,-0.00022,0.00013,-0.001,0.00026,0.0,29.61,0.0,0.0,0.0,0.0,0.0,20.01,0.0,0.0,0.099,0.0,0.0,200.87,-0.00022,0.00013,0.049,0.00026,0.0,29.61,0.001,-1.598,102,0.3106,-0.0314,9.7378,-0.00466,0.002,0.00333,0.0,0.0,17816,21360,16820,20290
60.019,-0.00022,0.00013,-0.001,0.00026,0.0,29.61,0.0,0.0,0.0,0.0,0.0,20.01,0.0,0.0,0.104,0.0,0.0,200.87,-0.00022,0.00013,0.054,0.00026,0.0,29.61,-0.043,-1.647,102,0.3304,0.0135,9.6893,-0.00539,-0.00107,0.00399,0.0,0.0,17816,21360,16820,20290
60.269,-0.00022,0.00013,-0.001,0.00026,0.0,29.98,0.0,0.0,0.0,0.0,0.0,18.99,0.0,0.0,0.099,0.0,0.0,199.9,-0.00022,0.00013,0.048,0.00026,0.0,29.98,-0.019,-1.596,102,0.3223,-0.0126,9.6956,-0.0006,-0.00087,0.0014,0.0,0.0,17816,21360,16820,20290
60.519,-0.00022,0.00013,-0.001,0.00026,0.0,29.98,0.0,0.0,0.0,0.0,0.0,18.99,0.0,0.0,0.096,0.0,0.0,199.9,-0.00022,0.00013,0.046,0.00026,0.0,29.98,0.001,-1.614,102,0.2361,-0.0045,9.7998,-0.00593,0.0008,0.00193,0.0,0.0,17816,21360,16820,20290
60.769,-0.00022,0.00013,-0.001,0.00026,0.0,29.98,0.0,0.0,0.0,0.0,0.0,18.99,0.0,0.0,0.084,0.0,0.0,199.9,-0.00022,0.00013,0.033,0.00026,0.0,29.98,-0.03,-1.597,102,0.2514,0.0422,9.7324,-0.0018,-0.00027,0.00306,0.0,0.0,17816,21360,16820,20290
61.019,-0.00022,0.00013,-0.001,0.00026,0.0,29.98,0.0,0.0,0.0,0.0,0.0,18.99,0.0,0.0,0.077,0.0,0.0,199.9,-0.00022,0.00013,0.028,0.00026,0.0,29.98,-0.031,-1.649,102,0.3403,0.0386,9.6857,-0.00493,0.00047,0.003,0.0,0.0,17816,21360,16820,20290
61.268,-0.00022,0.00013,-0.001,0.00026,0.0,29.98,0.0,0.0,0.0,0.0,0.0,18.99,0.0,0.0,0.071,0.0,0.0,199.9,-0.00022,0.00013,0.02,0.00026,0.0,29.98,-0.037,-1.73,102,0.3044,0.0224,9.6992,-0.00333,-7e-05,-0.00067,0.0,0.0,17816,21360,16820,20290
61.519,-0.00022,0.00013,-0.001,0.00026,0.0,29.62,0.0,0.0,0.0,0.0,0.0,20.81,0.0,0.0,0.074,0.0,0.0,200.14,-0.00022,0.00013,0.026,0.00026,0.0,29.62,-0.03,-1.648,102,0.3089,0.0108,9.7261,-0.00426,0.00113,-0.00419,0.0,0.0,17816,21360,16820,20290
61.77,-0.00022,0.00013,-0.001,0.00026,0.0,29.62,0.0,0.0,0.0,0.0,0.0,20.81,0.0,0.0,0.071,0.0,0.0,200.14,-0.00022,0.00013,0.019,0.00026,0.0,29.62,-0.033,-1.676,102,0.2254,0.0117,9.7504,-0.00133,-0.00246,0.00073,0.0,0.0,17816,21360,16820,20290
62.019,-0.00022,0.00013,-0.001,0.00026,0.0,29.62,0.0,0.0,0.0,0.0,0.0,20.81,0.0,0.0,0.071,0.0,0.0,200.14,-0.00022,0.00013,0.021,0.00026,0.0,29.62,-0.054,-1.645,102,0.2361,0.0144,9.7387,-0.00273,0.0004,-0.00246,0.0,0.0,17816,21360,16820,20290
62.27,-0.00022,0.00013,-0.001,0.00026,0.0,29.62,0.0,0.0,0.0,0.0,0.0,20.81,0.0,0.0,0.073,0.0,0.0,200.14,-0.00022,0.00013,0.02,0.00026,0.0,29.62,-0.065,-1.663,102,0.2577,0.0018,9.8007,-0.00526,0.002,0.00146,0.0,0.0,17816,21360,16820,20290
62.519,-0.00022,0.00013,-0.001,0.00026,0.0,29.99,0.0,0.0,0.0,0.0,0.0,20.0,0.0,0.0,0.056,0.0,0.0,199.96,-0.00022,0.00013,0.003,0.00026,0.0,29.99,-0.068,-1.611,105,0.2298,0.0871,9.8034,-0.002,0.00133,0.00186,0.0,0.0,17816,21360,16820,20290
62.769,-0.00022,0.00013,-0.001,0.00026,0.0,29.99,0.0,0.0,0.0,0.0,0.0,20.0,0.0,0.0,0.044,0.0,0.0,199.96,-0.00022,0.00013,-0.008,0.00026,0.0,29.99,-0.042,-1.626,105,0.2505,-0.0449,9.6866,-0.00426,-0.00266,0.00905,0.0,0.0,17816,21360,16820,20290
63.019,-0.00022,0.00013,-0.001,0.00026,0.0,29.99,0.0,0.0,0.0,0.0,0.0,20.0,0.0,0.0,0.047,0.0,0.0,199.96,-0.00022,0.00013,-0.004,0.00026,0.0,29.99,-0.099,-1.596,105,0.3062,-0.0144,9.7558,0.0004,7e-05,-0.00293,0.0,0.0,17816,21360,16820,20290
63.269,-0.00022,0.00013,-0.001,0.00026,0.0,29.99,0.0,0.0,0.0,0.0,0.0,20.0,0.0,0.0,0.033,0.0,0.0,199.96,-0.00022,0.00013,-0.021,0.00026,0.0,29.99,-0.096,-1.621,105,0.2406,-0.0099,9.7594,-0.00666,-0.00067,0.00246,0.0,0.0,17816,21360,16820,20290
63.52,-0.00022,0.00013,-0.001,0.00026,0.0,28.97,0.0,0.0,0.0,0.0,0.0,19.98,0.0,0.0,0.048,0.0,0.0,200.77,-0.00022,0.00013,-0.007,0.00026,0.0,28.97,-0.05,-1.649,105,0.264,-0.0144,9.7665,-0.00273,-0.00193,0.00659,0.0,0.0,17816,21360,16820,20290
63.769,-0.00022,0.00013,-0.001,0.00026,0.0,28.97,0.0,0.0,0.0,0.0,0.0,19.98,0.0,0.0,0.048,0.0,0.0,200.77,-0.00022,0.00013,-0.007,0.00026,0.0,28.97,-0.026,-1.641,105,0.2783,-0.0449,9.7585,-0.00233,7e-05,0.0024,0.0,0.0,17816,21360,16820,20290
64.018,-0.00022,0.00013,-0.001,0.00026,0.0,28.97,0.0,0.0,0.0,0.0,0.0,19.98,0.0,0.0,0.05,0.0,0.0,200.77,-0.00022,0.00013,-0.001,0.00026,0.0,28.97,-0.01,-1.577,105,0.22,-0.0368,9.736,-0.00453,-0.00253,0.0,0.0,0.0,17816,21360,16820,20290
64.269,-0.00022,0.00013,-0.001,0.00026,0.0,28.97,0.0,0.0,0.0,0.0,0.0,19.98,0.0,0.0,0.05,0.0,0.0,200.77,-0.00022,0.00013,-0.002,0.00026,0.0,28.97,-0.047,-1.583,105,0.2801,0.0126,9.6974,-0.00459,0.0,0.00426,0.0,0.0,17816,21360,16820,20290
64.518,-0.00022,0.00013,-0.001,0.00026,0.0,28.97,0.0,0.0,0.0,0.0,0.0,19.98,0.0,0.0,0.057,0.0,0.0,200.77,-0.00022,0.00013,0.004,0.00026,0.0,28.97,-0.011,-1.604,105,0.308,0.0018,9.7549,-0.00346,-0.00153,0.00206,0.0,0.0,17816,21360,16820,20290
64.768,-0.00022,0.00013,-0.001,0.00026,0.0,29.63,0.0,0.0,0.0,0.0,0.0,19.22,0.0,0.0,0.061,0.0,0.0,201.03,-0.00022,0.00013,0.01,0.00026,0.0,29.63,-0.066,-1.696,105,0.2595,0.0162,9.7504,-0.00033,-0.00193,0.00047,0.0,0.0,17816,21360,16820,20290
65.019,-0.00022,0.00013,-0.001,0.00026,0.0,29.63,0.0,0.0,0.0,0.0,0.0,19.22,0.0,0.0,0.064,0.0,0.0,201.03,-0.00022,0.00013,0.013,0.00026,0.0,29.63,-0.062,-1.618,105,0.2137,0.0045,9.7818,-0.00553,-0.0006,-0.00293,0.0,0.0,17816,21360,16820,20290
65.269,-0.00022,0.00013,-0.001,0.00026,0.0,29.63,0.0,0.0,0.0,0.0,0.0,19.22,0.0,0.0,0.066,0.0,0.0,201.03,-0.00022,0.00013,0.017,0.00026,0.0,29.63,-0.027,-1.639,105,0.2541,0.0135,9.8052,-0.00386,0.00127,0.00073,0.0,0.0,17816,21360,16820,20290
65.519,-0.00022,0.00013,-0.001,0.00026,0.0,29.63,0.0,0.0,0.0,0.0,0.0,19.22,0.0,0.0,0.067,0.0,0.0,201.03,-0.00022,0.00013,0.015,0.00026,0.0,29.63,-0.059,-1.665,105,0.2532,-0.0485,9.754,-0.0014,-0.00346,-0.00306,0.0,0.0,17816,21360,16820,20290
65.769,-0.00022,0.00013,-0.001,0.00026,0.0,30.97,0.0,0.0,0.0,0.0,0.0,20.98,0.0,0.0,0.07,0.0,0.0,199.8,-0.00022,0.00013,0.017,0.00026,0.0,30.97,-0.04,-1.637,105,0.2783,-0.0548,9.7513,-0.00399,-0.0012,0.00346,0.0,0.0,17816,21360,16820,20290
66.018,-0.00022,0.00013,-0.001,0.00026,0.0,30.97,0.0,0.0,0.0,0.0,0.0,20.98,0.0,0.0,0.077,0.0,0.0,199.8,-0.00022,0.00013,0.023,0.00026,0.0,30.97,-0.05,-1.603,105,0.2622,0.0314,9.7235,-0.00473,-0.00333,-0.00113,0.0,0.0,17816,21360,16820,20290
66.268,-0.00022,0.00013,-0.001,0.00026,0.0,30.97,0.0,0.0,0.0,0.0,0.0,20.98,0.0,0.0,0.074,0.0,0.0,199.8,-0.00022,0.00013,0.02,0.00026,0.0,30.97,-0.059,-1.611,105,0.2613,-0.026,9.7405,-0.00067,0.0,-0.00087,0.0,0.0,17816,21360,16820,20290
66.519,-0.00022,0.00013,-0.001,0.00026,0.0,30.97,0.0,0.0,0.0,0.0,0.0,20.98,0.0,0.0,0.065,0.0,0.0,199.8,-0.00022,0.00013,0.011,0.00026,0.0,30.97,-0.068,-1.605,105,0.2936,-0.0458,9.7441,-0.003,0.00047,0.002,0.0,0.0,17816,21360,16820,20290
66.77,-0.00023,0.00013,-0.001,0.00026,0.0,29.0,0.0,0.0,0.0,0.0,0.0,20.0,0.0,0.0,0.046,0.0,0.0,200.99,-0.00022,0.00013,-0.007,0.00026,0.0,29.0,-0.083,-1.669,105,0.3304,-0.053,9.7252,-0.00133,-0.00246,0.00193,0.0,0.0,17816,21360,16820,20290
67.018,-0.00023,0.00013,-0.001,0.00026,0.0,29.0,0.0,0.0,0.0,0.0,0.0,20.0,0.0,0.0,0.047,0.0,0.0,200.99,-0.00022,0.00013,-0.008,0.00026,0.0,29.0,-0.027,-1.613,105,0.2963,0.0171,9.7288,-0.00233,-0.00033,0.00513,0.0,0.0,17816,21360,16820,20290
67.269,-0.00023,0.00013,-0.001,0.00026,0.0,29.0,0.0,0.0,0.0,0.0,0.0,20.0,0.0,0.0,0.043,0.0,0.0,200.99,-0.00022,0.00013,-0.01,0.00026,0.0,29.0,-0.069,-1.644,105,0.2747,-0.0054,9.789,-0.0032,-0.00173,0.00087,0.0,0.0,17816,21360,16820,20290
67.518,-0.00023,0.00013,-0.001,0.00026,0.0,29.0,0.0,0.0,0.0,0.0,0.0,20.0,0.0,0.0,0.049,0.0,0.0,200.99,-0.00022,0.00013,-0.006,0.00026,0.0,29.0,-0.053,-1.682,105,0.2999,-0.0377,9.7477,-0.00433,-0.0022,0.00393,0.0,0.0,17816,21360,16820,20290
67.769,-0.00026,0.00014,-0.001,0.0003,0.0,29.0,0.0,0.0,0.0,0.0,0.0,20.0,0.0,0.0,0.05,0.0,0.0,200.99,-0.00026,0.00014,-0.003,0.0003,0.0,29.0,-0.076,-1.679,105,0.2801,-0.0251,9.7513,-0.00566,-0.00067,0.00373,0.0,0.0,17816,21360,16820,20290
68.018,-0.00026,0.00014,-0.001,0.0003,0.0,29.62,0.0,0.0,0.0,0.0,0.0,19.22,0.0,0.0,0.039,0.0,0.0,199.36,-0.00026,0.00014,-0.014,0.0003,0.0,29.62,-0.084,-1.675,105,0.2846,-0.0485,9.7208,-0.0032,-0.00093,-0.00087,0.0,0.0,17816,21360,16820,20290
68.268,-0.00026,0.00014,-0.001,0.0003,0.0,29.62,0.0,0.0,0.0,0.0,0.0,19.22,0.0,0.0,0.034,0.0,0.0,199.36,-0.00026,0.00014,-0.02,0.0003,0.0,29.62,-0.004,-1.627,105,0.2379,-0.0045,9.7414,-0.00419,-0.00186,0.00386,0.0,0.0,17816,21360,16820,20290
68.518,-0.00026,0.00014,-0.001,0.0003,0.0,29.62,0.0,0.0,0.0,0.0,0.0,19.22,0.0,0.0,0.041,0.0,0.0,199.36,-0.00026,0.00014,-0.013,0.0003,0.0,29.62,-0.083,-1.623,107,0.3053,-0.0449,9.7656,-0.00246,-0.0016,0.00193,0.0,0.0,17816,21360,16820,20290
68.769,-0.00026,0.00014,-0.001,0.0003,0.0,29.62,0.0,0.0,0.0,0.0,0.0,19.22,0.0,0.0,0.033,0.0,0.0,199.36,-0.00026,0.00014,-0.021,0.0003,0.0,29.62,-0.027,-1.61,107,0.2604,-0.0359,9.7639,-0.00353,0.002,-0.00153,0.0,0.0,17816,21360,16820,20290
69.019,-0.00026,0.00014,-0.001,0.0003,0.0,29.99,0.0,0.0,0.0,0.0,0.0,19.99,0.0,0.0,0.019,0.0,0.0,200.93,-0.00026,0.00014,-0.031,0.0003,0.0,29.99,-0.062,-1.647,107,0.2918,0.0476,9.7755,-0.00479,-0.00213,-0.00213,0.0,0.0,17816,21360,16820,20290
69.269,-0.00026,0.00014,-0.001,0.0003,0.0,29.99,0.0,0.0,0.0,0.0,0.0,19.99,0.0,0.0,0.033,0.0,0.0,200.93,-0.00026,0.00014,-0.02,0.0003,0.0,29.99,-0.056,-1.626,107,0.3133,0.0242,9.7235,-0.00459,-0.00193,0.00473,0.0,0.0,17816,21360,16820,20290
69.519,-0.00026,0.00014,-0.001,0.0003,0.0,29.99,0.0,0.0,0.0,0.0,0.0,19.99,0.0,0.0,0.046,0.0,0.0,200.93,-0.00026,0.00014,-0.005,0.0003,0.0,29.99,-0.049,-1.599,107,0.246,0.0072,9.6687,-0.00253,0.00206,-0.0028,0.0,0.0,17816,21360,16820,20290
69.769,-0.00026,0.00014,-0.001,0.0003,0.0,29.99,0.0,0.0,0.0,0.0,0.0,19.99,0.0,0.0,0.036,0.0,0.0,200.93,-0.00026,0.00014,-0.016,0.0003,0.0,29.99,-0.045,-1.657,107,0.2254,0.0081,9.7118,-0.00579,0.00107,0.00459,0.0,0.0,17816,21360,16820,20290
70.019,-0.00026,0.00014,-0.001,0.0003,0.0,29.0,0.0,0.0,0.0,0.0,0.0,20.0,0.0,0.0,0.042,0.0,0.0,200.0,-0.00026,0.00014,-0.008,0.0003,0.0,29.0,-0.031,-1.613,107,0.1787,-0.0278,9.7414,-0.00579,-0.0014,0.0004,0.0,0.0,17816,21360,16820,20290
70.269,-0.00026,0.00014,-0.001,0.0003,0.0,29.0,0.0,0.0,0.0,0.0,0.0,20.0,0.0,0.0,0.033,0.0,0.0,200.0,-0.00026,0.00014,-0.019,0.0003,0.0,29.0,-0.047,-1.624,107,0.281,0.0126,9.7665,-0.00446,-7e-05,0.00226,0.0,0.0,17816,21360,16820,20290
70.519,-0.00026,0.00014,-0.001,0.0003,0.0,29.0,0.0,0.0,0.0,0.0,0.0,20.0,0.0,0.0,0.03,0.0,0.0,200.0,-0.00026,0.00014,-0.022,0.0003,0.0,29.0,-0.014,-1.673,107,0.2774,0.0386,9.6732,-0.00413,-0.00266,0.00253,0.0,0.0,17816,21360,16820,20290
70.769,-0.00026,0.00014,-0.001,0.0003,0.0,29.0,0.0,0.0,0.0,0.0,0.0,20.0,0.0,0.0,0.024,0.0,0.0,200.0,-0.00026,0.00014,-0.027,0.0003,0.0,29.0,0.024,-1.636,107,0.3798,0.0099,9.7252,-0.0008,0.0004,-0.00067,0.0,0.0,17816,21360,16820,20290
71.019,-0.00026,0.00014,-0.001,0.0003,0.0,29.0,0.0,0.0,0.0,0.0,0.0,20.0,0.0,0.0,0.011,0.0,0.0,200.0,-0.00026,0.00014,-0.04,0.0003,0.0,29.0,0.01,-1.626,107,0.3017,-0.0144,9.7764,-0.00726,0.00113,0.00146,0.0,0.0,17816,21360,16820,20290
71.27,-0.00026,0.00014,-0.001,0.0003,0.0,30.38,0.0,0.0,0.0,0.0,0.0,19.99,0.0,0.0,0.009,0.0,0.0,201.48,-0.00026,0.00014,-0.043,0.0003,0.0,30.38,-0.046,-1.648,107,0.2765,0.0135,9.745,-0.00333,0.00107,0.00186,0.0,0.0,17816,21360,16820,20290
71.519,-0.00026,0.00014,-0.001,0.0003,0.0,30.38,0.0,0.0,0.0,0.0,0.0,19.99,0.0,0.0,0.007,0.0,0.0,201.48,-0.00026,0.00014,-0.048,0.0003,0.0,30.38,-0.019,-1.551,107,0.2532,0.0575,9.754,-0.00633,0.002,0.00599,0.0,0.0,17816,21360,16820,20290
71.769,-0.00026,0.00014,-0.001,0.0003,0.0,30.38,0.0,0.0,0.0,0.0,0.0,19.99,0.0,0.0,0.005,0.0,0.0,201.48,-0.00026,0.00014,-0.046,0.0003,0.0,30.38,-0.066,-1.552,107,0.2819,0.0045,9.7468,-0.00146,0.00013,0.00113,0.0,0.0,17816,21360,16820,20290
72.019,-0.00026,0.00014,-0.001,0.0003,0.0,30.38,0.0,0.0,0.0,0.0,0.0,19.99,0.0,0.0,0.019,0.0,0.0,201.48,-0.00026,0.00014,-0.033,0.0003,0.0,30.38,-0.034,-1.564,107,0.2496,0.035,9.798,-0.00593,0.0004,0.00459,0.0,0.0,17816,21360,16820,20290
72.269,-0.00026,0.00014,-0.001,0.0003,0.0,30.38,0.0,0.0,0.0,0.0,0.0,19.99,0.0,0.0,0.022,0.0,0.0,201.48,-0.00026,0.00014,-0.028,0.0003,0.0,30.38,-0.029,-1.593,107,0.3115,-0.0467,9.6884,0.00153,0.00087,-0.00087,0.0,0.0,17816,21360,16820,20290
72.519,-0.00026,0.00014,-0.001,0.0003,0.0,28.82,0.0,0.0,0.0,0.0,0.0,19.22,0.0,0.0,0.012,0.0,0.0,199.36,-0.00026,0.00014,-0.039,0.0003,0.0,28.82,-0.057,-1.646,107,0.2945,-0.0359,9.7378,-0.00266,0.0026,0.00406,0.0,0.0,17816,21360,16820,20290
72.769,-0.00026,0.00014,-0.001,0.0003,0.0,28.82,0.0,0.0,0.0,0.0,0.0,19.22,0.0,0.0,0.005,0.0,0.0,199.36,-0.00026,0.00014,-0.045,0.0003,0.0,28.82,-0.041,-1.614,107,0.2388,-0.0054,9.7279,-0.0006,0.0032,0.00206,0.0,0.0,17816,21360,16820,20290
73.019,-0.00026,0.00014,-0.001,0.0003,0.0,28.82,0.0,0.0,0.0,0.0,0.0,19.22,0.0,0.0,0.013,0.0,0.0,199.36,-0.00026,0.00014,-0.04,0.0003,0.0,28.82,0.004,-1.653,107,0.2236,0.0395,9.7423,-0.00992,-0.00386,0.00806,0.0,0.0,17816,21360,16820,20290
73.269,-0.00026,0.00014,-0.001,0.0003,0.0,28.82,0.0,0.0,0.0,0.0,0.0,19.22,0.0,0.0,0.023,0.0,0.0,199.36,-0.00026,0.00014,-0.026,0.0003,0.0,28.82,-0.028,-1.713,107,0.3115,-0.0628,9.7387,-0.00233,-0.00226,-0.00326,0.0,0.0,17816,21360,16820,20290
73.519,-0.00026,0.00014,-0.001,0.0003,0.0,29.0,0.0,0.0,0.0,0.0,0.0,21.0,0.0,0.0,0.027,0.0,0.0,200.0,-0.00026,0.00014,-0.023,0.0003,0.0,29.0,-0.062,-1.678,107,0.2451,-0.0341,9.7719,-0.00393,-0.00446,0.00386,0.0,0.0,17816,21360,16820,20290
73.769,-0.00026,0.00014,-0.001,0.0003,0.0,29.0,0.0,0.0,0.0,0.0,0.0,21.0,0.0,0.0,0.032,0.0,0.0,200.0,-0.00026,0.00014,-0.017,0.0003,0.0,29.0,-0.053,-1.616,107,0.3591,-0.0117,9.7378,-0.0028,0.00206,-0.00113,0.0,0.0,17816,21360,16820,20290
74.019,-0.00026,0.00014,-0.001,0.0003,0.0,29.0,0.0,0.0,0.0,0.0,0.0,21.0,0.0,0.0,0.025,0.0,0.0,200.0,-0.00026,0.00014,-0.025,0.0003,0.0,29.0,-0.056,-1.592,107,0.2532,-0.0099,9.6974,-0.00226,0.00027,0.00519,0.0,0.0,17816,21360,16820,20290
74.269,-0.00029,0.00017,-0.002,0.00034,0.0,29.0,0.0,0.0,0.0,0.0,0.0,21.0,0.0,0.0,0.022,0.0,0.0,200.0,-0.00029,0.00017,-0.029,0.00034,0.0,29.0,-0.079,-1.631,107,0.343,-0.0117,9.7773,-0.00326,0.0002,0.00253,0.0,0.0,17816,21360,16820,20290
74.518,-0.00029,0.00017,-0.002,0.00034,0.0,29.0,0.0,0.0,0.0,0.0,0.0,21.0,0.0,0.0,0.041,0.0,0.0,200.0,-0.00029,0.00017,-0.008,0.00034,0.0,29.0,-0.056,-1.616,110,0.2684,0.018,9.7585,-0.00366,-0.00113,0.00393,0.0,0.0,17816,21360,16820,20290
74.769,-0.00029,0.00017,-0.002,0.00034,0.0,30.38,0.0,0.0,0.0,0.0,0.0,19.99,0.0,0.0,0.033,0.0,0.0,201.48,-0.00029,0.00017,-0.016,0.00034,0.0,30.38,-0.071,-1.655,110,0.325,0.0144,9.7351,-0.00346,0.0008,0.00433,0.0,0.0,17816,21360,16820,20290
75.019,-0.00029,0.00017,-0.002,0.00034,0.0,30.38,0.0,0.0,0.0,0.0,0.0,19.99,0.0,0.0,0.023,0.0,0.0,201.48,-0.00029,0.00017,-0.023,0.00034,0.0,30.38,-0.04,-1.617,110,0.2343,0.1015,9.7055,-0.0036,0.0016,-0.00253,0.0,0.0,17816,21360,16820,20290
75.269,-0.00029,0.00017,-0.002,0.00034,0.0,30.38,0.0,0.0,0.0,0.0,0.0,19.99,0.0,0.0,0.027,0.0,0.0,201.48,-0.00029,0.00017,-0.021,0.00034,0.0,30.38,-0.052,-1.591,110,0.3044,-0.0494,9.7324,-0.00493,-0.00053,-0.00053,0.0,0.0,17816,21360,16820,20290
75.519,-0.00029,0.00017,-0.002,0.00034,0.0,30.38,0.0,0.0,0.0,0.0,0.0,19.99,0.0,0.0,0.028,0.0,0.0,201.48,-0.00029,0.00017,-0.019,0.00034,0.0,30.38,-0.052,-1.623,109,0.2729,-0.0476,9.6839,-0.00067,0.0026,0.0022,0.0,0.0,17816,21360,16820,20290
75.769,-0.00029,0.00017,-0.002,0.00034,0.0,29.0,0.0,0.0,0.0,0.0,0.0,20.0,0.0,0.0,0.018,0.0,0.0,199.99,-0.00029,0.00017,-0.029,0.00034,0.0,29.0,-0.032,-1.6,109,0.3627,-0.0332,9.7531,-0.00559,0.002,0.00273,0.0,0.0,17816,21360,16820,20290
76.019,-0.00029,0.00017,-0.002,0.00034,0.0,29.0,0.0,0.0,0.0,0.0,0.0,20.0,0.0,0.0,0.011,0.0,0.0,199.99,-0.00029,0.00017,-0.036,0.00034,0.0,29.0,-0.047,-1.607,109,0.29,0.0144,9.7504,-0.00246,-0.0012,0.001,0.0,0.0,17816,21360,16820,20290
76.268,-0.00029,0.00017,-0.002,0.00034,0.0,29.0,0.0,0.0,0.0,0.0,0.0,20.0,0.0,0.0,-0.007,0.0,0.0,199.99,-0.00029,0.00017,-0.049,0.00034,0.0,29.0,-0.031,-1.589,109,0.2963,-0.0467,9.7351,-0.00566,0.00173,0.00253,0.0,0.0,17816,21360,16820,20290
76.519,-0.00029,0.00017,-0.002,0.00034,0.0,29.0,0.0,0.0,0.0,0.0,0.0,20.0,0.0,0.0,-0.007,0.0,0.0,199.99,-0.00029,0.00017,-0.053,0.00034,0.0,29.0,-0.043,-1.602,109,0.3053,0.0206,9.7531,-0.00559,0.00127,0.00027,0.0,0.0,17816,21360,16820,20290
76.769,-0.00029,0.00017,-0.002,0.00034,0.0,30.0,0.0,0.0,0.0,0.0,0.0,20.0,0.0,0.0,0.004,0.0,0.0,201.0,-0.00029,0.00017,-0.042,0.00034,0.0,30.0,-0.012,-1.611,109,0.2927,0.0296,9.7261,-0.00286,7e-05,-0.00053,0.0,0.0,17816,21360,16820,20290
77.019,-0.00029,0.00017,-0.002,0.00034,0.0,30.0,0.0,0.0,0.0,0.0,0.0,20.0,0.0,0.0,0.001,0.0,0.0,201.0,-0.00029,0.00017,-0.042,0.00034,0.0,30.0,-0.015,-1.584,109,0.2846,-0.0521,9.7235,-0.00473,0.00013,-0.0036,0.0,0.0,17816,21360,16820,20290
77.268,-0.00029,0.00017,-0.002,0.00034,0.0,30.0,0.0,0.0,0.0,0.0,0.0,20.0,0.0,0.0,-0.006,0.0,0.0,201.0,-0.00029,0.00017,-0.044,0.00034,0.0,30.0,-0.025,-1.608,109,0.2595,-0.0153,9.7755,-0.00533,7e-05,-0.00093,0.0,0.0,17816,21360,16820,20290
77.518,-0.00029,0.00017,-0.002,0.00034,0.0,30.0,0.0,0.0,0.0,0.0,0.0,20.0,0.0,0.0,-0.018,0.0,0.0,201.0,-0.00029,0.00017,-0.062,0.00034,0.0,30.0,-0.048,-1.615,109,0.281,-0.0233,9.7082,-0.0026,0.0018,0.00127,0.0,0.0,17816,21360,16820,20290
77.769,-0.00029,0.00017,-0.002,0.00034,0.0,30.0,0.0,0.0,0.0,0.0,0.0,20.0,0.0,0.0,-0.014,0.0,0.0,201.0,-0.00029,0.00017,-0.059,0.00034,0.0,30.0,-0.031,-1.617,109,0.2523,0.0162,9.7396,-0.0032,0.00053,-0.0004,0.0,0.0,17816,21360,16820,20290
78.018,-0.00029,0.00017,-0.002,0.00034,0.0,28.02,0.0,0.0,0.0,0.0,0.0,20.01,0.0,0.0,-0.028,0.0,0.0,199.35,-0.00029,0.00017,-0.072,0.00034,0.0,28.02,-0.049,-1.676,109,0.2927,-0.0036,9.7136,-0.00419,0.00027,0.0016,0.0,0.0,17816,21360,16820,20290
78.268,-0.00029,0.00017,-0.002,0.00034,0.0,28.02,0.0,0.0,0.0,0.0,0.0,20.01,0.0,0.0,-0.019,0.0,0.0,199.35,-0.00029,0.00017,-0.063,0.00034,0.0,28.02,-0.045,-1.649,109,0.2927,-0.0224,9.7683,-0.0022,0.0012,0.00493,0.0,0.0,17816,21360,16820,20290
78.518,-0.00029,0.00017,-0.002,0.00034,0.0,28.02,0.0,0.0,0.0,0.0,0.0,20.01,0.0,0.0,-0.008,0.0,0.0,199.35,-0.00029,0.00017,-0.055,0.00034,0.0,28.02,-0.093,-1.656,109,0.3313,0.0144,9.7567,-0.00459,-0.00093,0.00892,0.0,0.0,17816,21360,16820,20290
78.768,-0.00029,0.00017,-0.002,0.00034,0.0,28.02,0.0,0.0,0.0,0.0,0.0,20.01,0.0,0.0,-0.016,0.0,0.0,199.35,-0.00029,0.00017,-0.058,0.00034,0.0,28.02,-0.029,-1.655,109,0.3026,-0.0153,9.7549,-0.00533,-0.00067,-0.00186,0.0,0.0,17816,21360,16820,20290
79.018,-0.00029,0.00017,-0.002,0.00034,0.0,28.02,0.0,0.0,0.0,0.0,0.0,20.01,0.0,0.0,0.011,0.0,0.0,199.35,-0.00029,0.00017,-0.031,0.00034,0.0,28.02,-0.055,-1.608,109,0.2738,-0.0072,9.754,-0.0038,-0.0008,0.0032,0.0,0.0,17816,21360,16820,20290
79.268,-0.00029,0.00017,-0.002,0.00034,0.0,30.4,0.0,0.0,0.0,0.0,0.0,20.0,0.0,0.0,0.011,0.0,0.0,200.81,-0.00029,0.00017,-0.032,0.00034,0.0,30.4,-0.1,-1.59,109,0.2801,0.0063,9.7315,-0.00652,0.00013,-0.0004,0.0,0.0,17816,21360,16820,20290
79.519,-0.00029,0.00017,-0.002,0.00034,0.0,30.4,0.0,0.0,0.0,0.0,0.0,20.0,0.0,0.0,0.016,0.0,0.0,200.81,-0.00029,0.00017,-0.027,0.00034,0.0,30.4,-0.073,-1.639,109,0.2891,-0.0251,9.7549,-0.00393,-0.00486,0.00213,0.0,0.0,17816,21360,16820,20290
79.769,-0.00029,0.00017,-0.002,0.00034,0.0,30.4,0.0,0.0,0.0,0.0,0.0,20.0,0.0,0.0,0.004,0.0,0.0,200.81,-0.00029,0.00017,-0.038,0.00034,0.0,30.4,-0.073,-1.626,109,0.2667,-0.0108,9.7486,-0.0024,-0.001,0.0038,0.0,0.0,17816,21360,16820,20290
80.019,-0.00029,0.00017,-0.002,0.00034,0.0,30.4,0.0,0.0,0.0,0.0,0.0,20.0,0.0,0.0,0.01,0.0,0.0,200.81,-0.00029,0.00017,-0.032,0.00034,0.0,30.4,-0.026,-1.568,109,0.2658,-0.0242,9.7127,-0.00193,0.0004,0.0004,0.0,0.0,17816,21360,16820,20290
80.268,-0.00029,0.00017,-0.002,0.00034,0.0,30.4,0.0,0.0,0.0,0.0,0.0,20.0,0.0,0.0,0.017,0.0,0.0,200.81,-0.00029,0.00017,-0.025,0.00034,0.0,30.4,-0.067,-1.606,109,0.2972,-0.0126,9.7073,0.0016,-0.00067,-0.00386,0.0,0.0,17816,21360,16820,20290
80.519,-0.00029,0.00017,-0.002,0.00034,0.0,29.6,0.0,0.0,0.0,0.0,0.0,20.0,0.0,0.0,0.022,0.0,0.0,199.98,-0.00029,0.00017,-0.019,0.00034,0.0,29.6,-0.037,-1.651,109,0.3089,-0.0251,9.7288,-0.00486,7e-05,0.00206,0.0,0.0,17816,21360,16820,20290
80.769,-0.00029,0.00017,-0.002,0.00034,0.0,29.6,0.0,0.0,0.0,0.0,0.0,20.0,0.0,0.0,0.034,0.0,0.0,199.98,-0.00029,0.00017,-0.007,0.00034,0.0,29.6,-0.038,-1.644,109,0.2882,0.0126,9.7755,-0.00253,0.00013,0.00659,0.0,0.0,17816,21360,16820,20290
81.019,-0.00029,0.00017,-0.002,0.00034,0.0,29.6,0.0,0.0,0.0,0.0,0.0,20.0,0.0,0.0,0.018,0.0,0.0,199.98,-0.00029,0.00017,-0.022,0.00034,0.0,29.6,-0.06,-1.675,109,0.2828,-0.0602,9.7118,-0.00226,0.00206,-0.00047,0.0,0.0,17816,21360,16820,20290
81.269,-0.00029,0.00017,-0.002,0.00034,0.0,29.6,0.0,0.0,0.0,0.0,0.0,20.0,0.0,0.0,0.018,0.0,0.0,199.98,-0.00029,0.00017,-0.023,0.00034,0.0,29.6,-0.031,-1.603,109,0.2406,0.0,9.8132,-0.00599,-0.0004,-0.00027,0.0,0.0,17816,21360,16820,20290
81.519,-0.00029,0.00017,-0.002,0.00034,0.0,30.0,0.0,0.0,0.0,0.0,0.0,19.0,0.0,0.0,0.018,0.0,0.0,200.0,-0.00029,0.00017,-0.021,0.00034,0.0,30.0,-0.015,-1.622,111,0.237,0.0135,9.78,-0.00493,0.00093,-0.0034,0.0,0.0,17816,21360,16820,20290
81.769,-0.00029,0.00017,-0.002,0.00034,0.0,30.0,0.0,0.0,0.0,0.0,0.0,19.0,0.0,0.0,0.019,0.0,0.0,200.0,-0.00029,0.00017,-0.022,0.00034,0.0,30.0,-0.026,-1.585,111,0.3008,-0.0099,9.6902,-0.00466,-0.00253,0.0038,0.0,0.0,17816,21360,16820,20290
82.019,-0.00029,0.00017,-0.002,0.00034,0.0,30.0,0.0,0.0,0.0,0.0,0.0,19.0,0.0,0.0,0.005,0.0,0.0,200.0,-0.00029,0.00017,-0.035,0.00034,0.0,30.0,-0.022,-1.608,111,0.3295,0.0386,9.7477,-0.00453,-0.00366,0.00166,0.0,0.0,17816,21360,16820,20290
82.269,-0.00029,0.00017,-0.002,0.00034,0.0,30.0,0.0,0.0,0.0,0.0,0.0,19.0,0.0,0.0,-0.002,0.0,0.0,200.0,-0.00029,0.00017,-0.042,0.00034,0.0,30.0,-0.019,-1.637,111,0.2469,-0.009,9.7405,-0.0012,-0.002,0.00413,0.0,0.0,17816,21360,16820,20290
82.519,-0.00029,0.00017,-0.002,0.00034,0.0,29.98,0.0,0.0,0.0,0.0,0.0,20.98,0.0,0.0,-0.019,0.0,0.0,200.83,-0.00029,0.00017,-0.054,0.00034,0.0,29.98,-0.015,-1.675,111,0.22,0.0637,9.7441,-0.00173,0.0032,-0.00619,0.0,0.0,17816,21360,16820,20290
82.768,-0.00029,0.00017,-0.002,0.00034,0.0,29.98,0.0,0.0,0.0,0.0,0.0,20.98,0.0,0.0,-0.032,0.0,0.0,200.83,-0.00029,0.00017,-0.072,0.00034,0.0,29.98,-0.036,-1.625,111,0.2092,0.0117,9.7701,-0.00499,7e-05,-0.0018,0.0,0.0,17816,21360,16820,20290
83.019,-0.00029,0.00017,-0.002,0.00034,0.0,29.98,0.0,0.0,0.0,0.0,0.0,20.98,0.0,0.0,-0.027,0.0,0.0,200.83,-0.00029,0.00017,-0.065,0.00034,0.0,29.98,-0.054,-1.601,111,0.3448,-0.0108,9.7387,-0.00273,-0.00067,0.00013,0.0,0.0,17816,21360,16820,20290
83.269,-0.00029,0.00017,-0.002,0.00034,0.0,29.98,0.0,0.0,0.0,0.0,0.0,20.98,0.0,0.0,-0.028,0.0,0.0,200.83,-0.00029,0.00017,-0.067,0.00034,0.0,29.98,-0.051,-1.592,111,0.2676,0.0063,9.7181,-0.00459,-0.0014,0.00506,0.0,0.0,17816,21360,16820,20290
83.519,-0.00029,0.00017,-0.002,0.00034,0.0,29.98,0.0,0.0,0.0,0.0,0.0,20.98,0.0,0.0,-0.037,0.0,0.0,200.83,-0.00029,0.00017,-0.076,0.00034,0.0,29.98,-0.075,-1.615,111,0.3097,0.0009,9.7208,-0.00286,0.00333,0.00406,0.0,0.0,17816,21360,16820,20290
83.768,-0.00029,0.00017,-0.002,0.00034,0.0,30.42,0.0,0.0,0.0,0.0,0.0,20.02,0.0,0.0,-0.026,0.0,0.0,200.96,-0.00029,0.00017,-0.063,0.00034,0.0,30.42,-0.053,-1.65,111,0.272,0.0036,9.7683,-0.002,0.0016,0.0002,0.0,0.0,17816,21360,16820,20290
84.019,-0.00029,0.00017,-0.002,0.00034,0.0,30.42,0.0,0.0,0.0,0.0,0.0,20.02,0.0,0.0,-0.023,0.0,0.0,200.96,-0.00029,0.00017,-0.058,0.00034,0.0,30.42,-0.067,-1.676,111,0.2352,0.0,9.7046,-0.00433,-0.0012,-0.0022,0.0,0.0,17816,21360,16820,20290
84.268,-0.00029,0.00017,-0.002,0.00034,0.0,30.42,0.0,0.0,0.0,0.0,0.0,20.02,0.0,0.0,-0.041,0.0,0.0,200.96,-0.00029,0.00017,-0.078,0.00034,0.0,30.42,-0.078,-1.676,111,0.246,0.0018,9.7522,-0.00453,-0.00053,0.00233,0.0,0.0,17816,21360,16820,20290
84.519,-0.00029,0.00017,-0.002,0.00034,0.0,30.42,0.0,0.0,0.0,0.0,0.0,20.02,0.0,0.0,-0.042,0.0,0.0,200.96,-0.00029,0.00017,-0.078,0.00034,0.0,30.42,-0.071,-1.63,111,0.2298,-0.044,9.7674,-0.00799,-0.00213,0.00173,0.0,0.0,17816,21360,16820,20290
84.769,-0.00029,0.00017,-0.002,0.00034,0.0,29.98,0.0,0.0,0.0,0.0,0.0,19.99,0.0,0.0,-0.044,0.0,0.0,200.85,-0.00029,0.00017,-0.08,0.00034,0.0,29.98,-0.064,-1.588,111,0.281,-0.0018,9.7378,-0.00153,0.00033,-0.00333,0.0,0.0,17816,21360,16820,20290
85.019,-0.00029,0.00017,-0.002,0.00034,0.0,29.98,0.0,0.0,0.0,0.0,0.0,19.99,0.0,0.0,-0.033,0.0,0.0,200.85,-0.00029,0.00017,-0.069,0.00034,0.0,29.98,-0.082,-1.637,111,0.3241,-0.0099,9.798,-0.00206,-0.00127,0.00333,0.0,0.0,17816,21360,16820,20290
85.269,-0.00029,0.00017,-0.002,0.00034,0.0,29.98,0.0,0.0,0.0,0.0,0.0,19.99,0.0,0.0,-0.026,0.0,0.0,200.85,-0.00029,0.00017,-0.061,0.00034,0.0,29.98,-0.116,-1.647,111,0.2756,-0.0171,9.771,-0.00639,-0.00033,0.00146,0.0,0.0,17816,21360,16820,20290
85.519,-0.00029,0.00017,-0.002,0.00034,0.0,29.98,0.0,0.0,0.0,0.0,0.0,19.99,0.0,0.0,-0.02,0.0,0.0,200.85,-0.00029,0.00017,-0.05,0.00034,0.0,29.98,-0.098,-1.64,114,0.1912,-0.0377,9.754,-0.00266,0.00087,-0.00559,0.0,0.0,17816,21360,16820,20290
85.769,-0.00029,0.00017,-0.002,0.00034,0.0,29.98,0.0,0.0,0.0,0.0,0.0,19.99,0.0,0.0,-0.011,0.0,0.0,200.85,-0.00029,0.00017,-0.044,0.00034,0.0,29.98,-0.074,-1.62,114,0.2972,-0.0413,9.7513,-0.00426,-0.0014,0.00027,0.0,0.0,17816,21360,16820,20290
86.019,-0.00029,0.00017,-0.002,0.00034,0.0,28.81,0.0,0.0,0.0,0.0,0.0,20.01,0.0,0.0,-0.007,0.0,0.0,199.29,-0.00029,0.00017,-0.042,0.00034,0.0,28.81,-0.062,-1.593,114,0.2613,0.0215,9.7845,-0.00746,-0.00266,0.00246,0.0,0.0,17816,21360,16820,20290
86.269,-0.00029,0.00017,-0.002,0.00034,0.0,28.81,0.0,0.0,0.0,0.0,0.0,20.01,0.0,0.0,-0.002,0.0,0.0,199.29,-0.00029,0.00017,-0.035,0.00034,0.0,28.81,-0.062,-1.612,114,0.3169,0.009,9.7333,-0.00366,0.00053,0.00213,0.0,0.0,17816,21360,16820,20290
86.519,-0.00029,0.00017,-0.002,0.00034,0.0,28.81,0.0,0.0,0.0,0.0,0.0,20.01,0.0,0.0,-0.004,0.0,0.0,199.29,-0.00029,0.00017,-0.038,0.00034,0.0,28.81,-0.083,-1.577,113,0.2828,-0.018,9.7558,-0.00213,-0.0004,0.0006,0.0,0.0,17816,21360,16820,20290
86.769,-0.00029,0.00017,-0.002,0.00034,0.0,28.81,0.0,0.0,0.0,0.0,0.0,20.01,0.0,0.0,-0.005,0.0,0.0,199.29,-0.00029,0.00017,-0.037,0.00034,0.0,28.81,-0.055,-1.616,113,0.2379,0.0449,9.7181,-0.00113,0.00013,-0.00087,0.0,0.0,17816,21360,16820,20290
87.019,-0.00029,0.00017,-0.002,0.00034,0.0,28.81,0.0,0.0,0.0,0.0,0.0,20.01,0.0,0.0,-0.014,0.0,0.0,199.29,-0.00029,0.00017,-0.046,0.00034,0.0,28.81,-0.021,-1.599,113,0.2325,0.0422,9.7217,-0.00513,-0.00013,0.0016,0.0,0.0,17816,21360,16820,20290
87.269,-0.00029,0.00017,-0.002,0.00034,0.0,30.4,0.0,0.0,0.0,0.0,0.0,20.0,0.0,0.0,-0.003,0.0,0.0,201.61,-0.00029,0.00017,-0.036,0.00034,0.0,30.4,-0.032,-1.593,113,0.2532,0.0233,9.6992,0.001,0.00286,0.0026,0.0,0.0,17816,21360,16820,20290
87.519,-0.00029,0.00017,-0.002,0.00034,0.0,30.4,0.0,0.0,0.0,0.0,0.0,20.0,0.0,0.0,-0.017,0.0,0.0,201.61,-0.00029,0.00017,-0.045,0.00034,0.0,30.4,-0.03,-1.567,113,0.2415,0.0305,9.7612,-0.0022,0.00153,-0.00253,0.0,0.0,17816,21360,16820,20290
87.769,-0.00029,0.00017,-0.002,0.00034,0.0,30.4,0.0,0.0,0.0,0.0,0.0,20.0,0.0,0.0,-0.03,0.0,0.0,201.61,-0.00029,0.00017,-0.061,0.00034,0.0,30.4,-0.03,-1.614,113,0.299,-0.0449,9.7306,-0.00646,-0.00333,0.00533,0.0,0.0,17816,21360,16820,20290
88.018,-0.00029,0.00017,-0.002,0.00034,0.0,30.4,0.0,0.0,0.0,0.0,0.0,20.0,0.0,0.0,-0.032,0.0,0.0,201.61,-0.00029,0.00017,-0.066,0.00034,0.0,30.4,-0.075,-1.597,113,0.2828,-0.0404,9.7378,-0.00666,0.00093,0.00619,0.0,0.0,17816,21360,16820,20290
88.269,-0.00029,0.00017,-0.002,0.00034,0.0,29.99,0.0,0.0,0.0,0.0,0.0,19.99,0.0,0.0,-0.027,0.0,0.0,199.94,-0.00029,0.00017,-0.057,0.00034,0.0,29.99,-0.016,-1.608,113,0.2918,-0.0431,9.7405,0.0004,0.00186,0.001,0.0,0.0,17816,21360,16820,20290
88.519,-0.00029,0.00017,-0.002,0.00034,0.0,29.99,0.0,0.0,0.0,0.0,0.0,19.99,0.0,0.0,-0.033,0.0,0.0,199.94,-0.00029,0.00017,-0.064,0.00034,0.0,29.99,-0.027,-1.645,110,0.3053,-0.009,9.7737,-0.00373,-0.00127,0.00047,0.0,0.0,17816,21360,16820,20290
88.769,-0.00029,0.00017,-0.002,0.00034,0.0,29.99,0.0,0.0,0.0,0.0,0.0,19.99,0.0,0.0,-0.049,0.0,0.0,199.94,-0.00029,0.00017,-0.079,0.00034,0.0,29.99,-0.026,-1.614,110,0.3196,0.0045,9.7199,-0.0008,-0.00047,-0.0004,0.0,0.0,17816,21360,16820,20290
89.019,-0.00029,0.00017,-0.002,0.00034,0.0,29.99,0.0,0.0,0.0,0.0,0.0,19.99,0.0,0.0,-0.068,0.0,0.0,199.94,-0.00029,0.00017,-0.096,0.00034,0.0,29.99,-0.032,-1.585,110,0.2828,0.0377,9.7091,-0.00439,-0.00127,0.00053,0.0,0.0,17816,21360,16820,20290
89.268,-0.00029,0.00017,-0.002,0.00034,0.0,29.99,0.0,0.0,0.0,0.0,0.0,19.99,0.0,0.0,-0.064,0.0,0.0,199.94,-0.00029,0.00017,-0.092,0.00034,0.0,29.99,-0.04,-1.612,110,0.2649,-0.0099,9.71,0.0002,0.00113,-0.00093,0.0,0.0,17816,21360,16820,20290
89.519,-0.00029,0.00017,-0.002,0.00034,0.0,29.61,0.0,0.0,0.0,0.0,0.0,20.0,0.0,0.0,-0.072,0.0,0.0,199.24,-0.00029,0.00017,-0.099,0.00034,0.0,29.61,-0.037,-1.597,110,0.2469,-0.0826,9.7612,-0.00366,-0.002,0.00133,0.0,0.0,17816,21360,16820,20290
89.769,-0.00029,0.00017,-0.002,0.00034,0.0,29.61,0.0,0.0,0.0,0.0,0.0,20.0,0.0,0.0,-0.053,0.0,0.0,199.24,-0.00029,0.00017,-0.08,0.00034,0.0,29.61,-0.056,-1.628,110,0.3071,-0.0341,9.7809,-0.00739,-0.0002,0.0,0.0,0.0,17816,21360,16820,20290
90.02,-0.00029,0.00017,-0.002,0.00034,0.0,29.61,0.0,0.0,0.0,0.0,0.0,20.0,0.0,0.0,-0.049,0.0,0.0,199.24,-0.00029,0.00017,-0.074,0.00034,0.0,29.61,-0.06,-1.648,110,0.2595,0.0206,9.7585,-0.00633,-0.0002,-0.00213,0.0,0.0,17816,21360,16820,20290
90.269,-0.00029,0.00017,-0.002,0.00034,0.0,29.61,0.0,0.0,0.0,0.0,0.0,20.0,0.0,0.0,-0.05,0.0,0.0,199.24,-0.00029,0.00017,-0.076,0.00034,0.0,29.61,-0.052,-1.612,110,0.3178,0.0278,9.7522,-0.00506,-0.0014,-0.00226,0.0,0.0,17816,21360,16820,20290
90.518,-0.00029,0.00017,-0.002,0.00034,0.0,29.61,0.0,0.0,0.0,0.0,0.0,20.0,0.0,0.0,-0.045,0.0,0.0,199.24,-0.00029,0.00017,-0.069,0.00034,0.0,29.61,-0.033,-1.637,114,0.2505,0.0009,9.7692,-0.00413,-0.00067,0.00193,0.0,0.0,17816,21360,16820,20290
90.769,-0.00029,0.00017,-0.002,0.00034,0.0,29.6,0.0,0.0,0.0,0.0,0.0,20.0,0.0,0.0,-0.049,0.0,0.0,201.58,-0.00029,0.00017,-0.074,0.00034,0.0,29.6,-0.03,-1.601,114,0.2604,-0.0368,9.7926,-0.00413,-0.00226,0.00053,0.0,0.0,17816,21360,16820,20290
91.019,-0.00029,0.00017,-0.002,0.00034,0.0,29.6,0.0,0.0,0.0,0.0,0.0,20.0,0.0,0.0,-0.039,0.0,0.0,201.58,-0.00029,0.00017,-0.063,0.00034,0.0,29.6,-0.038,-1.66,114,0.3349,0.0341,9.7603,-0.00426,0.00073,0.00073,0.0,0.0,17816,21360,16820,20290
91.269,-0.00029,0.00017,-0.002,0.00034,0.0,29.6,0.0,0.0,0.0,0.0,0.0,20.0,0.0,0.0,-0.044,0.0,0.0,201.58,-0.00029,0.00017,-0.068,0.00034,0.0,29.6,-0.065,-1.641,114,0.2864,0.0206,9.7252,-0.00526,0.0006,7e-05,0.0,0.0,17816,21360,16820,20290
91.519,-0.00029,0.00017,-0.002,0.00034,0.0,29.6,0.0,0.0,0.0,0.0,0.0,20.0,0.0,0.0,-0.043,0.0,0.0,201.58,-0.00029,0.00017,-0.066,0.00034,0.0,29.6,-0.085,-1.63,114,0.2586,0.0018,9.7387,-0.00146,0.00067,0.00759,0.0,0.0,17816,21360,16820,20290
91.768,-0.00029,0.00017,-0.002,0.00034,0.0,29.6,0.0,0.0,0.0,0.0,0.0,20.0,0.0,0.0,-0.045,0.0,0.0,201.58,-0.00029,0.00017,-0.068,0.00034,0.0,29.6,-0.065,-1.657,114,0.2873,-0.0305,9.7764,0.0004,0.0018,-0.00293,0.0,0.0,17816,21360,16820,20290
92.018,-0.00029,0.00017,-0.002,0.00034,0.0,28.01,0.0,0.0,0.0,0.0,0.0,20.0,0.0,0.0,-0.047,0.0,0.0,199.25,-0.00029,0.00017,-0.071,0.00034,0.0,28.01,-0.033,-1.645,114,0.2577,0.0081,9.7261,-0.00526,0.00113,0.00406,0.0,0.0,17816,21360,16820,20290
92.269,-0.00029,0.00017,-0.002,0.00034,0.0,28.01,0.0,0.0,0.0,0.0,0.0,20.0,0.0,0.0,-0.036,0.0,0.0,199.25,-0.00029,0.00017,-0.056,0.00034,0.0,28.01,-0.102,-1.627,114,0.2828,0.0341,9.7603,-0.0022,-0.00166,-0.00539,0.0,0.0,17816,21360,16820,20290
92.518,-0.00029,0.00017,-0.002,0.00034,0.0,28.01,0.0,0.0,0.0,0.0,0.0,20.0,0.0,0.0,-0.042,0.0,0.0,199.25,-0.00029,0.00017,-0.065,0.00034,0.0,28.01,-0.072,-1.606,114,0.2568,-0.0117,9.7423,-0.00433,-0.0024,0.00419,0.0,0.0,17816,21360,16820,20290
92.769,-0.00029,0.00017,-0.002,0.00034,0.0,28.01,0.0,0.0,0.0,0.0,0.0,20.0,0.0,0.0,-0.037,0.0,0.0,199.25,-0.00029,0.00017,-0.058,0.00034,0.0,28.01,-0.083,-1.615,114,0.2316,-0.0198,9.7639,-0.00493,0.002,0.00712,0.0,0.0,17816,21360,16820,20290
93.019,-0.00029,0.00017,-0.002,0.00034,0.0,27.99,0.0,0.0,0.0,0.0,0.0,20.0,0.0,0.0,-0.036,0.0,0.0,200.96,-0.00029,0.00017,-0.057,0.00034,0.0,27.99,-0.029,-1.608,114,0.2604,-0.009,9.7226,-0.00186,0.0006,0.0024,0.0,0.0,17816,21360,16820,20290
93.268,-0.00029,0.00017,-0.002,0.00034,0.0,27.99,0.0,0.0,0.0,0.0,0.0,20.0,0.0,0.0,-0.032,0.0,0.0,200.96,-0.00029,0.00017,-0.053,0.00034,0.0,27.99,-0.055,-1.592,114,0.246,0.0036,9.763,-0.003,-0.00033,-0.00206,0.0,0.0,17816,21360,16820,20290
93.519,-0.00029,0.00017,-0.002,0.00034,0.0,27.99,0.0,0.0,0.0,0.0,0.0,20.0,0.0,0.0,-0.037,0.0,0.0,200.96,-0.00029,0.00017,-0.058,0.00034,0.0,27.99,-0.075,-1.657,114,0.2442,-0.0422,9.7486,-0.00353,0.00093,0.00466,0.0,0.0,17816,21360,16820,20290
93.769,-0.00029,0.00017,-0.002,0.00034,0.0,27.99,0.0,0.0,0.0,0.0,0.0,20.0,0.0,0.0,-0.041,0.0,0.0,200.96,-0.00029,0.00017,-0.061,0.00034,0.0,27.99,-0.05,-1.627,114,0.2927,0.0215,9.754,-0.00666,7e-05,0.00087,0.0,0.0,17816,21360,16820,20290
94.019,-0.00029,0.00017,-0.002,0.00034,0.0,27.99,0.0,0.0,0.0,0.0,0.0,20.0,0.0,0.0,-0.05,0.0,0.0,200.96,-0.00029,0.00017,-0.071,0.00034,0.0,27.99,-0.074,-1.591,114,0.1993,0.0889,9.7297,-0.00573,-0.0002,0.0036,0.0,0.0,17816,21360,16820,20290
94.268,-0.00029,0.00017,-0.002,0.00034,0.0,30.4,0.0,0.0,0.0,0.0,0.0,20.0,0.0,0.0,-0.062,0.0,0.0,200.83,-0.00029,0.00017,-0.08,0.00034,0.0,30.4,-0.081,-1.661,114,0.2963,-0.0359,9.6911,-0.00446,-0.0012,0.00886,0.0,0.0,17816,21360,16820,20290
94.519,-0.00029,0.00017,-0.002,0.00034,0.0,30.4,0.0,0.0,0.0,0.0,0.0,20.0,0.0,0.0,-0.062,0.0,0.0,200.83,-0.00029,0.00017,-0.08,0.00034,0.0,30.4,-0.051,-1.66,114,0.2711,-0.0242,9.7154,0.00047,0.00127,-0.0026,0.0,0.0,17816,21360,16820,20290
94.769,-0.00029,0.00017,-0.002,0.00034,0.0,30.4,0.0,0.0,0.0,0.0,0.0,20.0,0.0,0.0,-0.067,0.0,0.0,200.83,-0.00029,0.00017,-0.084,0.00034,0.0,30.4,-0.074,-1.621,114,0.2909,-0.0117,9.7594,-0.00293,-0.00013,0.00166,0.0,0.0,17816,21360,16820,20290
95.019,-0.00029,0.00017,-0.002,0.00034,0.0,30.4,0.0,0.0,0.0,0.0,0.0,20.0,0.0,0.0,-0.069,0.0,0.0,200.83,-0.00029,0.00017,-0.085,0.00034,0.0,30.4,0.0,-1.585,114,0.2146,0.0799,9.7217,-0.0034,0.00053,0.00526,0.0,0.0,17816,21360,16820,20290
95.269,-0.00029,0.00017,-0.002,0.00034,0.0,29.99,0.0,0.0,0.0,0.0,0.0,19.99,0.0,0.0,-0.068,0.0,0.0,200.92,-0.00029,0.00017,-0.084,0.00034,0.0,29.99,-0.044,-1.601,114,0.2415,0.0305,9.7522,-0.00253,0.00127,-0.00153,0.0,0.0,17816,21360,16820,20290
95.519,-0.00032,0.00019,-0.003,0.00037,0.0,29.99,0.0,0.0,0.0,0.0,0.0,19.99,0.0,0.0,-0.064,0.0,0.0,200.92,-0.00032,0.00019,-0.079,0.00037,0.0,29.99,-0.037,-1.661,113,0.2191,0.0189,9.745,-0.00533,-0.00346,-0.0038,0.0,0.0,17816,21360,16820,20290
95.769,-0.00032,0.00019,-0.003,0.00037,0.0,29.99,0.0,0.0,0.0,0.0,0.0,19.99,0.0,0.0,-0.051,0.0,0.0,200.92,-0.00032,0.00019,-0.066,0.00037,0.0,29.99,-0.022,-1.623,113,0.272,-0.009,9.7064,-0.00573,0.00047,0.00686,0.0,0.0,17816,21360,16820,20290
96.019,-0.00032,0.00019,-0.003,0.00037,0.0,29.99,0.0,0.0,0.0,0.0,0.0,19.99,0.0,0.0,-0.046,0.0,0.0,200.92,-0.00032,0.00019,-0.059,0.00037,0.0,29.99,-0.018,-1.637,113,0.2631,-0.0449,9.7288,-0.00366,-0.00173,-0.00146,0.0,0.0,17816,21360,16820,20290
96.269,-0.00032,0.00019,-0.003,0.00037,0.0,29.99,0.0,0.0,0.0,0.0,0.0,19.99,0.0,0.0,-0.04,0.0,0.0,200.92,-0.00032,0.00019,-0.054,0.00037,0.0,29.99,-0.009,-1.604,113,0.2397,-0.009,9.7603,-0.00699,0.0022,0.00652,0.0,0.0,17816,21360,16820,20290
96.519,-0.00032,0.00019,-0.003,0.00037,0.0,29.61,0.0,0.0,0.0,0.0,0.0,19.2,0.0,0.0,-0.042,0.0,0.0,199.25,-0.00032,0.00019,-0.055,0.00037,0.0,29.61,-0.031,-1.583,114,0.2496,0.0422,9.7064,-0.00346,-0.00087,0.00033,0.0,0.0,17816,21360,16820,20290
96.769,-0.00032,0.00019,-0.003,0.00037,0.0,29.61,0.0,0.0,0.0,0.0,0.0,19.2,0.0,0.0,-0.039,0.0,0.0,199.25,-0.00032,0.00019,-0.052,0.00037,0.0,29.61,-0.008,-1.61,114,0.2631,0.0593,9.7603,-0.00133,-0.00067,0.00646,0.0,0.0,17816,21360,16820,20290
97.019,-0.00032,0.00019,-0.003,0.00037,0.0,29.61,0.0,0.0,0.0,0.0,0.0,19.2,0.0,0.0,-0.025,0.0,0.0,199.25,-0.00032,0.00019,-0.039,0.00037,0.0,29.61,0.004,-1.653,114,0.2271,-0.035,9.7836,-0.00613,-0.00459,0.00473,0.0,0.0,17816,21360,16820,20290
97.268,-0.00032,0.00019,-0.003,0.00037,0.0,29.61,0.0,0.0,0.0,0.0,0.0,19.2,0.0,0.0,-0.023,0.0,0.0,199.25,-0.00032,0.00019,-0.036,0.00037,0.0,29.61,-0.031,-1.606,114,0.2676,-0.0305,9.7315,-0.00133,-0.0018,0.00386,0.0,0.0,17816,21360,16820,20290
97.518,-0.00032,0.00019,-0.003,0.00037,0.0,29.61,0.0,0.0,0.0,0.0,0.0,19.2,0.0,0.0,-0.02,0.0,0.0,199.25,-0.00032,0.00019,-0.034,0.00037,0.0,29.61,-0.04,-1.614,113,0.2487,-0.0215,9.6687,-0.0036,-0.00226,0.00226,0.0,0.0,17816,21360,16820,20290
97.769,-0.00032,0.00019,-0.003,0.00037,0.0,30.38,0.0,0.0,0.0,0.0,0.0,20.79,0.0,0.0,-0.012,0.0,0.0,201.5,-0.00032,0.00019,-0.024,0.00037,0.0,30.38,-0.007,-1.601,113,0.2352,-0.018,9.7701,0.00013,-0.00013,0.00113,0.0,0.0,17816,21360,16820,20290
98.019,-0.00032,0.00019,-0.003,0.00038,0.0,30.38,0.0,0.0,0.0,0.0,0.0,20.79,0.0,0.0,-0.022,0.0,0.0,201.5,-0.00032,0.00019,-0.033,0.00037,0.0,30.38,0.033,-1.619,113,0.2684,0.0718,9.798,-0.00233,-0.00266,0.0002,0.0,0.0,17816,21360,16820,20290
98.269,-0.00032,0.00019,-0.003,0.00038,0.0,30.38,0.0,0.0,0.0,0.0,0.0,20.79,0.0,0.0,-0.027,0.0,0.0,201.5,-0.00032,0.00019,-0.039,0.00037,0.0,30.38,0.027,-1.626,113,0.2613,-0.0198,9.692,-0.00652,7e-05,0.0002,0.0,0.0,17816,21360,16820,20290
98.519,-0.00032,0.00019,-0.003,0.00038,0.0,30.38,0.0,0.0,0.0,0.0,0.0,20.79,0.0,0.0,-0.041,0.0,0.0,201.5,-0.00032,0.00019,-0.053,0.00037,0.0,30.38,-0.011,-1.584,112,0.2864,-0.0287,9.7378,-0.00346,-0.0022,-0.00053,0.0,0.0,17816,21360,16820,20290
98.768,-0.00032,0.00019,-0.003,0.00038,0.0,30.38,0.0,0.0,0.0,0.0,0.0,20.79,0.0,0.0,-0.031,0.0,0.0,201.5,-0.00032,0.00019,-0.042,0.00037,0.0,30.38,-0.035,-1.632,112,0.2532,-0.0251,9.7297,-0.00439,-0.00166,0.00333,0.0,0.0,17816,21360,16820,20290
99.019,-0.00032,0.00019,-0.003,0.00038,0.0,29.61,0.0,0.0,0.0,0.0,0.0,20.01,0.0,0.0,-0.031,0.0,0.0,198.5,-0.00032,0.00019,-0.042,0.00037,0.0,29.61,-0.054,-1.613,112,0.3089,-0.0117,9.7656,-0.00386,-0.00273,0.0032,0.0,0.0,17816,21360,16820,20290
99.268,-0.00037,0.0002,-0.002,0.00042,0.0,29.61,0.0,0.0,0.0,0.0,0.0,20.01,0.0,0.0,-0.028,0.0,0.0,198.5,-0.00037,0.0002,-0.039,0.00042,0.0,29.61,-0.013,-1.624,112,0.2972,0.0979,9.8114,-0.00166,0.00027,0.00419,0.0,0.0,17816,21360,16820,20290
99.519,-0.00037,0.0002,-0.002,0.00042,0.0,29.61,0.0,0.0,0.0,0.0,0.0,20.01,0.0,0.0,-0.021,0.0,0.0,198.5,-0.00037,0.0002,-0.03,0.00042,0.0,29.61,-0.047,-1.613,115,0.2927,0.0081,9.7953,-0.00413,0.0002,-0.00067,0.0,0.0,17816,21360,16820,20290
99.769,-0.00037,0.0002,-0.002,0.00042,0.0,29.61,0.0,0.0,0.0,0.0,0.0,20.01,0.0,0.0,-0.038,0.0,0.0,198.5,-0.00037,0.0002,-0.047,0.00042,0.0,29.61,-0.061,-1.62,115,0.29,0.0063,9.7998,-0.0008,-0.00193,-0.00226,0.0,0.0,17816,21360,16820,20290
100.019,-0.00037,0.0002,-0.002,0.00042,0.0,30.0,0.0,0.0,0.0,0.0,0.0,20.0,0.0,0.0,-0.026,0.0,0.0,200.98,-0.00037,0.0002,-0.038,0.00042,0.0,30.0,-0.054,-1.624,115,0.2478,0.0189,9.8007,-0.00446,-0.00226,0.00866,0.0,0.0,17816,21360,16820,20290
100.269,-0.00037,0.0002,-0.002,0.00042,0.0,30.0,0.0,0.0,0.0,0.0,0.0,20.0,0.0,0.0,-0.036,0.0,0.0,200.98,-0.00037,0.0002,-0.046,0.00042,0.0,30.0,-0.04,-1.586,115,0.3259,-0.0314,9.7495,-0.0036,-0.00186,0.00373,0.0,0.0,17816,21360,16820,20290
100.519,-0.00037,0.0002,-0.002,0.00042,0.0,30.0,0.0,0.0,0.0,0.0,0.0,20.0,0.0,0.0,-0.025,0.0,0.0,200.98,-0.00037,0.0002,-0.036,0.00042,0.0,30.0,-0.051,-1.652,114,0.2631,0.0628,9.7324,-0.00353,-0.00013,-0.00047,0.0,0.0,17816,21360,16820,20290
100.769,-0.00037,0.0002,-0.002,0.00042,0.0,30.0,0.0,0.0,0.0,0.0,0.0,20.0,0.0,0.0,-0.026,0.0,0.0,200.98,-0.00037,0.0002,-0.036,0.00042,0.0,30.0,-0.025,-1.598,114,0.2622,-0.0009,9.7109,-0.0008,0.00027,0.00047,0.0,0.0,17816,21360,16820,20290
101.019,-0.00037,0.0002,-0.002,0.00042,0.0,28.99,0.0,0.0,0.0,0.0,0.0,19.99,0.0,0.0,-0.032,0.0,0.0,200.9,-0.00037,0.0002,-0.041,0.00042,0.0,28.99,-0.006,-1.629,114,0.2729,0.0377,9.7252,-0.0038,0.0018,0.00133,0.0,0.0,17816,21360,16820,20290
101.269,-0.00037,0.0002,-0.002,0.00042,0.0,28.99,0.0,0.0,0.0,0.0,0.0,19.99,0.0,0.0,-0.024,0.0,0.0,200.9,-0.00037,0.0002,-0.033,0.00042,0.0,28.99,-0.054,-1.651,114,0.3268,-0.035,9.7208,-7e-05,0.00013,0.00047,0.0,0.0,17816,21360,16820,20290
101.518,-0.00037,0.0002,-0.002,0.00042,0.0,28.99,0.0,0.0,0.0,0.0,0.0,19.99,0.0,0.0,-0.026,0.0,0.0,200.9,-0.00037,0.0002,-0.034,0.00042,0.0,28.99,-0.021,-1.659,114,0.281,-0.0054,9.7315,-0.00639,-0.00073,0.00113,0.0,0.0,17816,21360,16820,20290
101.768,-0.00037,0.0002,-0.002,0.00042,0.0,28.99,0.0,0.0,0.0,0.0,0.0,19.99,0.0,0.0,-0.019,0.0,0.0,200.9,-0.00037,0.0002,-0.027,0.00042,0.0,28.99,0.001,-1.651,114,0.2711,-0.0099,9.7674,-0.0034,-0.00133,0.003,0.0,0.0,17816,21360,16820,20290
102.019,-0.00037,0.0002,-0.002,0.00042,0.0,28.99,0.0,0.0,0.0,0.0,0.0,19.99,0.0,0.0,-0.02,0.0,0.0,200.9,-0.00037,0.0002,-0.027,0.00042,0.0,28.99,-0.014,-1.608,114,0.2729,-0.0602,9.7459,-0.00646,-0.00093,-0.0038,0.0,0.0,17816,21360,16820,20290
102.268,-0.00037,0.0002,-0.002,0.00042,0.0,28.02,0.0,0.0,0.0,0.0,0.0,20.01,0.0,0.0,-0.033,0.0,0.0,200.92,-0.00037,0.0002,-0.041,0.00042,0.0,28.02,-0.122,-1.646,114,0.2738,-0.0224,9.7836,-0.00206,0.0006,0.00386,0.0,0.0,17816,21360,16820,20290
102.518,-0.00037,0.0002,-0.002,0.00042,0.0,28.02,0.0,0.0,0.0,0.0,0.0,20.01,0.0,0.0,-0.036,0.0,0.0,200.92,-0.00037,0.0002,-0.044,0.00042,0.0,28.02,-0.077,-1.635,114,0.2693,0.0215,9.7199,-0.00706,-0.00073,0.001,0.0,0.0,17816,21360,16820,20290
102.769,-0.00037,0.0002,-0.002,0.00042,0.0,28.02,0.0,0.0,0.0,0.0,0.0,20.01,0.0,0.0,-0.033,0.0,0.0,200.92,-0.00037,0.0002,-0.04,0.00042,0.0,28.02,-0.053,-1.63,114,0.2693,0.0251,9.7818,-0.00539,0.003,0.0016,0.0,0.0,17816,21360,16820,20290
103.019,-0.00037,0.0002,-0.002,0.00042,0.0,28.02,0.0,0.0,0.0,0.0,0.0,20.01,0.0,0.0,-0.03,0.0,0.0,200.92,-0.00037,0.0002,-0.037,0.00042,0.0,28.02,-0.057,-1.625,114,0.299,-0.0162,9.7261,-0.00133,-0.00013,0.00067,0.0,0.0,17816,21360,16820,20290
103.268,-0.00037,0.0002,-0.002,0.00042,0.0,28.02,0.0,0.0,0.0,0.0,0.0,20.01,0.0,0.0,-0.038,0.0,0.0,200.92,-0.00037,0.0002,-0.045,0.00042,0.0,28.02,-0.053,-1.601,114,0.2783,-0.0126,9.7199,-0.00626,0.0,0.00153,0.0,0.0,17816,21360,16820,20290
103.518,-0.00037,0.0002,-0.002,0.00042,0.0,28.8,0.0,0.0,0.0,0.0,0.0,20.0,0.0,0.0,-0.034,0.0,0.0,199.99,-0.00037,0.0002,-0.041,0.00042,0.0,28.8,-0.044,-1.622,114,0.2218,0.0162,9.7549,-0.00393,0.00146,0.0036,0.0,0.0,17816,21360,16820,20290
103.768,-0.00037,0.0002,-0.002,0.00042,0.0,28.8,0.0,0.0,0.0,0.0,0.0,20.0,0.0,0.0,-0.024,0.0,0.0,199.99,-0.00037,0.0002,-0.03,0.00042,0.0,28.8,-0.031,-1.608,114,0.3618,0.0413,9.763,-0.00439,-0.00273,0.00579,0.0,0.0,17816,21360,16820,20290
104.018,-0.00037,0.0002,-0.002,0.00042,0.0,28.8,0.0,0.0,0.0,0.0,0.0,20.0,0.0,0.0,-0.035,0.0,0.0,199.99,-0.00037,0.0002,-0.043,0.00042,0.0,28.8,-0.049,-1.608,114,0.3089,-0.0108,9.7603,-0.0022,-0.00353,0.00419,0.0,0.0,17816,21360,16820,20290
104.269,-0.00037,0.0002,-0.002,0.00042,0.0,28.8,0.0,0.0,0.0,0.0,0.0,20.0,0.0,0.0,-0.032,0.0,0.0,199.99,-0.00037,0.0002,-0.038,0.00042,0.0,28.8,-0.041,-1.602,114,0.2891,0.0431,9.7109,-0.00519,-0.0032,0.00646,0.0,0.0,17816,21360,16820,20290
104.519,-0.00037,0.0002,-0.002,0.00042,0.0,29.99,0.0,0.0,0.0,0.0,0.0,20.0,0.0,0.0,-0.038,0.0,0.0,199.95,-0.00037,0.0002,-0.043,0.00042,0.0,29.99,-0.032,-1.551,114,0.2128,0.0224,9.7046,-0.0024,-0.0012,0.00153,0.0,0.0,17816,21360,16820,20290
104.769,-0.00037,0.0002,-0.002,0.00042,0.0,29.99,0.0,0.0,0.0,0.0,0.0,20.0,0.0,0.0,-0.037,0.0,0.0,199.95,-0.00037,0.0002,-0.04,0.00042,0.0,29.99,-0.077,-1.609,114,0.2729,0.0305,9.7423,0.00186,0.00166,-0.00599,0.0,0.0,17816,21360,16820,20290
105.019,-0.00037,0.0002,-0.002,0.00042,0.0,29.99,0.0,0.0,0.0,0.0,0.0,20.0,0.0,0.0,-0.036,0.0,0.0,199.95,-0.00037,0.0002,-0.041,0.00042,0.0,29.99,-0.048,-1.586,114,0.2765,-0.0233,9.7477,-0.00479,0.00127,0.00047,0.0,0.0,17816,21360,16820,20290
105.269,-0.00037,0.0002,-0.002,0.00042,0.0,29.99,0.0,0.0,0.0,0.0,0.0,20.0,0.0,0.0,-0.024,0.0,0.0,199.95,-0.00037,0.0002,-0.029,0.00042,0.0,29.99,-0.031,-1.6,114,0.3106,0.0341,9.6929,-0.00566,0.00087,0.00393,0.0,0.0,17816,21360,16820,20290
105.519,-0.00037,0.0002,-0.002,0.00042,0.0,29.99,0.0,0.0,0.0,0.0,0.0,20.0,0.0,0.0,-0.028,0.0,0.0,199.95,-0.00037,0.0002,-0.031,0.00042,0.0,29.99,-0.018,-1.638,114,0.2846,-0.0144,9.7423,-0.00779,-0.0004,-0.0032,0.0,0.0,17816,21360,16820,20290
105.769,-0.00037,0.0002,-0.002,0.00042,0.0,29.6,0.0,0.0,0.0,0.0,0.0,20.0,0.0,0.0,-0.029,0.0,0.0,201.59,-0.00037,0.0002,-0.032,0.00042,0.0,29.6,-0.013,-1.601,114,0.2873,0.044,9.7594,-0.00286,0.00146,-0.00173,0.0,0.0,17816,21360,16820,20290
106.019,-0.00037,0.0002,-0.002,0.00042,0.0,29.6,0.0,0.0,0.0,0.0,0.0,20.0,0.0,0.0,-0.023,0.0,0.0,201.59,-0.00037,0.0002,-0.029,0.00042,0.0,29.6,-0.087,-1.62,114,0.3421,-0.0431,9.7037,-0.00619,-0.00013,0.00453,0.0,0.0,17816,21360,16820,20290
106.269,-0.00037,0.0002,-0.002,0.00042,0.0,29.6,0.0,0.0,0.0,0.0,0.0,20.0,0.0,0.0,-0.024,0.0,0.0,201.59,-0.00037,0.0002,-0.028,0.00042,0.0,29.6,-0.111,-1.626,114,0.2945,-0.0494,9.7441,-0.00526,0.00093,0.00579,0.0,0.0,17816,21360,16820,20290
106.519,-0.00037,0.0002,-0.002,0.00042,0.0,29.6,0.0,0.0,0.0,0.0,0.0,20.0,0.0,0.0,-0.021,0.0,0.0,201.59,-0.00037,0.0002,-0.025,0.00042,0.0,29.6,-0.075,-1.597,114,0.2658,-0.0386,9.7261,-0.00599,-0.00353,0.00107,0.0,0.0,17816,21360,16820,20290
106.768,-0.00037,0.0002,-0.002,0.00042,0.0,29.6,0.0,0.0,0.0,0.0,0.0,20.0,0.0,0.0,-0.011,0.0,0.0,201.59,-0.00037,0.0002,-0.014,0.00042,0.0,29.6,-0.04,-1.627,114,0.2963,0.0081,9.7648,-0.00366,0.00266,0.00473,0.0,0.0,17816,21360,16820,20290
107.018,-0.00037,0.0002,-0.002,0.00042,0.0,29.61,0.0,0.0,0.0,0.0,0.0,20.0,0.0,0.0,-0.001,0.0,0.0,199.25,-0.00037,0.0002,-0.007,0.00042,0.0,29.61,-0.086,-1.571,114,0.2478,0.0072,9.7405,-0.00186,0.0,0.00513,0.0,0.0,17816,21360,16820,20290
107.268,-0.00037,0.0002,-0.002,0.00042,0.0,29.61,0.0,0.0,0.0,0.0,0.0,20.0,0.0,0.0,-0.001,0.0,0.0,199.25,-0.00037,0.0002,-0.004,0.00042,0.0,29.61,-0.067,-1.673,114,0.2532,-0.018,9.7728,-0.003,0.00253,0.0012,0.0,0.0,17816,21360,16820,20290
107.519,-0.00037,0.0002,-0.002,0.00042,0.0,29.61,0.0,0.0,0.0,0.0,0.0,20.0,0.0,0.0,0.012,0.0,0.0,199.25,-0.00037,0.0002,0.01,0.00042,0.0,29.61,-0.093,-1.657,114,0.2613,0.0027,9.7917,-0.00533,-0.00067,0.00067,0.0,0.0,17816,21360,16820,20290
107.769,-0.00037,0.0002,-0.002,0.00042,0.0,29.61,0.0,0.0,0.0,0.0,0.0,20.0,0.0,0.0,0.009,0.0,0.0,199.25,-0.00037,0.0002,0.006,0.00042,0.0,29.61,-0.073,-1.639,114,0.2245,0.0027,9.7701,-0.00406,-0.00033,0.0006,0.0,0.0,17816,21360,16820,20290
108.019,-0.00037,0.0002,-0.002,0.00042,0.0,29.0,0.0,0.0,0.0,0.0,0.0,20.0,0.0,0.0,-0.005,0.0,0.0,199.98,-0.00037,0.0002,-0.01,0.00042,0.0,29.0,-0.06,-1.582,114,0.2469,-0.0036,9.7208,-0.00479,0.00067,0.00413,0.0,0.0,17816,21360,16820,20290
108.269,-0.00037,0.0002,-0.002,0.00042,0.0,29.0,0.0,0.0,0.0,0.0,0.0,20.0,0.0,0.0,-0.004,0.0,0.0,199.98,-0.00037,0.0002,-0.006,0.00042,0.0,29.0,-0.025,-1.606,114,0.2819,-0.0557,9.7728,-0.00639,0.00293,-0.0028,0.0,0.0,17816,21360,16820,20290
108.519,-0.00037,0.0002,-0.002,0.00042,0.0,29.0,0.0,0.0,0.0,0.0,0.0,20.0,0.0,0.0,0.0,0.0,0.0,199.98,-0.00037,0.0002,-0.006,0.00042,0.0,29.0,-0.054,-1.578,114,0.2819,-0.0162,9.7567,-0.00419,0.00566,0.00573,0.0,0.0,17816,21360,16820,20290
108.769,-0.00044,0.00024,-0.003,0.0005,0.0,29.0,0.0,0.0,0.0,0.0,0.0,20.0,0.0,0.0,-0.011,0.0,0.0,199.98,-0.00044,0.00024,-0.014,0.0005,0.0,29.0,-0.073,-1.601,114,0.237,-0.0395,9.7549,-0.00346,0.0032,-0.00273,0.0,0.0,17816,21360,16820,20290
109.018,-0.00044,0.00024,-0.003,0.0005,0.0,29.0,0.0,0.0,0.0,0.0,0.0,20.0,0.0,0.0,-0.007,0.0,0.0,199.98,-0.00044,0.00024,-0.012,0.0005,0.0,29.0,-0.038,-1.609,114,0.3097,-0.0045,9.7252,-0.0004,0.00127,0.0022,0.0,0.0,17816,21360,16820,20290
109.268,-0.00044,0.00024,-0.003,0.0005,0.0,30.4,0.0,0.0,0.0,0.0,0.0,20.0,0.0,0.0,0.0,0.0,0.0,201.62,-0.00044,0.00024,-0.003,0.0005,0.0,30.4,-0.085,-1.58,114,0.2406,0.0099,9.7217,-0.0008,-0.00113,0.00346,0.0,0.0,17816,21360,16820,20290
109.519,-0.00044,0.00024,-0.003,0.0005,0.0,30.4,0.0,0.0,0.0,0.0,0.0,20.0,0.0,0.0,0.004,0.0,0.0,201.62,-0.00044,0.00024,-0.0,0.0005,0.0,30.4,-0.051,-1.604,114,0.2397,0.0422,9.7468,-0.00553,-0.00087,0.00047,0.0,0.0,17816,21360,16820,20290
109.768,-0.00044,0.00024,-0.003,0.0005,0.0,30.4,0.0,0.0,0.0,0.0,0.0,20.0,0.0,0.0,-0.005,0.0,0.0,201.62,-0.00044,0.00024,-0.009,0.0005,0.0,30.4,-0.043,-1.594,114,0.3133,-0.079,9.6911,-0.00306,0.00027,-0.0014,0.0,0.0,17816,21360,16820,20290
110.019,-0.00044,0.00024,-0.003,0.0005,0.0,30.4,0.0,0.0,0.0,0.0,0.0,20.0,0.0,0.0,0.004,0.0,0.0,201.62,-0.00044,0.00024,0.001,0.0005,0.0,30.4,-0.049,-1.582,114,0.2828,-0.0009,9.763,-0.00373,7e-05,0.00047,0.0,0.0,17816,21360,16820,20290
110.269,-0.00044,0.00024,-0.003,0.0005,0.0,28.98,0.0,0.0,0.0,0.0,0.0,19.98,0.0,0.0,0.013,0.0,0.0,200.83,-0.00044,0.00024,0.008,0.0005,0.0,28.98,-0.05,-1.62,114,0.272,-0.0251,9.727,-0.00393,-0.0024,0.00593,0.0,0.0,17816,21360,16820,20290
110.519,-0.00044,0.00024,-0.003,0.0005,0.0,28.98,0.0,0.0,0.0,0.0,0.0,19.98,0.0,0.0,0.007,0.0,0.0,200.83,-0.00044,0.00024,0.003,0.0005,0.0,28.98,-0.073,-1.599,113,0.2792,0.0305,9.763,-0.0034,0.001,0.0036,0.0,0.0,17816,21360,16820,20290
110.769,-0.00044,0.00024,-0.003,0.0005,0.0,28.98,0.0,0.0,0.0,0.0,0.0,19.98,0.0,0.0,0.004,0.0,0.0,200.83,-0.00044,0.00024,0.002,0.0005,0.0,28.98,-0.002,-1.571,113,0.2613,0.0503,9.7558,-0.0016,-0.0016,-0.00113,0.0,0.0,17816,21360,16820,20290
111.019,-0.00044,0.00024,-0.003,0.0005,0.0,28.98,0.0,0.0,0.0,0.0,0.0,19.98,0.0,0.0,0.011,0.0,0.0,200.83,-0.00044,0.00024,0.008,0.0005,0.0,28.98,-0.018,-1.611,113,0.3457,0.0198,9.7208,-0.00386,0.0,0.0028,0.0,0.0,17816,21360,16820,20290
111.269,-0.00044,0.00024,-0.003,0.0005,0.0,28.98,0.0,0.0,0.0,0.0,0.0,19.98,0.0,0.0,0.025,0.0,0.0,200.83,-0.00044,0.00024,0.021,0.0005,0.0,28.98,-0.042,-1.603,113,0.3439,-0.0646,9.763,-0.00393,0.00067,0.0032,0.0,0.0,17816,21360,16820,20290
111.519,-0.00044,0.00024,-0.003,0.0005,0.0,28.81,0.0,0.0,0.0,0.0,0.0,19.21,0.0,0.0,0.038,0.0,0.0,199.29,-0.00044,0.00024,0.033,0.0005,0.0,28.81,-0.058,-1.643,113,0.3053,-0.0108,9.7136,-0.0024,0.00013,0.00213,0.0,0.0,17816,21360,16820,20290
111.768,-0.00044,0.00024,-0.003,0.0005,0.0,28.81,0.0,0.0,0.0,0.0,0.0,19.21,0.0,0.0,0.034,0.0,0.0,199.29,-0.00044,0.00024,0.03,0.0005,0.0,28.81,-0.03,-1.645,113,0.2882,0.0072,9.7665,0.00047,-0.0018,0.00393,0.0,0.0,17816,21360,16820,20290
112.019,-0.00044,0.00024,-0.003,0.0005,0.0,28.81,0.0,0.0,0.0,0.0,0.0,19.21,0.0,0.0,0.04,0.0,0.0,199.29,-0.00044,0.00024,0.032,0.0005,0.0,28.81,0.04,-1.599,113,0.2702,0.0171,9.7674,-0.00433,0.00093,0.00493,0.0,0.0,17816,21360,16820,20290
112.268,-0.00044,0.00024,-0.003,0.0005,0.0,28.81,0.0,0.0,0.0,0.0,0.0,19.21,0.0,0.0,0.04,0.0,0.0,199.29,-0.00044,0.00024,0.036,0.0005,0.0,28.81,0.012,-1.622,113,0.2415,0.0512,9.7414,-0.0038,0.00406,-0.00226,0.0,0.0,17816,21360,16820,20290
112.519,-0.00044,0.00024,-0.003,0.0005,0.0,28.81,0.0,0.0,0.0,0.0,0.0,19.21,0.0,0.0,0.037,0.0,0.0,199.29,-0.00044,0.00024,0.033,0.0005,0.0,28.81,-0.063,-1.69,113,0.2397,-0.0126,9.754,-0.00087,-0.00186,-0.00087,0.0,0.0,17816,21360,16820,20290
112.769,-0.00044,0.00024,-0.003,0.0005,0.0,30.39,0.0,0.0,0.0,0.0,0.0,20.79,0.0,0.0,0.02,0.0,0.0,201.54,-0.00044,0.00024,0.015,0.0005,0.0,30.39,-0.015,-1.62,113,0.3106,-0.0251,9.7244,-0.00353,0.0,0.00087,0.0,0.0,17816,21360,16820,20290
113.019,-0.00044,0.00024,-0.003,0.0005,0.0,30.39,0.0,0.0,0.0,0.0,0.0,20.79,0.0,0.0,0.016,0.0,0.0,201.54,-0.00044,0.00024,0.01,0.0005,0.0,30.39,-0.065,-1.593,113,0.2514,0.018,9.719,-0.00087,0.0,0.00426,0.0,0.0,17816,21360,16820,20290
113.269,-0.00044,0.00024,-0.003,0.0005,0.0,30.39,0.0,0.0,0.0,0.0,0.0,20.79,0.0,0.0,0.024,0.0,0.0,201.54,-0.00044,0.00024,0.018,0.0005,0.0,30.39,-0.052,-1.586,113,0.2891,-0.0377,9.7414,0.0,0.00107,0.00107,0.0,0.0,17816,21360,16820,20290
113.519,-0.00044,0.00024,-0.003,0.0005,0.0,30.39,0.0,0.0,0.0,0.0,0.0,20.79,0.0,0.0,0.01,0.0,0.0,201.54,-0.00044,0.00024,0.005,0.0005,0.0,30.39,-0.073,-1.579,113,0.2792,-0.0269,9.7145,-0.00067,-0.00146,-0.00053,0.0,0.0,17816,21360,16820,20290
113.769,-0.00044,0.00024,-0.003,0.0005,0.0,30.39,0.0,0.0,0.0,0.0,0.0,20.79,0.0,0.0,0.008,0.0,0.0,201.54,-0.00044,0.00024,0.002,0.0005,0.0,30.39,-0.042,-1.671,113,0.2586,-0.0036,9.7423,-0.00206,0.0,0.00273,0.0,0.0,17816,21360,16820,20290
114.019,-0.00044,0.00024,-0.003,0.0005,0.0,29.61,0.0,0.0,0.0,0.0,0.0,20.01,0.0,0.0,0.003,0.0,0.0,199.28,-0.00044,0.00024,-0.0,0.0005,0.0,29.61,-0.014,-1.633,113,0.2424,-0.0018,9.7118,-0.00013,-0.00146,-0.0012,0.0,0.0,17816,21360,16820,20290
114.269,-0.00044,0.00024,-0.003,0.0005,0.0,29.61,0.0,0.0,0.0,0.0,0.0,20.01,0.0,0.0,-0.005,0.0,0.0,199.28,-0.00044,0.00024,-0.01,0.0005,0.0,29.61,-0.007,-1.641,113,0.299,0.0126,9.8078,-0.00386,0.00333,-0.00087,0.0,0.0,17816,21360,16820,20290
114.519,-0.00044,0.00024,-0.003,0.0005,0.0,29.61,0.0,0.0,0.0,0.0,0.0,20.01,0.0,0.0,-0.004,0.0,0.0,199.28,-0.00044,0.00024,-0.011,0.0005,0.0,29.61,-0.025,-1.623,115,0.3035,-0.0566,9.7396,-0.0038,-0.0008,0.00386,0.0,0.0,17816,21360,16820,20290
114.768,-0.00044,0.00024,-0.003,0.0005,0.0,29.61,0.0,0.0,0.0,0.0,0.0,20.01,0.0,0.0,-0.011,0.0,0.0,199.28,-0.00044,0.00024,-0.016,0.0005,0.0,29.61,-0.012,-1.641,115,0.2496,-0.0009,9.7396,-0.00306,0.00286,-0.00213,0.0,0.0,17816,21360,16820,20290
115.019,-0.00044,0.00024,-0.003,0.0005,0.0,30.0,0.0,0.0,0.0,0.0,0.0,20.0,0.0,0.0,-0.027,0.0,0.0,199.99,-0.00044,0.00024,-0.034,0.0005,0.0,30.0,-0.019,-1.598,115,0.2487,0.0,9.7252,-0.00519,-0.0016,0.00087,0.0,0.0,17816,21360,16820,20290
115.268,-0.00044,0.00024,-0.003,0.0005,0.0,30.0,0.0,0.0,0.0,0.0,0.0,20.0,0.0,0.0,-0.026,0.0,0.0,199.99,-0.00044,0.00024,-0.031,0.0005,0.0,30.0,-0.007,-1.623,115,0.2936,0.0251,9.7576,-0.0018,0.00146,0.00519,0.0,0.0,17816,21360,16820,20290
115.519,-0.00044,0.00024,-0.003,0.0005,0.0,30.0,0.0,0.0,0.0,0.0,0.0,20.0,0.0,0.0,-0.039,0.0,0.0,199.99,-0.00044,0.00024,-0.042,0.0005,0.0,30.0,-0.01,-1.617,115,0.316,0.0063,9.7531,-0.003,-0.00073,-0.00226,0.0,0.0,17816,21360,16820,20290
115.769,-0.00044,0.00024,-0.003,0.0005,0.0,30.0,0.0,0.0,0.0,0.0,0.0,20.0,0.0,0.0,-0.05,0.0,0.0,199.99,-0.00044,0.00024,-0.054,0.0005,0.0,30.0,0.015,-1.633,115,0.3089,-0.0036,9.6633,-0.00479,-0.00146,0.00047,0.0,0.0,17816,21360,16820,20290
116.019,-0.00044,0.00024,-0.003,0.0005,0.0,29.99,0.0,0.0,0.0,0.0,0.0,20.0,0.0,0.0,-0.043,0.0,0.0,199.96,-0.00044,0.00024,-0.048,0.0005,0.0,29.99,-0.023,-1.629,115,0.3062,-0.0126,9.7414,-0.00353,-0.00067,0.00426,0.0,0.0,17816,21360,16820,20290
116.269,-0.00044,0.00024,-0.003,0.0005,0.0,29.99,0.0,0.0,0.0,0.0,0.0,20.0,0.0,0.0,-0.037,0.0,0.0,199.96,-0.00044,0.00024,-0.042,0.0005,0.0,29.99,-0.043,-1.593,115,0.2855,0.0189,9.7091,-0.00426,0.0034,0.00559,0.0,0.0,17816,21360,16820,20290
116.519,-0.00044,0.00024,-0.003,0.0005,0.0,29.99,0.0,0.0,0.0,0.0,0.0,20.0,0.0,0.0,-0.049,0.0,0.0,199.96,-0.00044,0.00024,-0.057,0.0005,0.0,29.99,0.007,-1.615,114,0.2388,0.0171,9.7235,-7e-05,-0.00027,0.00686,0.0,0.0,17816,21360,16820,20290
116.769,-0.00044,0.00024,-0.003,0.0005,0.0,29.99,0.0,0.0,0.0,0.0,0.0,20.0,0.0,0.0,-0.037,0.0,0.0,199.96,-0.00044,0.00024,-0.04,0.0005,0.0,29.99,-0.043,-1.626,114,0.2819,-0.0287,9.6956,-0.00273,-0.0006,0.0014,0.0,0.0,17816,21360,16820,20290
117.018,-0.00044,0.00024,-0.003,0.0005,0.0,29.99,0.0,0.0,0.0,0.0,0.0,20.0,0.0,0.0,-0.035,0.0,0.0,199.96,-0.00044,0.00024,-0.042,0.0005,0.0,29.99,-0.002,-1.606,114,0.2738,0.0224,9.7594,-0.00306,-0.00053,0.0014,0.0,0.0,17816,21360,16820,20290
117.268,-0.00044,0.00024,-0.003,0.0005,0.0,29.61,0.0,0.0,0.0,0.0,0.0,20.01,0.0,0.0,-0.035,0.0,0.0,201.68,-0.00044,0.00024,-0.037,0.0005,0.0,29.61,-0.065,-1.664,114,0.2963,-0.044,9.7827,-0.00699,-0.00127,0.00839,0.0,0.0,17816,21360,16820,20290
117.519,-0.00044,0.00024,-0.003,0.0005,0.0,29.61,0.0,0.0,0.0,0.0,0.0,20.01,0.0,0.0,-0.033,0.0,0.0,201.68,-0.00044,0.00024,-0.035,0.0005,0.0,29.61,-0.019,-1.673,114,0.2846,0.0126,9.6678,-0.00173,0.0008,0.00166,0.0,0.0,17816,21360,16820,20290
117.768,-0.00044,0.00024,-0.003,0.0005,0.0,29.61,0.0,0.0,0.0,0.0,0.0,20.01,0.0,0.0,-0.023,0.0,0.0,201.68,-0.00044,0.00024,-0.025,0.0005,0.0,29.61,-0.077,-1.638,114,0.2541,0.0619,9.745,-0.00067,0.0016,0.00473,0.0,0.0,17816,21360,16820,20290
118.019,-0.00044,0.00024,-0.003,0.0005,0.0,29.61,0.0,0.0,0.0,0.0,0.0,20.01,0.0,0.0,-0.031,0.0,0.0,201.68,-0.00044,0.00024,-0.034,0.0005,0.0,29.61,-0.047,-1.653,114,0.2469,-0.0377,9.7594,-0.00453,0.00273,0.00373,0.0,0.0,17816,21360,16820,20290
118.269,-0.00044,0.00024,-0.003,0.0005,0.0,29.99,0.0,0.0,0.0,0.0,0.0,19.99,0.0,0.0,-0.026,0.0,0.0,200.9,-0.00044,0.00024,-0.027,0.0005,0.0,29.99,0.004,-1.616,114,0.2909,0.0386,9.7576,-0.00326,0.0,0.00053,0.0,0.0,17816,21360,16820,20290
118.519,-0.00048,0.00027,-0.004,0.00055,0.0,29.99,0.0,0.0,0.0,0.0,0.0,19.99,0.0,0.0,-0.018,0.0,0.0,200.9,-0.00048,0.00027,-0.023,0.00055,0.0,29.99,-0.095,-1.616,116,0.2882,-0.0431,9.7154,-0.0012,-0.00466,0.00806,0.0,0.0,17816,21360,16820,20290
118.769,-0.00048,0.00027,-0.004,0.00055,0.0,29.99,0.0,0.0,0.0,0.0,0.0,19.99,0.0,0.0,-0.033,0.0,0.0,200.9,-0.00048,0.00027,-0.034,0.00055,0.0,29.99,-0.072,-1.58,116,0.2334,0.0081,9.7486,-0.00186,-0.00107,0.00273,0.0,0.0,17816,21360,16820,20290
119.019,-0.00048,0.00027,-0.004,0.00055,0.0,29.99,0.0,0.0,0.0,0.0,0.0,19.99,0.0,0.0,-0.049,0.0,0.0,200.9,-0.00048,0.00027,-0.049,0.00055,0.0,29.99,-0.034,-1.616,116,0.2729,0.0296,9.7549,-0.003,-0.00206,0.0004,0.0,0.0,17816,21360,16820,20290
119.269,-0.00048,0.00027,-0.004,0.00055,0.0,29.99,0.0,0.0,0.0,0.0,0.0,19.99,0.0,0.0,-0.044,0.0,0.0,200.9,-0.00048,0.00027,-0.047,0.00055,0.0,29.99,0.008,-1.631,116,0.2963,-0.0063,9.745,-0.00399,-0.00093,0.00613,0.0,0.0,17816,21360,16820,20290
119.518,-0.00048,0.00027,-0.004,0.00055,0.0,29.61,0.0,0.0,0.0,0.0,0.0,20.01,0.0,0.0,-0.049,0.0,0.0,199.27,-0.00048,0.00027,-0.049,0.00055,0.0,29.61,-0.008,-1.59,113,0.2568,0.0359,9.7656,-0.00399,0.0008,-0.002,0.0,0.0,17816,21360,16820,20290
119.768,-0.00048,0.00027,-0.003,0.00055,0.0,29.61,0.0,0.0,0.0,0.0,0.0,20.01,0.0,0.0,-0.054,0.0,0.0,199.27,-0.00048,0.00027,-0.054,0.00055,0.0,29.61,-0.02,-1.661,113,0.2622,-0.026,9.736,-0.00566,-0.0008,0.00373,0.0,0.0,17816,21360,16820,20290
120.018,-0.00048,0.00027,-0.003,0.00055,0.0,29.61,0.0,0.0,0.0,0.0,0.0,20.01,0.0,0.0,-0.062,0.0,0.0,199.27,-0.00048,0.00027,-0.059,0.00055,0.0,29.61,-0.031,-1.664,113,0.2711,0.0826,9.7279,-0.0002,-0.00186,-0.003,0.0,0.0,17816,21360,16820,20290
120.268,-0.00048,0.00027,-0.003,0.00055,0.0,29.61,0.0,0.0,0.0,0.0,0.0,20.01,0.0,0.0,-0.069,0.0,0.0,199.27,-0.00048,0.00027,-0.068,0.00055,0.0,29.61,-0.041,-1.614,113,0.2442,0.0081,9.78,-0.00439,0.0012,0.00047,0.0,0.0,17816,21360,16820,20290
120.519,-0.00048,0.00027,-0.003,0.00055,0.0,30.0,0.0,0.0,0.0,0.0,0.0,19.0,0.0,0.0,-0.077,0.0,0.0,199.97,-0.00048,0.00027,-0.075,0.00055,0.0,30.0,-0.013,-1.592,113,0.2595,-0.0224,9.6974,-0.00593,-0.00053,-0.001,0.0,0.0,17816,21360,16820,20290
120.769,-0.00048,0.00027,-0.003,0.00055,0.0,30.0,0.0,0.0,0.0,0.0,0.0,19.0,0.0,0.0,-0.077,0.0,0.0,199.97,-0.00048,0.00027,-0.075,0.00055,0.0,30.0,-0.021,-1.607,113,0.3331,-0.0341,9.71,-0.0032,7e-05,0.00047,0.0,0.0,17816,21360,16820,20290
121.018,-0.00048,0.00027,-0.003,0.00055,0.0,30.0,0.0,0.0,0.0,0.0,0.0,19.0,0.0,0.0,-0.075,0.0,0.0,199.97,-0.00048,0.00027,-0.072,0.00055,0.0,30.0,-0.043,-1.601,113,0.3798,-0.0269,9.7486,-0.0028,0.00013,-0.00226,0.0,0.0,17816,21360,16820,20290
121.269,-0.00048,0.00027,-0.003,0.00055,0.0,30.0,0.0,0.0,0.0,0.0,0.0,19.0,0.0,0.0,-0.095,0.0,0.0,199.97,-0.00048,0.00027,-0.092,0.00055,0.0,30.0,-0.033,-1.588,113,0.2487,0.0081,9.7998,-0.00366,0.0012,0.00193,0.0,0.0,17816,21360,16820,20290
121.518,-0.00048,0.00027,-0.003,0.00055,0.0,30.0,0.0,0.0,0.0,0.0,0.0,19.0,0.0,0.0,-0.095,0.0,0.0,199.97,-0.00048,0.00027,-0.092,0.00055,0.0,30.0,-0.04,-1.641,113,0.2702,0.0359,9.7073,-0.00459,0.00146,0.0026,0.0,0.0,17816,21360,16820,20290
121.769,-0.00048,0.00027,-0.003,0.00055,0.0,30.4,0.0,0.0,0.0,0.0,0.0,20.8,0.0,0.0,-0.087,0.0,0.0,201.59,-0.00048,0.00027,-0.083,0.00055,0.0,30.4,-0.027,-1.626,113,0.2927,-0.018,9.7208,-0.00286,0.00266,0.00246,0.0,0.0,17816,21360,16820,20290
122.018,-0.00048,0.00027,-0.003,0.00055,0.0,30.4,0.0,0.0,0.0,0.0,0.0,20.8,0.0,0.0,-0.086,0.0,0.0,201.59,-0.00048,0.00027,-0.082,0.00055,0.0,30.4,-0.087,-1.598,113,0.255,0.0117,9.7441,-0.00513,-0.0004,0.00333,0.0,0.0,17816,21360,16820,20290
122.268,-0.00048,0.00027,-0.003,0.00055,0.0,30.4,0.0,0.0,0.0,0.0,0.0,20.8,0.0,0.0,-0.085,0.0,0.0,201.59,-0.00048,0.00027,-0.079,0.00055,0.0,30.4,-0.084,-1.6,113,0.272,-0.0126,9.7324,-0.00559,-0.00193,7e-05,0.0,0.0,17816,21360,16820,20290
122.519,-0.00053,0.00028,-0.003,0.0006,0.0,30.4,0.0,0.0,0.0,0.0,0.0,20.8,0.0,0.0,-0.083,0.0,0.0,201.59,-0.00053,0.00028,-0.08,0.0006,0.0,30.4,-0.036,-1.636,114,0.2684,-0.0539,9.71,-0.00293,-0.00166,0.00606,0.0,0.0,17816,21360,16820,20290
122.769,-0.00053,0.00028,-0.003,0.0006,0.0,30.4,0.0,0.0,0.0,0.0,0.0,20.8,0.0,0.0,-0.071,0.0,0.0,201.59,-0.00053,0.00028,-0.064,0.0006,0.0,30.4,-0.023,-1.635,114,0.2837,-0.0153,9.7648,-0.00466,-0.00346,0.0014,0.0,0.0,17816,21360,16820,20290
123.019,-0.00053,0.00028,-0.003,0.0006,0.0,29.6,0.0,0.0,0.0,0.0,0.0,20.0,0.0,0.0,-0.059,0.0,0.0,199.22,-0.00053,0.00028,-0.05,0.0006,0.0,29.6,-0.032,-1.615,114,0.2541,-0.0054,9.7746,-0.00459,-0.00047,0.0016,0.0,0.0,17816,21360,16820,20290
123.269,-0.00053,0.00028,-0.003,0.0006,0.0,29.6,0.0,0.0,0.0,0.0,0.0,20.0,0.0,0.0,-0.046,0.0,0.0,199.22,-0.00053,0.00028,-0.039,0.0006,0.0,29.6,0.007,-1.622,114,0.2415,0.0422,9.8141,-0.00166,-0.00133,0.00293,0.0,0.0,17816,21360,16820,20290
123.519,-0.00053,0.00028,-0.003,0.0006,0.0,29.6,0.0,0.0,0.0,0.0,0.0,20.0,0.0,0.0,-0.037,0.0,0.0,199.22,-0.00053,0.00028,-0.028,0.0006,0.0,29.6,-0.037,-1.58,114,0.2137,-0.0269,9.7288,-0.00067,-0.0012,-0.00193,0.0,0.0,17816,21360,16820,20290
123.769,-0.00053,0.00028,-0.003,0.0006,0.0,29.6,0.0,0.0,0.0,0.0,0.0,20.0,0.0,0.0,-0.036,0.0,0.0,199.22,-0.00053,0.00028,-0.028,0.0006,0.0,29.6,-0.085,-1.596,114,0.2819,-0.0189,9.7351,-0.00546,-0.00073,0.0006,0.0,0.0,17816,21360,16820,20290
124.018,-0.00053,0.00028,-0.003,0.0006,0.0,29.6,0.0,0.0,0.0,0.0,0.0,20.0,0.0,0.0,-0.021,0.0,0.0,199.22,-0.00053,0.00028,-0.012,0.0006,0.0,29.6,-0.067,-1.572,114,0.2891,-0.0368,9.7665,-0.00439,-0.00067,-0.0006,0.0,0.0,17816,21360,16820,20290
124.268,-0.00053,0.00028,-0.003,0.0006,0.0,30.4,0.0,0.0,0.0,0.0,0.0,20.0,0.0,0.0,-0.013,0.0,0.0,201.62,-0.00053,0.00028,-0.005,0.0006,0.0,30.4,-0.088,-1.608,114,0.2882,-0.0251,9.7728,-0.00286,-0.00439,0.00233,0.0,0.0,17816,21360,16820,20290
124.518,-0.00053,0.00028,-0.003,0.0006,0.0,30.4,0.0,0.0,0.0,0.0,0.0,20.0,0.0,0.0,-0.01,0.0,0.0,201.62,-0.00053,0.00028,-0.0,0.0006,0.0,30.4,-0.054,-1.56,114,0.2631,0.0054,9.7692,-0.00413,-0.00053,-0.00146,0.0,0.0,17816,21360,16820,20290
124.768,-0.00053,0.00028,-0.003,0.0006,0.0,30.4,0.0,0.0,0.0,0.0,0.0,20.0,0.0,0.0,-0.02,0.0,0.0,201.62,-0.00053,0.00028,-0.01,0.0006,0.0,30.4,-0.044,-1.613,114,0.3017,-0.0018,9.7378,-0.00113,0.002,-0.00399,0.0,0.0,17816,21360,16820,20290
125.018,-0.00053,0.00028,-0.003,0.0006,0.0,30.4,0.0,0.0,0.0,0.0,0.0,20.0,0.0,0.0,-0.03,0.0,0.0,201.62,-0.00053,0.00028,-0.023,0.0006,0.0,30.4,-0.044,-1.623,114,0.2927,0.035,9.7423,-0.0024,-0.00186,-0.0002,0.0,0.0,17816,21360,16820,20290
125.268,-0.00053,0.00028,-0.003,0.0006,0.0,30.4,0.0,0.0,0.0,0.0,0.0,20.0,0.0,0.0,-0.033,0.0,0.0,201.62,-0.00053,0.00028,-0.025,0.0006,0.0,30.4,-0.035,-1.566,114,0.2676,0.0314,9.7073,0.00386,-0.00127,-0.00353,0.0,0.0,17816,21360,16820,20290
125.518,-0.00053,0.00028,-0.003,0.0006,0.0,29.6,0.0,0.0,0.0,0.0,0.0,20.0,0.0,0.0,-0.035,0.0,0.0,199.2,-0.00053,0.00028,-0.026,0.0006,0.0,29.6,-0.033,-1.593,114,0.264,0.0045,9.7746,-0.00333,-0.00226,0.00406,0.0,0.0,17816,21360,16820,20290
125.768,-0.00053,0.00028,-0.003,0.0006,0.0,29.6,0.0,0.0,0.0,0.0,0.0,20.0,0.0,0.0,-0.026,0.0,0.0,199.2,-0.00053,0.00028,-0.017,0.0006,0.0,29.6,-0.032,-1.617,114,0.2999,0.018,9.7199,-0.00433,-0.00173,0.0026,0.0,0.0,17816,21360,16820,20290
126.019,-0.00053,0.00028,-0.003,0.0006,0.0,29.6,0.0,0.0,0.0,0.0,0.0,20.0,0.0,0.0,-0.025,0.0,0.0,199.2,-0.00053,0.00028,-0.017,0.0006,0.0,29.6,-0.012,-1.649,114,0.22,0.0054,9.7648,-0.00553,0.00107,0.00047,0.0,0.0,17816,21360,16820,20290
126.269,-0.00053,0.00028,-0.003,0.0006,0.0,29.6,0.0,0.0,0.0,0.0,0.0,20.0,0.0,0.0,-0.041,0.0,0.0,199.2,-0.00053,0.00028,-0.032,0.0006,0.0,29.6,-0.048,-1.645,114,0.3232,-0.0709,9.7172,-0.00559,-0.00306,0.00173,0.0,0.0,17816,21360,16820,20290
126.519,-0.00053,0.00028,-0.003,0.0006,0.0,29.99,0.0,0.0,0.0,0.0,0.0,18.99,0.0,0.0,-0.053,0.0,0.0,199.92,-0.00053,0.00028,-0.043,0.0006,0.0,29.99,-0.058,-1.612,114,0.2523,-0.0269,9.754,-0.00526,-0.00113,-7e-05,0.0,0.0,17816,21360,16820,20290
126.769,-0.00053,0.00028,-0.003,0.0006,0.0,29.99,0.0,0.0,0.0,0.0,0.0,18.99,0.0,0.0,-0.062,0.0,0.0,199.92,-0.00053,0.00028,-0.052,0.0006,0.0,29.99,-0.058,-1.638,114,0.2783,-0.0009,9.7217,-0.003,-0.00413,7e-05,0.0,0.0,17816,21360,16820,20290
127.019,-0.00053,0.00028,-0.003,0.0006,0.0,29.99,0.0,0.0,0.0,0.0,0.0,18.99,0.0,0.0,-0.054,0.0,0.0,199.92,-0.00053,0.00028,-0.045,0.0006,0.0,29.99,-0.029,-1.632,114,0.2882,0.026,9.7279,-0.00306,-0.0032,0.00047,0.0,0.0,17816,21360,16820,20290
127.268,-0.00053,0.00028,-0.003,0.0006,0.0,29.99,0.0,0.0,0.0,0.0,0.0,18.99,0.0,0.0,-0.059,0.0,0.0,199.92,-0.00053,0.00028,-0.05,0.0006,0.0,29.99,-0.039,-1.707,114,0.3071,-0.0018,9.7423,-0.00672,-0.00206,0.00406,0.0,0.0,17816,21360,16820,20290
127.518,-0.00055,0.00031,-0.003,0.00064,0.0,29.99,0.0,0.0,0.0,0.0,0.0,18.99,0.0,0.0,-0.041,0.0,0.0,199.92,-0.00055,0.00031,-0.035,0.00063,0.0,29.99,-0.081,-1.682,115,0.2918,0.0117,9.6705,-0.00473,-0.002,0.00166,0.0,0.0,17816,21360,16820,20290
127.768,-0.00055,0.00031,-0.003,0.00064,0.0,30.41,0.0,0.0,0.0,0.0,0.0,20.81,0.0,0.0,-0.038,0.0,0.0,201.67,-0.00055,0.00031,-0.027,0.00063,0.0,30.41,-0.041,-1.645,115,0.2577,-0.0233,9.7683,-0.00633,-0.0006,-0.00047,0.0,0.0,17816,21360,16820,20290
128.019,-0.00055,0.00031,-0.003,0.00064,0.0,30.41,0.0,0.0,0.0,0.0,0.0,20.81,0.0,0.0,-0.032,0.0,0.0,201.67,-0.00055,0.00031,-0.024,0.00063,0.0,30.41,-0.047,-1.656,115,0.2819,-0.0054,9.7755,-0.00226,-0.0012,0.0034,0.0,0.0,17816,21360,16820,20290
128.268,-0.00055,0.00031,-0.003,0.00064,0.0,30.41,0.0,0.0,0.0,0.0,0.0,20.81,0.0,0.0,-0.029,0.0,0.0,201.67,-0.00055,0.00031,-0.018,0.00063,0.0,30.41,-0.052,-1.652,115,0.3403,-0.0144,9.7297,-0.00526,-0.00293,-0.0018,0.0,0.0,17816,21360,16820,20290
128.519,-0.00055,0.00031,-0.003,0.00064,0.0,30.41,0.0,0.0,0.0,0.0,0.0,20.81,0.0,0.0,-0.019,0.0,0.0,201.67,-0.00055,0.00031,-0.01,0.00063,0.0,30.41,-0.089,-1.639,115,0.2388,0.0224,9.754,-0.00413,-0.00266,0.00393,0.0,0.0,17816,21360,16820,20290
128.769,-0.00055,0.00031,-0.003,0.00064,0.0,29.99,0.0,0.0,0.0,0.0,0.0,19.99,0.0,0.0,-0.01,0.0,0.0,200.92,-0.00055,0.00031,-0.0,0.00063,0.0,29.99,-0.065,-1.653,115,0.2541,0.0206,9.7558,-0.00439,-0.0026,0.00366,0.0,0.0,17816,21360,16820,20290
129.019,-0.00055,0.00031,-0.003,0.00064,0.0,29.99,0.0,0.0,0.0,0.0,0.0,19.99,0.0,0.0,-0.002,0.0,0.0,200.92,-0.00055,0.00031,0.009,0.00063,0.0,29.99,-0.02,-1.662,115,0.272,-0.035,9.7396,-0.00087,0.00206,0.00193,0.0,0.0,17816,21360,16820,20290
129.269,-0.00055,0.00031,-0.003,0.00064,0.0,29.99,0.0,0.0,0.0,0.0,0.0,19.99,0.0,0.0,0.012,0.0,0.0,200.92,-0.00055,0.00031,0.023,0.00063,0.0,29.99,-0.036,-1.599,115,0.3178,0.0054,9.763,-0.00326,0.0004,-0.0032,0.0,0.0,17816,21360,16820,20290
129.519,-0.00055,0.00031,-0.003,0.00064,0.0,29.99,0.0,0.0,0.0,0.0,0.0,19.99,0.0,0.0,0.017,0.0,0.0,200.92,-0.00055,0.00031,0.027,0.00063,0.0,29.99,-0.0,-1.582,115,0.2209,0.0144,9.7576,-0.003,-0.00173,0.00266,0.0,0.0,17816,21360,16820,20290
129.768,-0.00055,0.00031,-0.003,0.00064,0.0,29.99,0.0,0.0,0.0,0.0,0.0,19.99,0.0,0.0,0.009,0.0,0.0,200.92,-0.00055,0.00031,0.018,0.00063,0.0,29.99,-0.02,-1.635,115,0.2622,0.0063,9.7306,-0.00459,-0.00546,0.0036,0.0,0.0,17816,21360,16820,20290
130.019,-0.00055,0.00031,-0.003,0.00064,0.0,28.8,0.0,0.0,0.0,0.0,0.0,20.0,0.0,0.0,0.021,0.0,0.0,199.22,-0.00055,0.00031,0.031,0.00063,0.0,28.8,-0.017,-1.635,115,0.3367,-0.0099,9.7208,-0.00659,0.001,0.00253,0.0,0.0,17816,21360,16820,20290
130.268,-0.00055,0.00031,-0.003,0.00064,0.0,28.8,0.0,0.0,0.0,0.0,0.0,20.0,0.0,0.0,0.021,0.0,0.0,199.22,-0.00055,0.00031,0.029,0.00064,0.0,28.8,-0.105,-1.64,115,0.3448,-0.0144,9.7396,-0.00692,0.00087,0.00786,0.0,0.0,17816,21360,16820,20290
130.518,-0.00055,0.00031,-0.003,0.00064,0.0,28.8,0.0,0.0,0.0,0.0,0.0,20.0,0.0,0.0,0.009,0.0,0.0,199.22,-0.00055,0.00031,0.018,0.00064,0.0,28.8,-0.069,-1.651,115,0.3071,0.026,9.7279,-0.00706,0.00067,-0.0002,0.0,0.0,17816,21360,16820,20290
130.769,-0.00055,0.00031,-0.003,0.00064,0.0,28.8,0.0,0.0,0.0,0.0,0.0,20.0,0.0,0.0,0.006,0.0,0.0,199.22,-0.00055,0.00031,0.015,0.00064,0.0,28.8,-0.059,-1.615,115,0.2478,0.0619,9.7513,-0.00719,0.00113,0.00213,0.0,0.0,17816,21360,16820,20290
131.018,-0.00055,0.00031,-0.003,0.00064,0.0,28.8,0.0,0.0,0.0,0.0,0.0,20.0,0.0,0.0,0.005,0.0,0.0,199.22,-0.00055,0.00031,0.012,0.00064,0.0,28.8,-0.035,-1.626,115,0.3026,0.0162,9.7217,-0.00579,-0.00419,0.00606,0.0,0.0,17816,21360,16820,20290
131.269,-0.00055,0.00031,-0.003,0.00064,0.0,30.4,0.0,0.0,0.0,0.0,0.0,20.0,0.0,0.0,0.006,0.0,0.0,201.57,-0.00055,0.00031,0.017,0.00064,0.0,30.4,-0.047,-1.6,115,0.3008,-0.0593,9.7423,0.00073,-0.00133,-0.00519,0.0,0.0,17816,21360,16820,20290
131.519,-0.00055,0.00031,-0.003,0.00064,0.0,30.4,0.0,0.0,0.0,0.0,0.0,20.0,0.0,0.0,-0.007,0.0,0.0,201.57,-0.00055,0.00031,0.003,0.00064,0.0,30.4,-0.07,-1.601,115,0.264,-0.0171,9.7683,-0.0026,-0.0038,-0.00073,0.0,0.0,17816,21360,16820,20290
131.769,-0.00055,0.00031,-0.003,0.00064,0.0,30.4,0.0,0.0,0.0,0.0,0.0,20.0,0.0,0.0,-0.005,0.0,0.0,201.57,-0.00055,0.00031,0.004,0.00064,0.0,30.4,-0.026,-1.666,115,0.2523,-0.018,9.771,-0.00113,0.00033,-0.00053,0.0,0.0,17816,21360,16820,20290
132.019,-0.00055,0.00031,-0.003,0.00064,0.0,30.4,0.0,0.0,0.0,0.0,0.0,20.0,0.0,0.0,-0.003,0.0,0.0,201.57,-0.00055,0.00031,0.006,0.00064,0.0,30.4,-0.013,-1.655,115,0.3062,-0.0117,9.71,-0.00373,-0.0016,0.00166,0.0,0.0,17816,21360,16820,20290
132.269,-0.00058,0.00034,-0.004,0.00067,0.0,30.4,0.0,0.0,0.0,0.0,0.0,20.0,0.0,0.0,0.001,0.0,0.0,201.57,-0.00058,0.00034,0.01,0.00067,0.0,30.4,-0.034,-1.563,115,0.2478,0.0018,9.7504,-0.00286,-0.00213,-0.0004,0.0,0.0,17816,21360,16820,20290
132.519,-0.00058,0.00034,-0.004,0.00067,0.0,29.6,0.0,0.0,0.0,0.0,0.0,19.2,0.0,0.0,-0.002,0.0,0.0,199.2,-0.00058,0.00034,0.004,0.00067,0.0,29.6,-0.012,-1.591,115,0.2568,0.0539,9.7576,-0.00413,-0.00087,0.00619,0.0,0.0,17816,21360,16820,20290
132.768,-0.00058,0.00034,-0.004,0.00067,0.0,29.6,0.0,0.0,0.0,0.0,0.0,19.2,0.0,0.0,-0.002,0.0,0.0,199.2,-0.00058,0.00034,0.006,0.00067,0.0,29.6,-0.036,-1.635,115,0.2388,0.0332,9.7585,-0.00433,0.0016,0.00053,0.0,0.0,17816,21360,16820,20290
133.019,-0.00058,0.00034,-0.004,0.00067,0.0,29.6,0.0,0.0,0.0,0.0,0.0,19.2,0.0,0.0,0.006,0.0,0.0,199.2,-0.00058,0.00034,0.014,0.00067,0.0,29.6,-0.076,-1.641,115,0.2406,-0.044,9.7423,-0.0022,7e-05,0.00107,0.0,0.0,17816,21360,16820,20290
133.268,-0.00058,0.00034,-0.004,0.00067,0.0,29.6,0.0,0.0,0.0,0.0,0.0,19.2,0.0,0.0,0.012,0.0,0.0,199.2,-0.00058,0.00034,0.02,0.00067,0.0,29.6,-0.083,-1.619,115,0.272,0.0189,9.7109,-0.00546,-0.00419,0.00333,0.0,0.0,17816,21360,16820,20290
133.518,-0.00058,0.00034,-0.004,0.00067,0.0,29.6,0.0,0.0,0.0,0.0,0.0,19.2,0.0,0.0,0.024,0.0,0.0,199.2,-0.00058,0.00034,0.033,0.00067,0.0,29.6,-0.095,-1.684,115,0.3358,-0.0198,9.7199,-0.00546,0.00366,0.00193,0.0,0.0,17816,21360,16820,20290
133.769,-0.00058,0.00034,-0.004,0.00067,0.0,30.39,0.0,0.0,0.0,0.0,0.0,20.8,0.0,0.0,0.026,0.0,0.0,201.56,-0.00058,0.00034,0.035,0.00067,0.0,30.39,-0.033,-1.663,115,0.2963,0.0135,9.7648,-0.00186,-0.00153,-0.00326,0.0,0.0,17816,21360,16820,20290
134.019,-0.00058,0.00034,-0.004,0.00067,0.0,30.39,0.0,0.0,0.0,0.0,0.0,20.8,0.0,0.0,0.024,0.0,0.0,201.56,-0.00058,0.00034,0.03,0.00067,0.0,30.39,-0.001,-1.647,115,0.2792,-0.0063,9.7405,-0.00373,-0.00266,0.00213,0.0,0.0,17816,21360,16820,20290
134.268,-0.00058,0.00034,-0.004,0.00067,0.0,30.39,0.0,0.0,0.0,0.0,0.0,20.8,0.0,0.0,0.026,0.0,0.0,201.56,-0.00058,0.00034,0.032,0.00067,0.0,30.39,-0.07,-1.635,115,0.3457,0.0171,9.7208,-0.00166,0.00206,0.00293,0.0,0.0,17816,21360,16820,20290
134.519,-0.00058,0.00034,-0.004,0.00067,0.0,30.39,0.0,0.0,0.0,0.0,0.0,20.8,0.0,0.0,0.016,0.0,0.0,201.56,-0.00058,0.00034,0.022,0.00067,0.0,30.39,-0.057,-1.64,115,0.2361,0.0126,9.7656,-0.00473,-0.00173,0.00053,0.0,0.0,17816,21360,16820,20290
134.768,-0.00058,0.00034,-0.004,0.00067,0.0,30.39,0.0,0.0,0.0,0.0,0.0,20.8,0.0,0.0,0.019,0.0,0.0,201.56,-0.00058,0.00034,0.026,0.00067,0.0,30.39,-0.066,-1.635,115,0.2631,0.0081,9.771,-0.0036,-0.00446,0.0012,0.0,0.0,17816,21360,16820,20290
135.019,-0.00058,0.00034,-0.004,0.00067,0.0,27.99,0.0,0.0,0.0,0.0,0.0,20.0,0.0,0.0,0.02,0.0,0.0,199.15,-0.00058,0.00034,0.024,0.00067,0.0,27.99,-0.049,-1.604,115,0.3133,0.0,9.7306,-0.00739,-0.0018,0.00453,0.0,0.0,17816,21360,16820,20290
135.268,-0.00058,0.00034,-0.003,0.00067,0.0,27.99,0.0,0.0,0.0,0.0,0.0,20.0,0.0,0.0,0.016,0.0,0.0,199.15,-0.00058,0.00034,0.023,0.00067,0.0,27.99,-0.068,-1.629,115,0.2406,-0.0135,9.7423,-0.00633,0.0006,-0.00033,0.0,0.0,17816,21360,16820,20290
135.519,-0.00058,0.00034,-0.003,0.00067,0.0,27.99,0.0,0.0,0.0,0.0,0.0,20.0,0.0,0.0,0.02,0.0,0.0,199.15,-0.00058,0.00034,0.028,0.00067,0.0,27.99,-0.067,-1.694,115,0.2828,0.0251,9.7621,-0.00493,0.0,0.00173,0.0,0.0,17816,21360,16820,20290
135.768,-0.00058,0.00034,-0.003,0.00067,0.0,27.99,0.0,0.0,0.0,0.0,0.0,20.0,0.0,0.0,0.026,0.0,0.0,199.15,-0.00058,0.00034,0.032,0.00067,0.0,27.99,-0.037,-1.625,115,0.2271,-0.0126,9.7477,-0.00386,-0.00093,-0.0002,0.0,0.0,17816,21360,16820,20290
136.018,-0.00058,0.00034,-0.003,0.00067,0.0,27.99,0.0,0.0,0.0,0.0,0.0,20.0,0.0,0.0,0.04,0.0,0.0,199.15,-0.00058,0.00034,0.04,0.00067,0.0,27.99,-0.019,-1.593,115,0.3089,-0.0251,9.7603,-0.00573,-0.0038,0.00972,0.0,0.0,17816,21360,16820,20290
136.269,-0.00058,0.00034,-0.003,0.00067,0.0,29.62,0.0,0.0,0.0,0.0,0.0,20.01,0.0,0.0,0.037,0.0,0.0,200.94,-0.00058,0.00034,0.043,0.00067,0.0,29.62,-0.014,-1.57,115,0.316,-0.0314,9.7226,-0.00087,-0.0008,0.0018,0.0,0.0,17816,21360,16820,20290
136.519,-0.00058,0.00034,-0.003,0.00067,0.0,29.62,0.0,0.0,0.0,0.0,0.0,20.01,0.0,0.0,0.029,0.0,0.0,200.94,-0.00058,0.00034,0.034,0.00067,0.0,29.62,-0.033,-1.634,114,0.3097,-0.026,9.7145,-0.00613,0.0006,0.0032,0.0,0.0,17816,21360,16820,20290
136.769,-0.00058,0.00034,-0.003,0.00067,0.0,29.62,0.0,0.0,0.0,0.0,0.0,20.01,0.0,0.0,0.024,0.0,0.0,200.94,-0.00058,0.00034,0.029,0.00067,0.0,29.62,-0.029,-1.671,114,0.3196,-0.0027,9.7306,-0.00346,-0.00353,0.002,0.0,0.0,17816,21360,16820,20290
137.019,-0.00058,0.00034,-0.003,0.00067,0.0,29.62,0.0,0.0,0.0,0.0,0.0,20.01,0.0,0.0,0.029,0.0,0.0,200.94,-0.00058,0.00034,0.034,0.00067,0.0,29.62,-0.003,-1.666,114,0.2918,0.0036,9.7342,-0.00286,0.00107,0.00186,0.0,0.0,17816,21360,16820,20290
137.268,-0.00058,0.00034,-0.003,0.00067,0.0,29.62,0.0,0.0,0.0,0.0,0.0,20.01,0.0,0.0,0.028,0.0,0.0,200.94,-0.00058,0.00034,0.032,0.00067,0.0,29.62,-0.051,-1.596,114,0.2963,0.0449,9.719,-0.003,-0.0004,-0.00047,0.0,0.0,17816,21360,16820,20290
137.519,-0.00058,0.00034,-0.003,0.00067,0.0,29.6,0.0,0.0,0.0,0.0,0.0,20.0,0.0,0.0,0.039,0.0,0.0,199.19,-0.00058,0.00034,0.042,0.00067,0.0,29.6,-0.088,-1.64,114,0.2577,-0.0072,9.7612,-0.0034,-0.002,0.00672,0.0,0.0,17816,21360,16820,20290
137.768,-0.00058,0.00034,-0.003,0.00067,0.0,29.6,0.0,0.0,0.0,0.0,0.0,20.0,0.0,0.0,0.032,0.0,0.0,199.19,-0.00058,0.00034,0.036,0.00067,0.0,29.6,-0.014,-1.627,114,0.2361,0.0018,9.7495,-0.0008,-7e-05,0.00213,0.0,0.0,17816,21360,16820,20290
138.019,-0.00058,0.00034,-0.003,0.00067,0.0,29.6,0.0,0.0,0.0,0.0,0.0,20.0,0.0,0.0,0.026,0.0,0.0,199.19,-0.00058,0.00034,0.032,0.00067,0.0,29.6,-0.026,-1.661,114,0.2451,0.0027,9.7019,-0.00087,-0.00133,0.00033,0.0,0.0,17816,21360,16820,20290
138.268,-0.00058,0.00034,-0.003,0.00067,0.0,29.6,0.0,0.0,0.0,0.0,0.0,20.0,0.0,0.0,0.024,0.0,0.0,199.19,-0.00058,0.00034,0.027,0.00067,0.0,29.6,-0.033,-1.651,114,0.2559,0.0072,9.7441,-0.00293,0.00127,0.0038,0.0,0.0,17816,21360,16820,20290
138.518,-0.00058,0.00034,-0.003,0.00067,0.0,29.6,0.0,0.0,0.0,0.0,0.0,20.0,0.0,0.0,0.016,0.0,0.0,199.19,-0.00058,0.00034,0.017,0.00067,0.0,29.6,-0.02,-1.669,115,0.2846,0.0171,9.754,-0.00493,-0.00127,0.0036,0.0,0.0,17816,21360,16820,20290
138.768,-0.00058,0.00034,-0.003,0.00067,0.0,29.6,0.0,0.0,0.0,0.0,0.0,20.0,0.0,0.0,0.011,0.0,0.0,201.63,-0.00058,0.00034,0.013,0.00067,0.0,29.6,-0.056,-1.677,115,0.2963,-0.0296,9.7585,-0.00386,-0.00166,0.00226,0.0,0.0,17816,21360,16820,20290
139.019,-0.00058,0.00034,-0.003,0.00067,0.0,29.6,0.0,0.0,0.0,0.0,0.0,20.0,0.0,0.0,0.015,0.0,0.0,201.63,-0.00058,0.00034,0.016,0.00067,0.0,29.6,-0.019,-1.633,115,0.3026,0.0027,9.7432,-0.00213,7e-05,0.00226,0.0,0.0,17816,21360,16820,20290
139.269,-0.00058,0.00034,-0.003,0.00067,0.0,29.6,0.0,0.0,0.0,0.0,0.0,20.0,0.0,0.0,0.013,0.0,0.0,201.63,-0.00058,0.00034,0.015,0.00067,0.0,29.6,-0.066,-1.632,115,0.2352,-0.0045,9.7091,-0.00626,-0.00153,0.00146,0.0,0.0,17816,21360,16820,20290
139.519,-0.00058,0.00034,-0.003,0.00067,0.0,29.6,0.0,0.0,0.0,0.0,0.0,20.0,0.0,0.0,0.017,0.0,0.0,201.63,-0.00058,0.00034,0.022,0.00067,0.0,29.6,-0.062,-1.599,114,0.3151,0.0081,9.7486,-0.00087,-0.00113,-0.00127,0.0,0.0,17816,21360,16820,20290
139.768,-0.00058,0.00034,-0.003,0.00067,0.0,28.0,0.0,0.0,0.0,0.0,0.0,20.0,0.0,0.0,0.016,0.0,0.0,201.0,-0.00058,0.00034,0.019,0.00067,0.0,28.0,-0.018,-1.607,114,0.2415,-0.0126,9.7387,-0.0016,0.0004,-0.0016,0.0,0.0,17816,21360,16820,20290
140.019,-0.00058,0.00034,-0.003,0.00067,0.0,28.0,0.0,0.0,0.0,0.0,0.0,20.0,0.0,0.0,0.02,0.0,0.0,201.0,-0.00058,0.00034,0.023,0.00067,0.0,28.0,-0.006,-1.597,114,0.3124,-0.0108,9.7504,-0.00233,0.00186,0.0006,0.0,0.0,17816,21360,16820,20290
140.268,-0.00058,0.00034,-0.003,0.00067,0.0,28.0,0.0,0.0,0.0,0.0,0.0,20.0,0.0,0.0,0.03,0.0,0.0,201.0,-0.00058,0.00034,0.032,0.00067,0.0,28.0,-0.018,-1.606,114,0.2191,0.0206,9.7172,-0.0024,-0.00027,-0.00073,0.0,0.0,17816,21360,16820,20290
140.518,-0.00058,0.00034,-0.003,0.00067,0.0,28.0,0.0,0.0,0.0,0.0,0.0,20.0,0.0,0.0,0.034,0.0,0.0,201.0,-0.00058,0.00034,0.038,0.00067,0.0,28.0,-0.052,-1.629,114,0.2702,-0.0206,9.7297,-0.00399,0.0004,-0.00346,0.0,0.0,17816,21360,16820,20290
140.768,-0.00058,0.00034,-0.003,0.00067,0.0,28.0,0.0,0.0,0.0,0.0,0.0,20.0,0.0,0.0,0.042,0.0,0.0,201.0,-0.00058,0.00034,0.044,0.00067,0.0,28.0,-0.053,-1.581,114,0.2855,0.0368,9.7665,-0.00087,0.00053,0.00033,0.0,0.0,17816,21360,16820,20290
141.019,-0.00058,0.00034,-0.003,0.00067,0.0,29.59,0.0,0.0,0.0,0.0,0.0,19.99,0.0,0.0,0.03,0.0,0.0,199.12,-0.00058,0.00034,0.032,0.00067,0.0,29.59,-0.087,-1.581,114,0.2478,-0.0458,9.7064,-0.0016,-0.00266,-0.00093,0.0,0.0,17816,21360,16820,20290
141.268,-0.00058,0.00034,-0.003,0.00067,0.0,29.59,0.0,0.0,0.0,0.0,0.0,19.99,0.0,0.0,0.032,0.0,0.0,199.12,-0.00058,0.00034,0.033,0.00067,0.0,29.59,-0.068,-1.624,114,0.2711,-0.0009,9.7513,0.0,0.00246,0.0008,0.0,0.0,17816,21360,16820,20290
141.518,-0.00058,0.00034,-0.003,0.00067,0.0,29.59,0.0,0.0,0.0,0.0,0.0,19.99,0.0,0.0,0.046,0.0,0.0,199.12,-0.00058,0.00034,0.047,0.00067,0.0,29.59,-0.084,-1.6,114,0.2442,0.0,9.7315,-0.00433,0.00166,0.0024,0.0,0.0,17816,21360,16820,20290
141.769,-0.00058,0.00034,-0.003,0.00067,0.0,29.59,0.0,0.0,0.0,0.0,0.0,19.99,0.0,0.0,0.049,0.0,0.0,199.12,-0.00058,0.00034,0.048,0.00067,0.0,29.59,-0.089,-1.602,114,0.2604,-0.0314,9.6678,-0.00353,-0.00067,0.00686,0.0,0.0,17816,21360,16820,20290
142.018,-0.00058,0.00034,-0.003,0.00067,0.0,29.59,0.0,0.0,0.0,0.0,0.0,19.99,0.0,0.0,0.039,0.0,0.0,199.12,-0.00058,0.00034,0.038,0.00067,0.0,29.59,-0.044,-1.59,114,0.2693,-0.0027,9.7297,-0.00173,-0.00107,0.0024,0.0,0.0,17816,21360,16820,20290
142.269,-0.00058,0.00034,-0.003,0.00067,0.0,29.6,0.0,0.0,0.0,0.0,0.0,20.0,0.0,0.0,0.041,0.0,0.0,201.62,-0.00058,0.00034,0.041,0.00067,0.0,29.6,-0.038,-1.637,114,0.2424,0.0323,9.7656,-0.00373,-0.0014,0.0016,0.0,0.0,17816,21360,16820,20290
142.518,-0.00058,0.00034,-0.003,0.00067,0.0,29.6,0.0,0.0,0.0,0.0,0.0,20.0,0.0,0.0,0.053,0.0,0.0,201.62,-0.00058,0.00034,0.052,0.00067,0.0,29.6,-0.022,-1.665,114,0.3349,-0.0108,9.7351,-0.00127,-0.00346,0.00419,0.0,0.0,17816,21360,16820,20290
142.769,-0.00058,0.00034,-0.003,0.00067,0.0,29.6,0.0,0.0,0.0,0.0,0.0,20.0,0.0,0.0,0.057,0.0,0.0,201.62,-0.00058,0.00034,0.055,0.00067,0.0,29.6,-0.041,-1.655,114,0.2756,-0.0081,9.7405,-0.0014,0.00153,0.00313,0.0,0.0,17816,21360,16820,20290
143.019,-0.00058,0.00034,-0.003,0.00067,0.0,29.6,0.0,0.0,0.0,0.0,0.0,20.0,0.0,0.0,0.059,0.0,0.0,201.62,-0.00058,0.00034,0.055,0.00067,0.0,29.6,-0.019,-1.688,114,0.2909,-0.044,9.7558,-0.00333,-0.0002,0.0016,0.0,0.0,17816,21360,16820,20290
143.268,-0.00058,0.00034,-0.003,0.00067,0.0,29.6,0.0,0.0,0.0,0.0,0.0,20.0,0.0,0.0,0.06,0.0,0.0,201.62,-0.00058,0.00034,0.057,0.00067,0.0,29.6,-0.003,-1.66,114,0.2523,0.0673,9.7261,-0.00253,-0.0026,0.00453,0.0,0.0,17816,21360,16820,20290
143.519,-0.00058,0.00034,-0.003,0.00067,0.0,28.0,0.0,0.0,0.0,0.0,0.0,20.0,0.0,0.0,0.055,0.0,0.0,198.39,-0.00058,0.00034,0.054,0.00067,0.0,28.0,0.0,-1.672,114,0.2855,-0.0198,9.7199,-0.00193,-0.00053,0.00413,0.0,0.0,17816,21360,16820,20290
143.769,-0.00058,0.00034,-0.003,0.00067,0.0,28.0,0.0,0.0,0.0,0.0,0.0,20.0,0.0,0.0,0.07,0.0,0.0,198.39,-0.00058,0.00034,0.067,0.00067,0.0,28.0,-0.022,-1.644,114,0.2711,-0.044,9.7854,-0.00166,-0.00253,0.00326,0.0,0.0,17816,21360,16820,20290
144.019,-0.00058,0.00034,-0.003,0.00067,0.0,28.0,0.0,0.0,0.0,0.0,0.0,20.0,0.0,0.0,0.069,0.0,0.0,198.39,-0.00058,0.00034,0.067,0.00067,0.0,28.0,-0.049,-1.673,114,0.2577,0.0108,9.7549,-0.00366,-0.00206,0.001,0.0,0.0,17816,21360,16820,20290
144.269,-0.00059,0.00034,-0.003,0.00067,0.0,28.0,0.0,0.0,0.0,0.0,0.0,20.0,0.0,0.0,0.067,0.0,0.0,198.39,-0.00058,0.00034,0.061,0.00067,0.0,28.0,-0.013,-1.67,114,0.3151,0.0404,9.7019,-0.00273,-0.00246,0.00779,0.0,0.0,17816,21360,16820,20290
144.519,-0.00059,0.00034,-0.003,0.00067,0.0,28.0,0.0,0.0,0.0,0.0,0.0,20.0,0.0,0.0,0.067,0.0,0.0,198.39,-0.00058,0.00034,0.059,0.00067,0.0,28.0,-0.051,-1.632,114,0.325,0.035,9.7459,-0.00546,-0.001,0.00473,0.0,0.0,17816,21360,16820,20290
144.768,-0.00062,0.00035,-0.003,0.00071,0.0,30.41,0.0,0.0,0.0,0.0,0.0,20.01,0.0,0.0,0.067,0.0,0.0,202.48,-0.00062,0.00035,0.061,0.00071,0.0,30.41,-0.025,-1.654,114,0.2388,0.0503,9.7378,-0.00233,-0.0008,0.00313,0.0,0.0,17816,21360,16820,20290
145.019,-0.00062,0.00035,-0.003,0.00071,0.0,30.41,0.0,0.0,0.0,0.0,0.0,20.01,0.0,0.0,0.068,0.0,0.0,202.48,-0.00062,0.00035,0.064,0.00071,0.0,30.41,-0.1,-1.682,114,0.2487,-0.0242,9.7522,-0.00273,-0.0004,-0.0008,0.0,0.0,17816,21360,16820,20290
145.268,-0.00062,0.00035,-0.003,0.00071,0.0,30.41,0.0,0.0,0.0,0.0,0.0,20.01,0.0,0.0,0.07,0.0,0.0,202.48,-0.00062,0.00035,0.066,0.00071,0.0,30.41,-0.004,-1.633,114,0.2586,0.0826,9.7665,-0.00306,0.00186,-0.00513,0.0,0.0,17816,21360,16820,20290
145.518,-0.00062,0.00035,-0.003,0.00071,0.0,30.41,0.0,0.0,0.0,0.0,0.0,20.01,0.0,0.0,0.083,0.0,0.0,202.48,-0.00062,0.00035,0.076,0.00071,0.0,30.41,-0.002,-1.657,115,0.2801,-0.053,9.7603,-0.00206,-0.0032,-0.0006,0.0,0.0,17816,21360,16820,20290
145.768,-0.00062,0.00035,-0.003,0.00071,0.0,30.0,0.0,0.0,0.0,0.0,0.0,20.0,0.0,0.0,0.082,0.0,0.0,199.99,-0.00062,0.00035,0.075,0.00071,0.0,30.0,-0.068,-1.579,115,0.2846,-0.0009,9.7118,-0.0038,-0.0022,0.00153,0.0,0.0,17816,21360,16820,20290
146.018,-0.00062,0.00035,-0.003,0.00071,0.0,30.0,0.0,0.0,0.0,0.0,0.0,20.0,0.0,0.0,0.077,0.0,0.0,199.99,-0.00062,0.00035,0.069,0.00071,0.0,30.0,-0.093,-1.59,115,0.2909,-0.0242,9.7315,-0.00226,0.0012,0.00353,0.0,0.0,17816,21360,16820,20290
146.268,-0.00062,0.00035,-0.003,0.00071,0.0,30.0,0.0,0.0,0.0,0.0,0.0,20.0,0.0,0.0,0.069,0.0,0.0,199.99,-0.00062,0.00035,0.061,0.00071,0.0,30.0,-0.104,-1.641,115,0.2397,0.0045,9.7109,-0.00346,-0.00226,0.00506,0.0,0.0,17816,21360,16820,20290
146.518,-0.00062,0.00035,-0.003,0.00071,0.0,30.0,0.0,0.0,0.0,0.0,0.0,20.0,0.0,0.0,0.06,0.0,0.0,199.99,-0.00062,0.00035,0.054,0.00071,0.0,30.0,-0.058,-1.62,115,0.3053,-0.0027,9.6875,0.0012,-0.0008,-0.00333,0.0,0.0,17816,21360,16820,20290
146.768,-0.00062,0.00035,-0.003,0.00071,0.0,30.0,0.0,0.0,0.0,0.0,0.0,20.0,0.0,0.0,0.064,0.0,0.0,199.99,-0.00062,0.00035,0.055,0.00071,0.0,30.0,-0.081,-1.689,115,0.3178,-0.035,9.7522,-0.00486,0.0022,0.00313,0.0,0.0,17816,21360,16820,20290
147.019,-0.00062,0.00035,-0.003,0.00071,0.0,29.6,0.0,0.0,0.0,0.0,0.0,20.0,0.0,0.0,0.058,0.0,0.0,199.18,-0.00062,0.00035,0.048,0.00071,0.0,29.6,-0.073,-1.606,115,0.2451,-0.0036,9.7656,0.00013,-0.00506,0.00286,0.0,0.0,17816,21360,16820,20290
147.269,-0.00062,0.00035,-0.003,0.00071,0.0,29.6,0.0,0.0,0.0,0.0,0.0,20.0,0.0,0.0,0.06,0.0,0.0,199.18,-0.00062,0.00035,0.05,0.00071,0.0,29.6,-0.05,-1.638,115,0.3124,0.0081,9.7082,-0.00313,-0.00499,-0.00073,0.0,0.0,17816,21360,16820,20290
147.519,-0.00062,0.00035,-0.003,0.00071,0.0,29.6,0.0,0.0,0.0,0.0,0.0,20.0,0.0,0.0,0.059,0.0,0.0,199.18,-0.00062,0.00035,0.049,0.00071,0.0,29.6,-0.037,-1.628,115,0.2981,-0.0054,9.7495,-0.00113,-0.00053,0.00093,0.0,0.0,17816,21360,16820,20290
147.768,-0.00062,0.00034,-0.003,0.00071,0.0,29.6,0.0,0.0,0.0,0.0,0.0,20.0,0.0,0.0,0.066,0.0,0.0,199.18,-0.00062,0.00035,0.055,0.00071,0.0,29.6,-0.047,-1.628,115,0.2397,-0.0269,9.7279,-0.00566,-0.0026,0.00206,0.0,0.0,17816,21360,16820,20290
148.019,-0.00062,0.00034,-0.003,0.00071,0.0,30.0,0.0,0.0,0.0,0.0,0.0,20.0,0.0,0.0,0.069,0.0,0.0,200.0,-0.00062,0.00035,0.059,0.00071,0.0,30.0,-0.075,-1.661,115,0.2622,0.044,9.7055,-0.00273,0.0006,-0.0018,0.0,0.0,17816,21360,16820,20290
148.268,-0.00062,0.00035,-0.003,0.00071,0.0,30.0,0.0,0.0,0.0,0.0,0.0,20.0,0.0,0.0,0.066,0.0,0.0,200.0,-0.00062,0.00035,0.055,0.00071,0.0,30.0,-0.062,-1.649,115,0.2729,-0.0198,9.7199,-0.00659,-0.001,0.00067,0.0,0.0,17816,21360,16820,20290
148.519,-0.00062,0.00034,-0.003,0.00071,0.0,30.0,0.0,0.0,0.0,0.0,0.0,20.0,0.0,0.0,0.075,0.0,0.0,200.0,-0.00062,0.00035,0.069,0.00071,0.0,30.0,0.004,-1.588,115,0.2613,0.0673,9.7423,-0.00473,-0.00226,-0.00213,0.0,0.0,17816,21360,16820,20290
148.768,-0.00062,0.00034,-0.003,0.00071,0.0,30.0,0.0,0.0,0.0,0.0,0.0,20.0,0.0,0.0,0.076,0.0,0.0,200.0,-0.00062,0.00035,0.063,0.00071,0.0,30.0,-0.056,-1.612,115,0.2586,0.0135,9.71,-0.00226,0.00113,0.00326,0.0,0.0,17816,21360,16820,20290
149.018,-0.00062,0.00034,-0.003,0.00071,0.0,30.0,0.0,0.0,0.0,0.0,0.0,20.0,0.0,0.0,0.085,0.0,0.0,200.0,-0.00062,0.00035,0.075,0.00071,0.0,30.0,-0.033,-1.66,115,0.2774,0.0027,9.7001,-0.00206,-0.00306,-0.00166,0.0,0.0,17816,21360,16820,20290
149.268,-0.00062,0.00035,-0.003,0.00071,0.0,30.4,0.0,0.0,0.0,0.0,0.0,20.0,0.0,0.0,0.104,0.0,0.0,201.6,-0.00062,0.00035,0.09,0.00071,0.0,30.4,-0.033,-1.623,115,0.2765,0.0395,9.7199,-0.00293,0.00246,0.00866,0.0,0.0,17816,21360,16820,20290
149.519,-0.00067,0.00037,-0.003,0.00076,0.0,30.4,0.0,0.0,0.0,0.0,0.0,20.0,0.0,0.0,0.1,0.0,0.0,201.6,-0.00066,0.00037,0.089,0.00076,0.0,30.4,-0.034,-1.635,118,0.2343,0.009,9.7746,-0.00166,-0.00127,-0.00113,0.0,0.0,17816,21360,16820,20290
149.769,-0.00067,0.00037,-0.003,0.00076,0.0,30.4,0.0,0.0,0.0,0.0,0.0,20.0,0.0,0.0,0.108,0.0,0.0,201.6,-0.00066,0.00037,0.092,0.00076,0.0,30.4,-0.013,-1.594,118,0.2424,0.0323,9.7405,-0.0026,0.00173,0.00313,0.0,0.0,17816,21360,16820,20290
150.019,-0.00067,0.00037,-0.003,0.00076,0.0,30.4,0.0,0.0,0.0,0.0,0.0,20.0,0.0,0.0,0.115,0.0,0.0,201.6,-0.00066,0.00037,0.096,0.00076,0.0,30.4,-0.018,-1.621,118,0.3205,0.0476,9.7639,-0.00453,0.00073,0.00399,0.0,0.0,17816,21360,16820,20290
150.269,-0.00067,0.00037,-0.003,0.00076,0.0,29.99,0.0,0.0,0.0,0.0,0.0,20.0,0.0,0.0,0.111,0.0,0.0,200.96,-0.00066,0.00037,0.094,0.00076,0.0,29.99,-0.019,-1.609,118,0.2819,-0.018,9.7665,-0.00333,0.00027,0.00166,0.0,0.0,17816,21360,16820,20290
150.519,-0.00067,0.00037,-0.003,0.00076,0.0,29.99,0.0,0.0,0.0,0.0,0.0,20.0,0.0,0.0,0.118,0.0,0.0,200.96,-0.00066,0.00037,0.1,0.00076,0.0,29.99,-0.039,-1.614,116,0.3008,0.0359,9.7522,-0.00166,7e-05,0.0,0.0,0.0,17816,21360,16820,20290
150.768,-0.00066,0.00037,-0.003,0.00076,0.0,29.99,0.0,0.0,0.0,0.0,0.0,20.0,0.0,0.0,0.132,0.0,0.0,200.96,-0.00066,0.00037,0.113,0.00076,0.0,29.99,-0.029,-1.568,116,0.2622,0.0126,9.7531,-0.003,0.00053,0.00306,0.0,0.0,17816,21360,16820,20290
151.019,-0.00066,0.00037,-0.003,0.00076,0.0,29.99,0.0,0.0,0.0,0.0,0.0,20.0,0.0,0.0,0.132,0.0,0.0,200.96,-0.00066,0.00037,0.111,0.00076,0.0,29.99,-0.033,-1.571,116,0.2676,0.0063,9.7585,-0.00093,0.00087,0.00333,0.0,0.0,17816,21360,16820,20290
151.268,-0.00066,0.00037,-0.003,0.00076,0.0,29.99,0.0,0.0,0.0,0.0,0.0,20.0,0.0,0.0,0.121,0.0,0.0,200.96,-0.00066,0.00037,0.101,0.00076,0.0,29.99,-0.053,-1.636,116,0.2891,-0.0135,9.7791,-0.00433,-0.00027,0.00093,0.0,0.0,17816,21360,16820,20290
151.518,-0.00066,0.00037,-0.003,0.00076,0.0,29.6,0.0,0.0,0.0,0.0,0.0,20.0,0.0,0.0,0.13,0.0,0.0,199.23,-0.00066,0.00037,0.107,0.00076,0.0,29.6,-0.042,-1.631,116,0.2783,0.0296,9.7423,-0.00672,-0.0004,0.00606,0.0,0.0,17816,21360,16820,20290
151.768,-0.00066,0.00037,-0.003,0.00076,0.0,29.6,0.0,0.0,0.0,0.0,0.0,20.0,0.0,0.0,0.129,0.0,0.0,199.23,-0.00066,0.00037,0.108,0.00076,0.0,29.6,-0.057,-1.676,116,0.3142,-0.0162,9.7701,-0.00419,-0.002,-0.0004,0.0,0.0,17816,21360,16820,20290
152.018,-0.00066,0.00037,-0.003,0.00076,0.0,29.6,0.0,0.0,0.0,0.0,0.0,20.0,0.0,0.0,0.11,0.0,0.0,199.23,-0.00066,0.00037,0.088,0.00076,0.0,29.6,-0.056,-1.65,116,0.3151,0.0054,9.7414,-0.00666,-0.00399,0.00053,0.0,0.0,17816,21360,16820,20290
152.269,-0.00066,0.00037,-0.003,0.00076,0.0,29.6,0.0,0.0,0.0,0.0,0.0,20.0,0.0,0.0,0.103,0.0,0.0,199.23,-0.00066,0.00037,0.079,0.00076,0.0,29.6,-0.025,-1.63,116,0.2173,0.0189,9.7019,-0.0036,0.00087,0.00553,0.0,0.0,17816,21360,16820,20290
152.519,-0.00066,0.00037,-0.003,0.00076,0.0,29.99,0.0,0.0,0.0,0.0,0.0,20.0,0.0,0.0,0.097,0.0,0.0,199.95,-0.00066,0.00037,0.072,0.00076,0.0,29.99,-0.045,-1.633,115,0.3286,-0.0108,9.754,-0.0032,0.00047,0.00466,0.0,0.0,17816,21360,16820,20290
152.769,-0.00066,0.00037,-0.003,0.00076,0.0,29.99,0.0,0.0,0.0,0.0,0.0,20.0,0.0,0.0,0.096,0.0,0.0,199.95,-0.00066,0.00037,0.074,0.00076,0.0,29.99,-0.008,-1.671,115,0.2684,0.0278,9.7764,-0.0034,7e-05,-0.003,0.0,0.0,17816,21360,16820,20290
153.019,-0.00066,0.00037,-0.003,0.00076,0.0,29.99,0.0,0.0,0.0,0.0,0.0,20.0,0.0,0.0,0.093,0.0,0.0,199.95,-0.00066,0.00037,0.068,0.00076,0.0,29.99,-0.014,-1.652,115,0.2298,0.0054,9.7351,-0.00133,-0.00127,0.00326,0.0,0.0,17816,21360,16820,20290
153.268,-0.00066,0.00037,-0.003,0.00076,0.0,29.99,0.0,0.0,0.0,0.0,0.0,20.0,0.0,0.0,0.079,0.0,0.0,199.95,-0.00066,0.00037,0.054,0.00076,0.0,29.99,-0.006,-1.579,115,0.2343,0.0099,9.7477,-0.00433,-0.00127,7e-05,0.0,0.0,17816,21360,16820,20290
153.519,-0.00066,0.00037,-0.003,0.00076,0.0,30.0,0.0,0.0,0.0,0.0,0.0,19.0,0.0,0.0,0.063,0.0,0.0,200.99,-0.00066,0.00037,0.04,0.00076,0.0,30.0,-0.071,-1.589,115,0.2963,0.0054,9.7495,-0.00599,0.00127,-0.00166,0.0,0.0,17816,21360,16820,20290
153.769,-0.00066,0.00037,-0.003,0.00076,0.0,30.0,0.0,0.0,0.0,0.0,0.0,19.0,0.0,0.0,0.065,0.0,0.0,200.99,-0.00066,0.00037,0.039,0.00076,0.0,30.0,-0.008,-1.611,115,0.2828,0.035,9.7531,-0.00792,-0.00166,0.00153,0.0,0.0,17816,21360,16820,20290
154.019,-0.00066,0.00037,-0.003,0.00076,0.0,30.0,0.0,0.0,0.0,0.0,0.0,19.0,0.0,0.0,0.074,0.0,0.0,200.99,-0.00066,0.00037,0.049,0.00076,0.0,30.0,-0.029,-1.632,115,0.3106,-0.0126,9.754,-0.00613,0.00479,0.00146,0.0,0.0,17816,21360,16820,20290
154.268,-0.00066,0.00037,-0.003,0.00076,0.0,30.0,0.0,0.0,0.0,0.0,0.0,19.0,0.0,0.0,0.059,0.0,0.0,200.99,-0.00066,0.00037,0.033,0.00076,0.0,30.0,-0.066,-1.638,115,0.299,-0.0099,9.7477,-0.00386,-0.00146,0.00047,0.0,0.0,17816,21360,16820,20290
154.518,-0.00067,0.00039,-0.003,0.00078,0.0,30.0,0.0,0.0,0.0,0.0,0.0,19.0,0.0,0.0,0.07,0.0,0.0,200.99,-0.00067,0.00039,0.043,0.00078,0.0,30.0,0.002,-1.581,115,0.228,0.0458,9.771,-0.00226,0.0016,0.0004,0.0,0.0,17816,21360,16820,20290
154.769,-0.00067,0.00039,-0.003,0.00078,0.0,30.39,0.0,0.0,0.0,0.0,0.0,20.79,0.0,0.0,0.071,0.0,0.0,201.53,-0.00067,0.00039,0.044,0.00078,0.0,30.39,-0.05,-1.613,115,0.2667,-0.026,9.8043,-0.00746,-0.0022,0.00033,0.0,0.0,17816,21360,16820,20290
155.018,-0.00067,0.00039,-0.003,0.00078,0.0,30.39,0.0,0.0,0.0,0.0,0.0,20.79,0.0,0.0,0.074,0.0,0.0,201.53,-0.00067,0.00039,0.05,0.00078,0.0,30.39,-0.039,-1.678,115,0.264,-0.0251,9.7513,-0.0018,0.0038,0.00146,0.0,0.0,17816,21360,16820,20290
155.269,-0.00067,0.00039,-0.003,0.00078,0.0,30.39,0.0,0.0,0.0,0.0,0.0,20.79,0.0,0.0,0.081,0.0,0.0,201.53,-0.00067,0.00039,0.054,0.00078,0.0,30.39,-0.054,-1.651,115,0.246,0.0081,9.7513,-0.0026,-0.0018,0.0002,0.0,0.0,17816,21360,16820,20290
155.518,-0.00067,0.00039,-0.003,0.00078,0.0,30.39,0.0,0.0,0.0,0.0,0.0,20.79,0.0,0.0,0.091,0.0,0.0,201.53,-0.00067,0.00039,0.061,0.00078,0.0,30.39,-0.072,-1.654,116,0.2711,0.0081,9.754,-0.00246,-0.00146,0.0032,0.0,0.0,17816,21360,16820,20290
155.768,-0.00067,0.00039,-0.003,0.00078,0.0,30.39,0.0,0.0,0.0,0.0,0.0,20.79,0.0,0.0,0.087,0.0,0.0,201.53,-0.00067,0.00039,0.059,0.00078,0.0,30.39,-0.088,-1.565,116,0.2595,0.0009,9.7585,-0.0026,0.0006,-0.00193,0.0,0.0,17816,21360,16820,20290
156.019,-0.00067,0.00039,-0.003,0.00078,0.0,29.61,0.0,0.0,0.0,0.0,0.0,20.01,0.0,0.0,0.085,0.0,0.0,198.49,-0.00067,0.00039,0.057,0.00078,0.0,29.61,-0.073,-1.621,116,0.2487,-0.0332,9.7315,-0.00579,0.0014,-0.0002,0.0,0.0,17816,21360,16820,20290
156.268,-0.00067,0.00039,-0.003,0.00078,0.0,29.61,0.0,0.0,0.0,0.0,0.0,20.01,0.0,0.0,0.103,0.0,0.0,198.49,-0.00067,0.00039,0.073,0.00078,0.0,29.61,-0.049,-1.6,116,0.272,0.0341,9.7827,-0.00652,0.001,0.0022,0.0,0.0,17816,21360,16820,20290
156.519,-0.00067,0.00039,-0.003,0.00078,0.0,29.61,0.0,0.0,0.0,0.0,0.0,20.01,0.0,0.0,0.106,0.0,0.0,198.49,-0.00067,0.00039,0.074,0.00078,0.0,29.61,-0.035,-1.627,116,0.2568,0.0126,9.7477,-0.00226,-0.00266,0.00326,0.0,0.0,17816,21360,16820,20290
156.768,-0.00067,0.00039,-0.003,0.00078,0.0,29.61,0.0,0.0,0.0,0.0,0.0,20.01,0.0,0.0,0.091,0.0,0.0,198.49,-0.00067,0.00039,0.061,0.00078,0.0,29.61,-0.046,-1.626,116,0.316,-0.009,9.7136,-0.00333,-0.00266,-0.0006,0.0,0.0,17816,21360,16820,20290
157.019,-0.00067,0.00039,-0.003,0.00078,0.0,29.61,0.0,0.0,0.0,0.0,0.0,20.01,0.0,0.0,0.092,0.0,0.0,198.49,-0.00067,0.00039,0.064,0.00078,0.0,29.61,-0.056,-1.705,116,0.3376,-0.0242,9.7127,-0.00479,-0.00067,0.0004,0.0,0.0,17816,21360,16820,20290
157.268,-0.00067,0.00039,-0.003,0.00078,0.0,30.41,0.0,0.0,0.0,0.0,0.0,20.0,0.0,0.0,0.088,0.0,0.0,201.64,-0.00067,0.00039,0.055,0.00078,0.0,30.41,-0.053,-1.661,116,0.2433,0.0045,9.7773,-0.00346,-0.00047,0.00486,0.0,0.0,17816,21360,16820,20290
157.519,-0.00067,0.00039,-0.003,0.00078,0.0,30.41,0.0,0.0,0.0,0.0,0.0,20.0,0.0,0.0,0.08,0.0,0.0,201.64,-0.00067,0.00039,0.048,0.00078,0.0,30.41,-0.053,-1.635,116,0.2316,0.0162,9.7306,-0.00453,-0.0026,-0.00027,0.0,0.0,17816,21360,16820,20290
157.769,-0.00067,0.00039,-0.003,0.00078,0.0,30.41,0.0,0.0,0.0,0.0,0.0,20.0,0.0,0.0,0.068,0.0,0.0,201.64,-0.00067,0.00039,0.037,0.00078,0.0,30.41,0.019,-1.579,116,0.2541,0.0619,9.7594,-0.00546,-0.0036,-0.00253,0.0,0.0,17816,21360,16820,20290
158.019,-0.00067,0.00039,-0.003,0.00078,0.0,30.41,0.0,0.0,0.0,0.0,0.0,20.0,0.0,0.0,0.068,0.0,0.0,201.64,-0.00067,0.00039,0.035,0.00078,0.0,30.41,0.006,-1.653,116,0.3349,-0.0036,9.7208,-0.00646,0.00186,0.00459,0.0,0.0,17816,21360,16820,20290
158.268,-0.00067,0.00039,-0.003,0.00078,0.0,29.0,0.0,0.0,0.0,0.0,0.0,20.0,0.0,0.0,0.043,0.0,0.0,200.99,-0.00067,0.00039,0.009,0.00078,0.0,29.0,-0.043,-1.642,116,0.3115,-0.0135,9.7351,-0.00546,-0.00093,0.00346,0.0,0.0,17816,21360,16820,20290
158.518,-0.00067,0.00039,-0.003,0.00078,0.0,29.0,0.0,0.0,0.0,0.0,0.0,20.0,0.0,0.0,0.035,0.0,0.0,200.99,-0.00067,0.00039,0.002,0.00078,0.0,29.0,-0.057,-1.606,116,0.272,0.035,9.7028,-0.00193,0.00067,-0.00027,0.0,0.0,17816,21360,16820,20290
158.768,-0.00067,0.00039,-0.003,0.00078,0.0,29.0,0.0,0.0,0.0,0.0,0.0,20.0,0.0,0.0,0.036,0.0,0.0,200.99,-0.00067,0.00039,0.004,0.00078,0.0,29.0,-0.056,-1.583,116,0.211,0.0359,9.7621,-0.00273,-0.0018,-0.00233,0.0,0.0,17816,21360,16820,20290
159.019,-0.00067,0.00039,-0.003,0.00078,0.0,29.0,0.0,0.0,0.0,0.0,0.0,20.0,0.0,0.0,0.033,0.0,0.0,200.99,-0.00067,0.00039,-0.0,0.00078,0.0,29.0,-0.062,-1.626,116,0.3277,-0.0099,9.7944,-0.0032,0.00093,0.0016,0.0,0.0,17816,21360,16820,20290
159.268,-0.00067,0.00039,-0.003,0.00078,0.0,30.0,0.0,0.0,0.0,0.0,0.0,20.0,0.0,0.0,0.031,0.0,0.0,200.0,-0.00067,0.00039,-0.0,0.00078,0.0,30.0,-0.093,-1.651,116,0.2613,0.0162,9.71,-0.00146,0.00173,-0.003,0.0,0.0,17816,21360,16820,20290
159.518,-0.00067,0.00039,-0.003,0.00078,0.0,30.0,0.0,0.0,0.0,0.0,0.0,20.0,0.0,0.0,0.039,0.0,0.0,200.0,-0.00067,0.00039,0.006,0.00078,0.0,30.0,-0.037,-1.641,116,0.2379,0.053,9.7728,-0.00393,0.00073,-0.0008,0.0,0.0,17816,21360,16820,20290
159.768,-0.00067,0.00039,-0.003,0.00078,0.0,30.0,0.0,0.0,0.0,0.0,0.0,20.0,0.0,0.0,0.033,0.0,0.0,200.0,-0.00067,0.00039,0.0,0.00078,0.0,30.0,-0.053,-1.646,116,0.2307,-0.0153,9.7603,0.001,-0.00233,0.00013,0.0,0.0,17816,21360,16820,20290
160.018,-0.0007,0.0004,-0.003,0.0008,0.0,30.0,0.0,0.0,0.0,0.0,0.0,20.0,0.0,0.0,0.029,0.0,0.0,200.0,-0.0007,0.0004,-0.003,0.0008,0.0,30.0,-0.041,-1.708,116,0.3035,0.0458,9.6875,-0.0016,0.00033,-0.0012,0.0,0.0,17816,21360,16820,20290
160.269,-0.0007,0.0004,-0.003,0.0008,0.0,29.99,0.0,0.0,0.0,0.0,0.0,19.99,0.0,0.0,0.032,0.0,0.0,200.93,-0.0007,0.0004,-0.001,0.0008,0.0,29.99,-0.037,-1.722,116,0.2604,0.0503,9.78,-0.00766,-0.00127,0.0002,0.0,0.0,17816,21360,16820,20290
160.518,-0.0007,0.0004,-0.003,0.0008,0.0,29.99,0.0,0.0,0.0,0.0,0.0,19.99,0.0,0.0,0.044,0.0,0.0,200.93,-0.0007,0.0004,0.005,0.0008,0.0,29.99,0.007,-1.72,116,0.299,0.0368,9.7737,-0.00206,0.00053,0.00499,0.0,0.0,17816,21360,16820,20290
160.769,-0.0007,0.0004,-0.003,0.0008,0.0,29.99,0.0,0.0,0.0,0.0,0.0,19.99,0.0,0.0,0.056,0.0,0.0,200.93,-0.0007,0.0004,0.023,0.0008,0.0,29.99,-0.03,-1.629,116,0.3097,-0.0224,9.7244,-0.00666,0.00273,0.00233,0.0,0.0,17816,21360,16820,20290
161.019,-0.0007,0.0004,-0.003,0.0008,0.0,29.99,0.0,0.0,0.0,0.0,0.0,19.99,0.0,0.0,0.067,0.0,0.0,200.93,-0.0007,0.0004,0.031,0.0008,0.0,29.99,-0.018,-1.651,116,0.2424,0.0413,9.7064,-0.00406,-0.0008,0.00459,0.0,0.0,17816,21360,16820,20290
