t,cuvslam_x,cuvslam_y,cuvslam_th_deg,cuvslam_straight,cuvslam_path,cuvslam_hz,wheels_x,wheels_y,wheels_th_deg,wheels_straight,wheels_path,wheels_hz,gyro_x,gyro_y,gyro_th_deg,gyro_straight,gyro_path,gyro_hz,FUSED_x,FUSED_y,FUSED_th_deg,FUSED_straight,FUSED_path,FUSED_hz
0.28,0.0,0.0,0.0,0.0,0.0,0.0,0.0,0.0,0.0,0.0,0.0,0.0,0.0,0.0,0.0,0.0,0.0,0.0,0.0,0.0,0.0,0.0,0.0,0.0
0.531,0.0,0.0,0.0,0.0,0.0,0.0,0.0,0.0,0.0,0.0,0.0,0.0,0.0,0.0,0.0,0.0,0.0,0.0,0.0,0.0,0.0,0.0,0.0,0.0
0.781,0.0,0.0,0.0,0.0,0.0,0.0,0.0,0.0,0.0,0.0,0.0,0.0,0.0,0.0,0.0,0.0,0.0,0.0,0.0,0.0,0.0,0.0,0.0,0.0
1.03,0.0,0.0,0.0,0.0,0.0,0.0,0.0,0.0,0.0,0.0,0.0,0.0,0.0,0.0,0.0,0.0,0.0,0.0,0.0,0.0,0.0,0.0,0.0,0.0
1.281,0.0,0.0,0.0,0.0,0.0,0.0,0.0,0.0,0.0,0.0,0.0,20.99,0.0,0.0,0.0,0.0,0.0,0.0,0.0,0.0,0.0,0.0,0.0,0.0
1.53,0.0,0.0,0.0,0.0,0.0,0.0,0.0,0.0,0.0,0.0,0.0,20.99,0.0,0.0,0.0,0.0,0.0,0.0,0.0,0.0,0.0,0.0,0.0,0.0
1.781,0.0,0.0,0.0,0.0,0.0,0.0,0.0,0.0,0.0,0.0,0.0,20.99,0.0,0.0,0.0,0.0,0.0,0.0,0.0,0.0,0.0,0.0,0.0,0.0
2.031,0.0,0.0,0.0,0.0,0.0,0.0,0.0,0.0,0.0,0.0,0.0,20.99,0.0,0.0,0.0,0.0,0.0,0.0,0.0,0.0,0.0,0.0,0.0,0.0
2.28,0.0,0.0,0.0,0.0,0.0,0.0,0.0,0.0,0.0,0.0,0.0,20.99,0.0,0.0,0.0,0.0,0.0,0.0,0.0,0.0,0.0,0.0,0.0,0.0
2.53,0.0,0.0,0.0,0.0,0.0,0.0,0.0,0.0,0.0,0.0,0.0,20.01,0.0,0.0,0.0,0.0,0.0,74.42,0.0,0.0,0.0,0.0,0.0,0.0
2.78,0.0,0.0,0.0,0.0,0.0,0.0,0.0,0.0,0.0,0.0,0.0,20.01,0.0,0.0,0.0,0.0,0.0,74.42,0.0,0.0,0.0,0.0,0.0,0.0
3.03,0.0,0.0,0.0,0.0,0.0,0.0,0.0,0.0,0.0,0.0,0.0,20.01,0.0,0.0,0.0,0.0,0.0,74.42,0.0,0.0,0.0,0.0,0.0,0.0
3.281,-0.00018,-8e-05,0.001,0.0002,0.0,0.0,0.0,0.0,0.0,0.0,0.0,20.01,0.0,0.0,0.0,0.0,0.0,74.42,0.0,0.0,0.0,0.0,0.0,0.0
3.53,-0.00025,-0.00018,0.003,0.00031,0.0,0.0,0.0,0.0,0.0,0.0,0.0,20.01,0.0,0.0,0.0,0.0,0.0,74.42,0.0,0.0,0.0,0.0,0.0,0.0
3.78,-0.00025,-0.00018,0.003,0.00031,0.0,16.8,0.0,0.0,0.0,0.0,0.0,20.0,0.0,0.0,0.0,0.0,0.0,201.62,0.0,0.0,0.0,0.0,0.0,0.0
4.03,-0.00025,-0.00018,0.003,0.00031,0.0,16.8,0.0,0.0,0.0,0.0,0.0,20.0,0.0,0.0,0.0,0.0,0.0,201.62,0.0,0.0,0.0,0.0,0.0,0.0
4.28,-0.00026,-0.00018,0.003,0.00031,0.0,16.8,0.0,0.0,0.0,0.0,0.0,20.0,0.0,0.0,0.0,0.0,0.0,201.62,0.0,0.0,0.0,0.0,0.0,0.0
4.53,-0.00017,-0.00019,0.003,0.00025,0.0,16.8,0.0,0.0,0.0,0.0,0.0,20.0,0.0,0.0,0.0,0.0,0.0,201.62,0.0,0.0,0.0,0.0,0.0,0.0
4.78,-0.00045,-0.00039,0.007,0.00059,0.0,30.0,0.0,0.0,0.0,0.0,0.0,20.0,0.0,0.0,0.0,0.0,0.0,199.98,0.0,0.0,0.0,0.0,0.0,0.0
5.032,-0.0006,-0.00055,0.009,0.00081,0.0,30.0,0.0,0.0,0.0,0.0,0.0,20.0,0.0,0.0,0.002,0.0,0.0,199.98,-5e-05,-4e-05,0.001,7e-05,0.0,0.0
5.281,-0.00057,-0.00056,0.005,0.0008,0.0,30.0,0.0,0.0,0.0,0.0,0.0,20.0,0.0,0.0,0.008,0.0,0.0,199.98,-2e-05,-5e-05,0.008,5e-05,0.0,0.0
5.53,-0.00052,-0.00054,0.005,0.00075,0.0,30.0,0.0,0.0,0.0,0.0,0.0,20.0,0.0,0.0,-0.011,0.0,0.0,199.98,3e-05,-3e-05,-0.011,4e-05,0.0,0.0
5.78,-0.00052,-0.00054,0.005,0.00075,0.0,30.0,0.0,0.0,0.0,0.0,0.0,20.0,0.0,0.0,-0.016,0.0,0.0,201.0,3e-05,-3e-05,-0.013,4e-05,0.0,23.0
6.03,-0.00052,-0.00054,0.005,0.00075,0.0,30.0,0.0,0.0,0.0,0.0,0.0,20.0,0.0,0.0,-0.014,0.0,0.0,201.0,3e-05,-3e-05,-0.016,4e-05,0.0,23.0
6.28,-0.00054,-0.00054,0.005,0.00077,0.0,30.0,0.0,0.0,0.0,0.0,0.0,20.0,0.0,0.0,-0.027,0.0,0.0,201.0,1e-05,-3e-05,-0.023,3e-05,0.0,23.0
6.53,-0.00038,-0.00038,-0.002,0.00053,0.0,30.0,0.0,0.0,0.0,0.0,0.0,20.0,0.0,0.0,-0.045,0.0,0.0,201.0,0.00017,0.00013,-0.045,0.00022,0.0,23.0
6.78,-0.0001,-8e-05,-0.009,0.00013,0.0,30.0,0.0,0.0,0.0,0.0,0.0,20.0,0.0,0.0,-0.045,0.0,0.0,201.0,0.00045,0.00043,-0.04,0.00062,0.0,23.0
7.03,-0.00011,-8e-05,-0.009,0.00013,0.0,30.4,0.0,0.0,0.0,0.0,0.0,20.0,0.0,0.0,-0.045,0.0,0.0,199.2,0.00044,0.00043,-0.046,0.00062,0.0,30.4
7.28,-0.00011,-8e-05,-0.009,0.00013,0.0,30.4,0.0,0.0,0.0,0.0,0.0,20.0,0.0,0.0,-0.067,0.0,0.0,199.2,0.00044,0.00043,-0.061,0.00062,0.0,30.4
7.53,-0.00011,-0.00012,-0.008,0.00016,0.0,30.4,0.0,0.0,0.0,0.0,0.0,20.0,0.0,0.0,-0.063,0.0,0.0,199.2,0.00044,0.00039,-0.064,0.00059,0.0,30.4
7.78,-1e-05,2e-05,-0.016,2e-05,0.0,30.4,0.0,0.0,0.0,0.0,0.0,20.0,0.0,0.0,-0.064,0.0,0.0,199.2,0.00054,0.00053,-0.064,0.00075,0.0,30.4
8.031,0.00022,0.00019,-0.022,0.00029,0.0,29.97,0.0,0.0,0.0,0.0,0.0,19.98,0.0,0.0,-0.077,0.0,0.0,200.81,0.00077,0.0007,-0.078,0.00104,0.0,29.97
8.28,0.0002,0.00023,-0.028,0.0003,0.0,29.97,0.0,0.0,0.0,0.0,0.0,19.98,0.0,0.0,-0.093,0.0,0.0,200.81,0.00075,0.00073,-0.088,0.00105,0.0,29.97
8.53,0.00028,0.00021,-0.029,0.00035,0.0,29.97,0.0,0.0,0.0,0.0,0.0,19.98,0.0,0.0,-0.092,0.0,0.0,200.81,0.00083,0.00072,-0.091,0.0011,0.0,29.97
8.78,0.00028,0.00021,-0.029,0.00035,0.0,29.97,0.0,0.0,0.0,0.0,0.0,19.98,0.0,0.0,-0.092,0.0,0.0,200.81,0.00083,0.00072,-0.094,0.0011,0.0,29.97
9.03,0.00038,0.00016,-0.028,0.00041,0.0,29.97,0.0,0.0,0.0,0.0,0.0,19.98,0.0,0.0,-0.103,0.0,0.0,200.81,0.00093,0.00067,-0.104,0.00114,0.0,29.97
9.28,0.00013,3e-05,-0.031,0.00014,0.0,29.62,0.0,0.0,0.0,0.0,0.0,20.01,0.0,0.0,-0.11,0.0,0.0,200.93,0.00068,0.00054,-0.111,0.00087,0.0,29.62
9.53,-2e-05,-9e-05,-0.03,9e-05,0.0,29.62,0.0,0.0,0.0,0.0,0.0,20.01,0.0,0.0,-0.106,0.0,0.0,200.93,0.00053,0.00042,-0.108,0.00068,0.0,29.62
9.78,-2e-05,-9e-05,-0.03,9e-05,0.0,29.62,0.0,0.0,0.0,0.0,0.0,20.01,0.0,0.0,-0.113,0.0,0.0,200.93,0.00053,0.00042,-0.113,0.00068,0.0,29.62
10.03,-2e-05,-9e-05,-0.03,9e-05,0.0,29.62,0.0,0.0,0.0,0.0,0.0,20.01,0.0,0.0,-0.103,0.0,0.0,200.93,0.00053,0.00042,-0.104,0.00068,0.0,29.62
10.28,-2e-05,-9e-05,-0.03,9e-05,0.0,29.62,0.0,0.0,0.0,0.0,0.0,20.01,0.0,0.0,-0.118,0.0,0.0,200.93,0.00053,0.00042,-0.12,0.00068,0.0,29.62
10.531,-2e-05,-9e-05,-0.03,9e-05,0.0,30.39,0.0,0.0,0.0,0.0,0.0,19.99,0.0,0.0,-0.123,0.0,0.0,199.93,0.00053,0.00042,-0.125,0.00068,0.0,30.39
10.78,-2e-05,-9e-05,-0.03,9e-05,0.0,30.39,0.0,0.0,0.0,0.0,0.0,19.99,0.0,0.0,-0.123,0.0,0.0,199.93,0.00053,0.00042,-0.122,0.00068,0.0,30.39
11.03,-2e-05,-9e-05,-0.03,9e-05,0.0,30.39,0.0,0.0,0.0,0.0,0.0,19.99,0.0,0.0,-0.139,0.0,0.0,199.93,0.00053,0.00042,-0.139,0.00068,0.0,30.39
11.281,-2e-05,-9e-05,-0.03,9e-05,0.0,30.39,0.0,0.0,0.0,0.0,0.0,19.99,0.0,0.0,-0.141,0.0,0.0,199.93,0.00053,0.00042,-0.141,0.00068,0.0,30.39
11.53,-2e-05,-9e-05,-0.03,9e-05,0.0,30.39,0.0,0.0,0.0,0.0,0.0,19.99,0.0,0.0,-0.143,0.0,0.0,199.93,0.00053,0.00042,-0.142,0.00068,0.0,30.39
11.78,-2e-05,-9e-05,-0.03,9e-05,0.0,29.61,0.0,0.0,0.0,0.0,0.0,20.01,0.0,0.0,-0.161,0.0,0.0,200.88,0.00053,0.00042,-0.162,0.00068,0.0,29.61
12.03,-2e-05,-9e-05,-0.03,9e-05,0.0,29.61,0.0,0.0,0.0,0.0,0.0,20.01,0.0,0.0,-0.166,0.0,0.0,200.88,0.00053,0.00042,-0.164,0.00068,0.0,29.61
12.28,-2e-05,-9e-05,-0.03,9e-05,0.0,29.61,0.0,0.0,0.0,0.0,0.0,20.01,0.0,0.0,-0.174,0.0,0.0,200.88,0.00053,0.00042,-0.174,0.00068,0.0,29.61
12.53,-2e-05,-9e-05,-0.03,9e-05,0.0,29.61,0.0,0.0,0.0,0.0,0.0,20.01,0.0,0.0,-0.18,0.0,0.0,200.88,0.00053,0.00042,-0.177,0.00067,0.0,29.61
12.78,-2e-05,-9e-05,-0.03,9e-05,0.0,29.61,0.0,0.0,0.0,0.0,0.0,20.01,0.0,0.0,-0.181,0.0,0.0,200.88,0.00053,0.00042,-0.182,0.00067,0.0,29.61
13.03,-2e-05,-9e-05,-0.03,9e-05,0.0,29.6,0.0,0.0,0.0,0.0,0.0,20.0,0.0,0.0,-0.184,0.0,0.0,199.2,0.00053,0.00042,-0.185,0.00067,0.0,29.6
13.28,-2e-05,-9e-05,-0.03,9e-05,0.0,29.6,0.0,0.0,0.0,0.0,0.0,20.0,0.0,0.0,-0.191,0.0,0.0,199.2,0.00053,0.00042,-0.192,0.00067,0.0,29.6
13.53,-2e-05,-9e-05,-0.03,9e-05,0.0,29.6,0.0,0.0,0.0,0.0,0.0,20.0,0.0,0.0,-0.188,0.0,0.0,199.2,0.00053,0.00042,-0.194,0.00067,0.0,29.6
13.78,-2e-05,-9e-05,-0.03,9e-05,0.0,29.6,0.0,0.0,0.0,0.0,0.0,20.0,0.0,0.0,-0.188,0.0,0.0,199.2,0.00053,0.00042,-0.187,0.00067,0.0,29.6
14.03,-2e-05,-9e-05,-0.03,9e-05,0.0,30.0,0.0,0.0,0.0,0.0,0.0,20.0,0.0,0.0,-0.186,0.0,0.0,200.98,0.00053,0.00042,-0.187,0.00067,0.0,30.0
14.281,5e-05,-2e-05,-0.033,5e-05,0.0,30.0,0.0,0.0,0.0,0.0,0.0,20.0,0.0,0.0,-0.182,0.0,0.0,200.98,0.0006,0.00049,-0.182,0.00077,0.0,30.0
14.53,5e-05,-2e-05,-0.033,5e-05,0.0,30.0,0.0,0.0,0.0,0.0,0.0,20.0,0.0,0.0,-0.173,0.0,0.0,200.98,0.0006,0.00049,-0.175,0.00077,0.0,30.0
14.781,5e-05,-2e-05,-0.033,5e-05,0.0,30.0,0.0,0.0,0.0,0.0,0.0,20.0,0.0,0.0,-0.189,0.0,0.0,200.98,0.0006,0.00049,-0.189,0.00077,0.0,30.0
15.03,5e-05,-2e-05,-0.033,5e-05,0.0,30.0,0.0,0.0,0.0,0.0,0.0,20.0,0.0,0.0,-0.195,0.0,0.0,200.98,0.0006,0.00049,-0.194,0.00077,0.0,30.0
15.281,5e-05,-2e-05,-0.033,5e-05,0.0,30.38,0.0,0.0,0.0,0.0,0.0,19.99,0.0,0.0,-0.182,0.0,0.0,200.67,0.0006,0.00049,-0.182,0.00077,0.0,30.38
15.53,5e-05,-2e-05,-0.033,5e-05,0.0,30.38,0.0,0.0,0.0,0.0,0.0,19.99,0.0,0.0,-0.173,0.0,0.0,200.67,0.0006,0.00049,-0.174,0.00077,0.0,30.38
15.781,5e-05,-2e-05,-0.033,5e-05,0.0,30.38,0.0,0.0,0.0,0.0,0.0,19.99,0.0,0.0,-0.191,0.0,0.0,200.67,0.0006,0.00049,-0.185,0.00077,0.0,30.38
16.031,5e-05,-2e-05,-0.033,5e-05,0.0,30.38,0.0,0.0,0.0,0.0,0.0,19.99,0.0,0.0,-0.188,0.0,0.0,200.67,0.0006,0.00049,-0.189,0.00077,0.0,30.38
16.28,5e-05,-2e-05,-0.033,5e-05,0.0,30.38,0.0,0.0,0.0,0.0,0.0,19.99,0.0,0.0,-0.213,0.0,0.0,200.67,0.0006,0.00049,-0.21,0.00077,0.0,30.38
16.53,5e-05,-2e-05,-0.033,5e-05,0.0,29.62,0.0,0.0,0.0,0.0,0.0,20.01,0.0,0.0,-0.224,0.0,0.0,200.15,0.0006,0.00049,-0.223,0.00077,0.0,29.62
16.781,5e-05,-2e-05,-0.033,5e-05,0.0,29.62,0.0,0.0,0.0,0.0,0.0,20.01,0.0,0.0,-0.219,0.0,0.0,200.15,0.0006,0.00049,-0.219,0.00077,0.0,29.62
17.03,5e-05,-2e-05,-0.033,5e-05,0.0,29.62,0.0,0.0,0.0,0.0,0.0,20.01,0.0,0.0,-0.234,0.0,0.0,200.15,0.0006,0.00049,-0.234,0.00077,0.0,29.62
17.28,5e-05,-2e-05,-0.033,5e-05,0.0,29.62,0.0,0.0,0.0,0.0,0.0,20.01,0.0,0.0,-0.243,0.0,0.0,200.15,0.0006,0.00049,-0.238,0.00077,0.0,29.62
17.53,5e-05,-2e-05,-0.033,5e-05,0.0,28.99,0.0,0.0,0.0,0.0,0.0,20.0,0.0,0.0,-0.248,0.0,0.0,198.96,0.0006,0.00049,-0.247,0.00077,0.0,28.99
17.781,5e-05,-2e-05,-0.033,5e-05,0.0,28.99,0.0,0.0,0.0,0.0,0.0,20.0,0.0,0.0,-0.256,0.0,0.0,198.96,0.0006,0.00049,-0.256,0.00077,0.0,28.99
18.03,5e-05,-2e-05,-0.033,5e-05,0.0,28.99,0.0,0.0,0.0,0.0,0.0,20.0,0.0,0.0,-0.275,0.0,0.0,198.96,0.0006,0.00049,-0.275,0.00077,0.0,28.99
18.282,5e-05,-2e-05,-0.033,5e-05,0.0,28.99,0.0,0.0,0.0,0.0,0.0,20.0,0.0,0.0,-0.284,0.0,0.0,198.96,0.0006,0.00049,-0.284,0.00077,0.0,28.99
18.531,5e-05,-2e-05,-0.033,5e-05,0.0,28.98,0.0,0.0,0.0,0.0,0.0,19.99,0.0,0.0,-0.288,0.0,0.0,200.89,0.0006,0.00049,-0.289,0.00077,0.0,28.98
18.78,5e-05,-2e-05,-0.033,5e-05,0.0,28.98,0.0,0.0,0.0,0.0,0.0,19.99,0.0,0.0,-0.311,0.0,0.0,200.89,0.0006,0.00049,-0.312,0.00077,0.0,28.98
19.03,5e-05,-2e-05,-0.033,5e-05,0.0,28.98,0.0,0.0,0.0,0.0,0.0,19.99,0.0,0.0,-0.306,0.0,0.0,200.89,0.0006,0.00049,-0.304,0.00077,0.0,28.98
19.281,5e-05,-2e-05,-0.033,5e-05,0.0,28.98,0.0,0.0,0.0,0.0,0.0,19.99,0.0,0.0,-0.303,0.0,0.0,200.89,0.0006,0.00049,-0.303,0.00077,0.0,28.98
19.53,5e-05,-2e-05,-0.033,5e-05,0.0,28.98,0.0,0.0,0.0,0.0,0.0,19.99,0.0,0.0,-0.306,0.0,0.0,200.89,0.0006,0.00049,-0.304,0.00077,0.0,28.98
19.781,5e-05,-2e-05,-0.033,5e-05,0.0,29.6,0.0,0.0,0.0,0.0,0.0,20.0,0.0,0.0,-0.298,0.0,0.0,200.83,0.0006,0.00049,-0.298,0.00077,0.0,29.6
20.03,5e-05,-2e-05,-0.033,5e-05,0.0,29.6,0.0,0.0,0.0,0.0,0.0,20.0,0.0,0.0,-0.308,0.0,0.0,200.83,0.0006,0.00049,-0.307,0.00077,0.0,29.6
20.28,5e-05,-2e-05,-0.033,5e-05,0.0,29.6,0.0,0.0,0.0,0.0,0.0,20.0,0.0,0.0,-0.303,0.0,0.0,200.83,0.0006,0.00049,-0.306,0.00077,0.0,29.6
20.53,5e-05,-2e-05,-0.033,5e-05,0.0,29.6,0.0,0.0,0.0,0.0,0.0,20.0,0.0,0.0,-0.313,0.0,0.0,200.83,0.0006,0.00049,-0.312,0.00077,0.0,29.6
20.781,5e-05,-2e-05,-0.033,5e-05,0.0,28.99,0.0,0.0,0.0,0.0,0.0,20.0,0.0,0.0,-0.305,0.0,0.0,199.96,0.0006,0.00049,-0.305,0.00077,0.0,28.99
21.03,5e-05,-2e-05,-0.033,5e-05,0.0,28.99,0.0,0.0,0.0,0.0,0.0,20.0,0.0,0.0,-0.308,0.0,0.0,199.96,0.0006,0.00049,-0.308,0.00077,0.0,28.99
21.281,5e-05,-2e-05,-0.033,5e-05,0.0,28.99,0.0,0.0,0.0,0.0,0.0,20.0,0.0,0.0,-0.319,0.0,0.0,199.96,0.0006,0.00049,-0.319,0.00077,0.0,28.99
21.531,5e-05,-2e-05,-0.033,5e-05,0.0,28.99,0.0,0.0,0.0,0.0,0.0,20.0,0.0,0.0,-0.319,0.0,0.0,199.96,0.0006,0.00049,-0.316,0.00077,0.0,28.99
21.781,5e-05,-2e-05,-0.033,5e-05,0.0,28.99,0.0,0.0,0.0,0.0,0.0,20.0,0.0,0.0,-0.327,0.0,0.0,199.96,0.0006,0.00049,-0.327,0.00077,0.0,28.99
22.03,5e-05,-2e-05,-0.033,5e-05,0.0,29.62,0.0,0.0,0.0,0.0,0.0,20.01,0.0,0.0,-0.342,0.0,0.0,199.32,0.0006,0.00049,-0.341,0.00077,0.0,29.62
22.281,5e-05,-2e-05,-0.033,5e-05,0.0,29.62,0.0,0.0,0.0,0.0,0.0,20.01,0.0,0.0,-0.348,0.0,0.0,199.32,0.0006,0.00049,-0.348,0.00077,0.0,29.62
22.53,5e-05,-2e-05,-0.033,5e-05,0.0,29.62,0.0,0.0,0.0,0.0,0.0,20.01,0.0,0.0,-0.348,0.0,0.0,199.32,0.0006,0.00049,-0.348,0.00077,0.0,29.62
22.78,5e-05,-2e-05,-0.033,5e-05,0.0,29.62,0.0,0.0,0.0,0.0,0.0,20.01,0.0,0.0,-0.355,0.0,0.0,199.32,0.0006,0.00049,-0.355,0.00077,0.0,29.62
23.03,5e-05,-2e-05,-0.033,5e-05,0.0,29.99,0.0,0.0,0.0,0.0,0.0,20.0,0.0,0.0,-0.368,0.0,0.0,200.96,0.0006,0.00049,-0.369,0.00077,0.0,29.99
23.28,5e-05,-2e-05,-0.033,5e-05,0.0,29.99,0.0,0.0,0.0,0.0,0.0,20.0,0.0,0.0,-0.369,0.0,0.0,200.96,0.0006,0.00049,-0.369,0.00077,0.0,29.99
23.53,5e-05,-2e-05,-0.033,5e-05,0.0,29.99,0.0,0.0,0.0,0.0,0.0,20.0,0.0,0.0,-0.397,0.0,0.0,200.96,0.0006,0.00049,-0.395,0.00077,0.0,29.99
23.78,5e-05,-2e-05,-0.033,5e-05,0.0,29.99,0.0,0.0,0.0,0.0,0.0,20.0,0.0,0.0,-0.396,0.0,0.0,200.96,0.0006,0.00049,-0.395,0.00077,0.0,29.99
24.032,5e-05,-2e-05,-0.033,5e-05,0.0,29.96,0.0,0.0,0.0,0.0,0.0,19.97,0.0,0.0,-0.413,0.0,0.0,200.75,0.0006,0.00049,-0.408,0.00077,0.0,29.96
24.28,5e-05,-2e-05,-0.033,5e-05,0.0,29.96,0.0,0.0,0.0,0.0,0.0,19.97,0.0,0.0,-0.43,0.0,0.0,200.75,0.0006,0.00049,-0.425,0.00077,0.0,29.96
24.53,5e-05,-2e-05,-0.033,5e-05,0.0,29.96,0.0,0.0,0.0,0.0,0.0,19.97,0.0,0.0,-0.432,0.0,0.0,200.75,0.0006,0.00049,-0.437,0.00077,0.0,29.96
24.78,5e-05,-2e-05,-0.033,5e-05,0.0,29.96,0.0,0.0,0.0,0.0,0.0,19.97,0.0,0.0,-0.44,0.0,0.0,200.75,0.0006,0.00049,-0.44,0.00077,0.0,29.96
25.03,5e-05,-2e-05,-0.033,5e-05,0.0,29.96,0.0,0.0,0.0,0.0,0.0,19.97,0.0,0.0,-0.429,0.0,0.0,200.75,0.0006,0.00049,-0.431,0.00077,0.0,29.96
25.281,5e-05,-2e-05,-0.033,5e-05,0.0,30.42,0.0,0.0,0.0,0.0,0.0,20.01,0.0,0.0,-0.431,0.0,0.0,200.91,0.0006,0.00049,-0.431,0.00077,0.0,30.42
25.53,5e-05,-2e-05,-0.033,5e-05,0.0,30.42,0.0,0.0,0.0,0.0,0.0,20.01,0.0,0.0,-0.433,0.0,0.0,200.91,0.0006,0.00049,-0.435,0.00077,0.0,30.42
25.78,5e-05,-2e-05,-0.033,5e-05,0.0,30.42,0.0,0.0,0.0,0.0,0.0,20.01,0.0,0.0,-0.436,0.0,0.0,200.91,0.0006,0.00049,-0.436,0.00077,0.0,30.42
26.03,5e-05,-2e-05,-0.033,5e-05,0.0,30.42,0.0,0.0,0.0,0.0,0.0,20.01,0.0,0.0,-0.434,0.0,0.0,200.91,0.0006,0.00049,-0.434,0.00077,0.0,30.42
26.28,5e-05,-2e-05,-0.033,5e-05,0.0,30.42,0.0,0.0,0.0,0.0,0.0,20.01,0.0,0.0,-0.424,0.0,0.0,200.91,0.0006,0.00049,-0.424,0.00077,0.0,30.42
26.53,5e-05,-2e-05,-0.033,5e-05,0.0,28.01,0.0,0.0,0.0,0.0,0.0,20.01,0.0,0.0,-0.42,0.0,0.0,199.29,0.0006,0.00049,-0.421,0.00077,0.0,28.01
26.781,5e-05,-2e-05,-0.033,5e-05,0.0,28.01,0.0,0.0,0.0,0.0,0.0,20.01,0.0,0.0,-0.428,0.0,0.0,199.29,0.0006,0.00049,-0.428,0.00077,0.0,28.01
27.03,5e-05,-2e-05,-0.033,5e-05,0.0,28.01,0.0,0.0,0.0,0.0,0.0,20.01,0.0,0.0,-0.423,0.0,0.0,199.29,0.0006,0.00049,-0.422,0.00077,0.0,28.01
27.28,5e-05,-2e-05,-0.033,5e-05,0.0,28.01,0.0,0.0,0.0,0.0,0.0,20.01,0.0,0.0,-0.429,0.0,0.0,199.29,0.0006,0.00049,-0.429,0.00077,0.0,28.01
27.53,5e-05,-2e-05,-0.033,5e-05,0.0,28.01,0.0,0.0,0.0,0.0,0.0,20.01,0.0,0.0,-0.417,0.0,0.0,199.29,0.0006,0.00049,-0.417,0.00077,0.0,28.01
27.78,5e-05,-2e-05,-0.033,5e-05,0.0,30.4,0.0,0.0,0.0,0.0,0.0,20.0,0.0,0.0,-0.429,0.0,0.0,201.62,0.0006,0.00049,-0.429,0.00077,0.0,30.4
28.03,5e-05,-2e-05,-0.033,5e-05,0.0,30.4,0.0,0.0,0.0,0.0,0.0,20.0,0.0,0.0,-0.432,0.0,0.0,201.62,0.0006,0.00049,-0.433,0.00077,0.0,30.4
28.281,5e-05,-2e-05,-0.033,5e-05,0.0,30.4,0.0,0.0,0.0,0.0,0.0,20.0,0.0,0.0,-0.435,0.0,0.0,201.62,0.0006,0.00049,-0.435,0.00077,0.0,30.4
28.53,5e-05,-2e-05,-0.033,5e-05,0.0,30.4,0.0,0.0,0.0,0.0,0.0,20.0,0.0,0.0,-0.44,0.0,0.0,201.62,0.0006,0.00049,-0.439,0.00077,0.0,30.4
28.78,0.0,-1e-05,-0.038,1e-05,0.0,29.0,0.0,0.0,0.0,0.0,0.0,20.0,0.0,0.0,-0.436,0.0,0.0,199.99,0.00055,0.0005,-0.436,0.00074,0.0,29.0
29.03,0.0,-1e-05,-0.038,1e-05,0.0,29.0,0.0,0.0,0.0,0.0,0.0,20.0,0.0,0.0,-0.438,0.0,0.0,199.99,0.00055,0.0005,-0.437,0.00074,0.0,29.0
29.28,0.00034,0.00037,-0.047,0.0005,0.0,29.0,0.0,0.0,0.0,0.0,0.0,20.0,0.0,0.0,-0.431,0.0,0.0,199.99,0.00089,0.00088,-0.43,0.00125,0.0,29.0
29.53,0.00016,0.00044,-0.049,0.00047,0.0,29.0,0.0,0.0,0.0,0.0,0.0,20.0,0.0,0.0,-0.451,0.0,0.0,199.99,0.00072,0.00094,-0.451,0.00119,0.0,29.0
29.78,-9e-05,0.00084,-0.074,0.00085,0.0,30.0,0.0,0.0,0.0,0.0,0.0,20.0,0.0,0.0,-0.463,0.0,0.0,200.99,0.00046,0.00135,-0.463,0.00143,0.0,30.0
30.03,-9e-05,0.00084,-0.074,0.00085,0.0,30.0,0.0,0.0,0.0,0.0,0.0,20.0,0.0,0.0,-0.463,0.0,0.0,200.99,0.00046,0.00135,-0.463,0.00143,0.0,30.0
30.281,-0.0009,0.00061,-0.07,0.00108,0.0,30.0,0.0,0.0,0.0,0.0,0.0,20.0,0.0,0.0,-0.465,0.0,0.0,200.99,-0.00034,0.00112,-0.465,0.00117,0.0,30.0
30.53,0.00027,0.00137,-0.074,0.0014,0.0,30.0,0.0,0.0,0.0,0.0,0.0,20.0,0.0,0.0,-0.46,0.0,0.0,200.99,0.00083,0.00188,-0.458,0.00206,0.0,30.0
30.78,0.00034,0.00153,-0.075,0.00157,0.0,30.0,0.0,0.0,0.0,0.0,0.0,20.0,0.0,0.0,-0.457,0.0,0.0,199.98,0.0009,0.00204,-0.457,0.00223,0.0,30.0
31.03,0.00089,0.00187,-0.078,0.00206,0.0,30.0,0.0,0.0,0.0,0.0,0.0,20.0,0.0,0.0,-0.459,0.0,0.0,199.98,0.00145,0.00237,-0.459,0.00278,0.0,30.0
31.28,0.00295,0.00301,-0.072,0.00422,0.0,30.0,0.0,0.0,0.0,0.0,0.0,20.0,0.0,0.0,-0.465,0.0,0.0,199.98,0.00352,0.0035,-0.465,0.00497,0.00503,30.0
31.53,0.00315,0.00318,-0.065,0.00448,0.0,30.0,0.0,0.0,0.0,0.0,0.0,20.0,0.0,0.0,-0.465,0.0,0.0,199.98,0.00372,0.00367,-0.466,0.00523,0.00503,30.0
31.78,0.0032,0.00364,-0.073,0.00485,0.0,30.0,0.0,0.0,0.0,0.0,0.0,20.0,0.0,0.0,-0.483,0.0,0.0,199.98,0.00377,0.00413,-0.478,0.00559,0.00503,30.0
32.031,0.00308,0.00344,-0.072,0.00462,0.0,27.99,0.0,0.0,0.0,0.0,0.0,19.99,0.0,0.0,-0.488,0.0,0.0,199.95,0.00365,0.00393,-0.482,0.00537,0.00503,27.99
32.28,0.00344,0.00372,-0.085,0.00506,0.00505,27.99,0.0,0.0,0.0,0.0,0.0,19.99,0.0,0.0,-0.493,0.0,0.0,199.95,0.00401,0.00421,-0.493,0.00581,0.00503,27.99
32.53,0.0034,0.00374,-0.098,0.00506,0.00505,27.99,0.0,0.0,0.0,0.0,0.0,19.99,0.0,0.0,-0.495,0.0,0.0,199.95,0.00398,0.00423,-0.496,0.00581,0.00503,27.99
32.78,0.00259,0.00324,-0.114,0.00415,0.00505,27.99,0.0,0.0,0.0,0.0,0.0,19.99,0.0,0.0,-0.497,0.0,0.0,199.95,0.00316,0.00374,-0.497,0.0049,0.00503,27.99
33.03,0.00272,0.00325,-0.112,0.00424,0.00505,27.99,0.0,0.0,0.0,0.0,0.0,19.99,0.0,0.0,-0.501,0.0,0.0,199.95,0.0033,0.00374,-0.502,0.00499,0.00503,27.99
33.28,0.00325,0.00326,-0.11,0.0046,0.00505,30.42,0.0,0.0,0.0,0.0,0.0,20.01,0.0,0.0,-0.505,0.0,0.0,200.9,0.00382,0.00374,-0.505,0.00535,0.00503,30.42
33.53,0.00326,0.00327,-0.114,0.00462,0.00505,30.42,0.0,0.0,0.0,0.0,0.0,20.01,0.0,0.0,-0.516,0.0,0.0,200.9,0.00383,0.00376,-0.517,0.00536,0.00503,30.42
33.78,0.00332,0.00313,-0.114,0.00456,0.00505,30.42,0.0,0.0,0.0,0.0,0.0,20.01,0.0,0.0,-0.531,0.0,0.0,200.9,0.00389,0.00361,-0.531,0.00531,0.00503,30.42
34.03,0.00315,0.0031,-0.115,0.00442,0.00505,30.42,0.0,0.0,0.0,0.0,0.0,20.01,0.0,0.0,-0.519,0.0,0.0,200.9,0.00372,0.00359,-0.52,0.00517,0.00503,30.42
34.281,0.00261,0.0029,-0.128,0.0039,0.00505,28.99,0.0,0.0,0.0,0.0,0.0,19.99,0.0,0.0,-0.512,0.0,0.0,198.91,0.00318,0.00339,-0.513,0.00465,0.00503,28.99
34.532,0.00263,0.00278,-0.127,0.00382,0.00505,28.99,0.0,0.0,0.0,0.0,0.0,19.99,0.0,0.0,-0.515,0.0,0.0,198.91,0.0032,0.00327,-0.517,0.00457,0.00503,28.99
34.781,0.003,0.00254,-0.122,0.00393,0.00505,28.99,0.0,0.0,0.0,0.0,0.0,19.99,0.0,0.0,-0.513,0.0,0.0,198.91,0.00357,0.00303,-0.513,0.00468,0.00503,28.99
35.03,0.00326,0.00209,-0.115,0.00387,0.00505,28.99,0.0,0.0,0.0,0.0,0.0,19.99,0.0,0.0,-0.516,0.0,0.0,198.91,0.00383,0.00258,-0.509,0.00461,0.00503,28.99
35.281,0.00356,0.002,-0.128,0.00409,0.00505,28.99,0.0,0.0,0.0,0.0,0.0,19.99,0.0,0.0,-0.506,0.0,0.0,198.91,0.00413,0.00249,-0.506,0.00482,0.00503,28.99
35.53,0.0046,0.00094,-0.099,0.0047,0.00505,29.61,0.0,0.0,0.0,0.0,0.0,20.01,0.0,0.0,-0.502,0.0,0.0,199.26,0.00516,0.00142,-0.498,0.00535,0.00503,29.61
35.78,0.0046,0.00094,-0.099,0.0047,0.00505,29.61,0.0,0.0,0.0,0.0,0.0,20.01,0.0,0.0,-0.502,0.0,0.0,199.26,0.00516,0.00142,-0.502,0.00535,0.00503,29.61
36.031,0.0046,0.00094,-0.099,0.0047,0.00505,29.61,0.0,0.0,0.0,0.0,0.0,20.01,0.0,0.0,-0.503,0.0,0.0,199.26,0.00516,0.00142,-0.505,0.00535,0.00503,29.61
36.28,0.0046,0.00094,-0.099,0.0047,0.00505,29.61,0.0,0.0,0.0,0.0,0.0,20.01,0.0,0.0,-0.508,0.0,0.0,199.26,0.00516,0.00142,-0.508,0.00535,0.00503,29.61
36.53,0.0046,0.00094,-0.099,0.0047,0.00505,30.0,0.0,0.0,0.0,0.0,0.0,20.0,0.0,0.0,-0.512,0.0,0.0,200.0,0.00516,0.00142,-0.511,0.00535,0.00503,30.0
36.78,0.0046,0.00094,-0.099,0.0047,0.00505,30.0,0.0,0.0,0.0,0.0,0.0,20.0,0.0,0.0,-0.507,0.0,0.0,200.0,0.00516,0.00142,-0.507,0.00535,0.00503,30.0
37.03,0.0046,0.00094,-0.099,0.0047,0.00505,30.0,0.0,0.0,0.0,0.0,0.0,20.0,0.0,0.0,-0.495,0.0,0.0,200.0,0.00516,0.00142,-0.492,0.00535,0.00503,30.0
37.281,0.0046,0.00094,-0.099,0.0047,0.00505,30.0,0.0,0.0,0.0,0.0,0.0,20.0,0.0,0.0,-0.493,0.0,0.0,200.0,0.00516,0.00142,-0.493,0.00535,0.00503,30.0
37.53,0.0046,0.00094,-0.099,0.00469,0.00505,30.0,0.0,0.0,0.0,0.0,0.0,20.0,0.0,0.0,-0.505,0.0,0.0,200.0,0.00516,0.00142,-0.508,0.00535,0.00503,30.0
37.781,0.0046,0.00094,-0.099,0.00469,0.00505,30.39,0.0,0.0,0.0,0.0,0.0,20.0,0.0,0.0,-0.508,0.0,0.0,201.56,0.00516,0.00142,-0.508,0.00535,0.00503,30.39
38.03,0.0046,0.00094,-0.099,0.00469,0.00505,30.39,0.0,0.0,0.0,0.0,0.0,20.0,0.0,0.0,-0.524,0.0,0.0,201.56,0.00516,0.00142,-0.519,0.00535,0.00503,30.39
38.28,0.0046,0.00094,-0.099,0.00469,0.00505,30.39,0.0,0.0,0.0,0.0,0.0,20.0,0.0,0.0,-0.536,0.0,0.0,201.56,0.00516,0.00142,-0.536,0.00535,0.00503,30.39
38.53,0.0046,0.00094,-0.099,0.00469,0.00505,30.39,0.0,0.0,0.0,0.0,0.0,20.0,0.0,0.0,-0.539,0.0,0.0,201.56,0.00516,0.00142,-0.54,0.00535,0.00503,30.39
38.781,0.0046,0.00094,-0.099,0.00469,0.00505,30.0,0.0,0.0,0.0,0.0,0.0,20.0,0.0,0.0,-0.546,0.0,0.0,199.97,0.00516,0.00142,-0.546,0.00535,0.00503,30.0
39.03,0.0046,0.00094,-0.099,0.00469,0.00505,30.0,0.0,0.0,0.0,0.0,0.0,20.0,0.0,0.0,-0.532,0.0,0.0,199.97,0.00516,0.00142,-0.536,0.00535,0.00503,30.0
39.281,0.00468,0.00097,-0.099,0.00478,0.00505,30.0,0.0,0.0,0.0,0.0,0.0,20.0,0.0,0.0,-0.541,0.0,0.0,199.97,0.00524,0.00144,-0.541,0.00544,0.00503,30.0
39.53,0.00503,0.00104,-0.097,0.00514,0.00505,30.0,0.0,0.0,0.0,0.0,0.0,20.0,0.0,0.0,-0.544,0.0,0.0,199.97,0.00559,0.00152,-0.545,0.00579,0.00503,30.0
39.78,0.00515,0.001,-0.092,0.00524,0.00505,30.0,0.0,0.0,0.0,0.0,0.0,20.0,0.0,0.0,-0.546,0.0,0.0,199.97,0.0057,0.00148,-0.547,0.00589,0.00503,30.0
40.031,0.00525,0.00103,-0.089,0.00535,0.00505,28.79,0.0,0.0,0.0,0.0,0.0,20.0,0.0,0.0,-0.547,0.0,0.0,199.96,0.00581,0.00151,-0.547,0.006,0.00503,28.79
40.281,0.00557,0.00127,-0.089,0.00572,0.00505,28.79,0.0,0.0,0.0,0.0,0.0,20.0,0.0,0.0,-0.538,0.0,0.0,199.96,0.00613,0.00174,-0.538,0.00637,0.00503,28.79
40.53,0.00574,0.00145,-0.093,0.00592,0.00505,28.79,0.0,0.0,0.0,0.0,0.0,20.0,0.0,0.0,-0.539,0.0,0.0,199.96,0.0063,0.00192,-0.544,0.00658,0.00503,28.79
40.78,0.0058,0.00149,-0.093,0.00599,0.00505,28.79,0.0,0.0,0.0,0.0,0.0,20.0,0.0,0.0,-0.537,0.0,0.0,199.96,0.00636,0.00196,-0.537,0.00665,0.00503,28.79
41.03,0.00585,0.00187,-0.103,0.00614,0.00505,28.79,0.0,0.0,0.0,0.0,0.0,20.0,0.0,0.0,-0.539,0.0,0.0,199.96,0.00641,0.00233,-0.543,0.00682,0.00503,28.79
41.28,0.00576,0.00182,-0.1,0.00604,0.00505,30.41,0.0,0.0,0.0,0.0,0.0,20.01,0.0,0.0,-0.538,0.0,0.0,200.9,0.00632,0.00229,-0.538,0.00673,0.00503,30.41
41.531,0.0057,0.00213,-0.109,0.00608,0.00505,30.41,0.0,0.0,0.0,0.0,0.0,20.01,0.0,0.0,-0.532,0.0,0.0,200.9,0.00626,0.0026,-0.533,0.00678,0.00503,30.41
41.78,0.00564,0.00217,-0.112,0.00605,0.00505,30.41,0.0,0.0,0.0,0.0,0.0,20.01,0.0,0.0,-0.537,0.0,0.0,200.9,0.00621,0.00264,-0.537,0.00675,0.00503,30.41
42.03,0.00606,0.00279,-0.127,0.00667,0.00505,30.41,0.0,0.0,0.0,0.0,0.0,20.01,0.0,0.0,-0.551,0.0,0.0,200.9,0.00663,0.00326,-0.549,0.00739,0.00503,30.41
42.281,0.00591,0.00257,-0.122,0.00644,0.00505,29.98,0.0,0.0,0.0,0.0,0.0,19.99,0.0,0.0,-0.535,0.0,0.0,200.9,0.00648,0.00304,-0.534,0.00716,0.00503,29.98
42.531,0.00591,0.00257,-0.122,0.00644,0.00505,29.98,0.0,0.0,0.0,0.0,0.0,19.99,0.0,0.0,-0.532,0.0,0.0,200.9,0.00648,0.00304,-0.534,0.00716,0.00503,29.98
42.78,0.00591,0.00257,-0.122,0.00644,0.00505,29.98,0.0,0.0,0.0,0.0,0.0,19.99,0.0,0.0,-0.53,0.0,0.0,200.9,0.00648,0.00304,-0.53,0.00716,0.00503,29.98
43.03,0.00591,0.00257,-0.122,0.00644,0.00505,29.98,0.0,0.0,0.0,0.0,0.0,19.99,0.0,0.0,-0.525,0.0,0.0,200.9,0.00648,0.00304,-0.527,0.00716,0.00503,29.98
43.28,0.00591,0.00257,-0.122,0.00644,0.00505,29.98,0.0,0.0,0.0,0.0,0.0,19.99,0.0,0.0,-0.534,0.0,0.0,200.9,0.00648,0.00304,-0.534,0.00716,0.00503,29.98
43.53,0.00591,0.00257,-0.122,0.00644,0.00505,28.01,0.0,0.0,0.0,0.0,0.0,20.01,0.0,0.0,-0.556,0.0,0.0,199.28,0.00648,0.00304,-0.552,0.00715,0.00503,28.01
43.78,0.00591,0.00257,-0.122,0.00644,0.00505,28.01,0.0,0.0,0.0,0.0,0.0,20.01,0.0,0.0,-0.559,0.0,0.0,199.28,0.00648,0.00304,-0.559,0.00715,0.00503,28.01
44.031,0.00591,0.00257,-0.122,0.00644,0.00505,28.01,0.0,0.0,0.0,0.0,0.0,20.01,0.0,0.0,-0.563,0.0,0.0,199.28,0.00648,0.00304,-0.562,0.00715,0.00503,28.01
44.28,0.00591,0.00257,-0.122,0.00644,0.00505,28.01,0.0,0.0,0.0,0.0,0.0,20.01,0.0,0.0,-0.567,0.0,0.0,199.28,0.00648,0.00304,-0.567,0.00715,0.00503,28.01
44.53,0.00591,0.00257,-0.122,0.00644,0.00505,29.0,0.0,0.0,0.0,0.0,0.0,20.0,0.0,0.0,-0.582,0.0,0.0,198.99,0.00648,0.00304,-0.579,0.00715,0.00503,29.0
44.781,0.00591,0.00257,-0.122,0.00644,0.00505,29.0,0.0,0.0,0.0,0.0,0.0,20.0,0.0,0.0,-0.579,0.0,0.0,198.99,0.00648,0.00304,-0.58,0.00715,0.00503,29.0
45.031,0.00591,0.00257,-0.122,0.00644,0.00505,29.0,0.0,0.0,0.0,0.0,0.0,20.0,0.0,0.0,-0.585,0.0,0.0,198.99,0.00648,0.00304,-0.584,0.00715,0.00503,29.0
45.28,0.0056,0.00234,-0.118,0.00607,0.00505,29.0,0.0,0.0,0.0,0.0,0.0,20.0,0.0,0.0,-0.581,0.0,0.0,198.99,0.00617,0.00281,-0.581,0.00678,0.00503,29.0
45.53,0.00424,0.00129,-0.104,0.00444,0.00505,29.0,0.0,0.0,0.0,0.0,0.0,20.0,0.0,0.0,-0.558,0.0,0.0,198.99,0.0048,0.00177,-0.559,0.00512,0.00503,29.0
45.78,0.00388,0.00105,-0.109,0.00402,0.00505,30.4,0.0,0.0,0.0,0.0,0.0,20.0,0.0,0.0,-0.581,0.0,0.0,201.62,0.00444,0.00153,-0.581,0.00469,0.00503,30.4
46.03,0.00378,0.0008,-0.103,0.00387,0.00505,30.4,0.0,0.0,0.0,0.0,0.0,20.0,0.0,0.0,-0.563,0.0,0.0,201.62,0.00434,0.00128,-0.56,0.00452,0.00503,30.4
46.28,0.00302,0.00038,-0.103,0.00304,0.00505,30.4,0.0,0.0,0.0,0.0,0.0,20.0,0.0,0.0,-0.556,0.0,0.0,201.62,0.00357,0.00087,-0.556,0.00367,0.00503,30.4
46.53,0.00295,0.00014,-0.097,0.00295,0.00505,30.4,0.0,0.0,0.0,0.0,0.0,20.0,0.0,0.0,-0.553,0.0,0.0,201.62,0.0035,0.00064,-0.552,0.00356,0.00503,30.4
46.78,0.00245,-0.00048,-0.081,0.00249,0.00505,30.4,0.0,0.0,0.0,0.0,0.0,20.0,0.0,0.0,-0.551,0.0,0.0,201.62,0.00299,2e-05,-0.551,0.00299,0.00503,30.4
47.03,0.00229,-0.00052,-0.082,0.00235,0.00505,29.6,0.0,0.0,0.0,0.0,0.0,20.0,0.0,0.0,-0.548,0.0,0.0,199.2,0.00283,-3e-05,-0.549,0.00283,0.00503,29.6
47.281,0.00224,-0.00064,-0.079,0.00233,0.00505,29.6,0.0,0.0,0.0,0.0,0.0,20.0,0.0,0.0,-0.552,0.0,0.0,199.2,0.00278,-0.00014,-0.551,0.00278,0.00503,29.6
47.53,0.00224,-0.00064,-0.079,0.00233,0.00505,29.6,0.0,0.0,0.0,0.0,0.0,20.0,0.0,0.0,-0.553,0.0,0.0,199.2,0.00278,-0.00014,-0.554,0.00278,0.00503,29.6
47.781,0.00256,-0.00036,-0.08,0.00259,0.00505,29.6,0.0,0.0,0.0,0.0,0.0,20.0,0.0,0.0,-0.545,0.0,0.0,199.2,0.00311,0.00014,-0.544,0.00311,0.00503,29.6
48.03,0.00266,-0.00031,-0.08,0.00268,0.00505,29.6,0.0,0.0,0.0,0.0,0.0,20.0,0.0,0.0,-0.555,0.0,0.0,199.2,0.00321,0.00018,-0.557,0.00321,0.00503,29.6
48.28,0.0028,-2e-05,-0.096,0.0028,0.00505,29.6,0.0,0.0,0.0,0.0,0.0,20.0,0.0,0.0,-0.553,0.0,0.0,201.57,0.00334,0.00048,-0.553,0.00338,0.00503,29.6
48.53,0.0028,-2e-05,-0.096,0.0028,0.00505,29.6,0.0,0.0,0.0,0.0,0.0,20.0,0.0,0.0,-0.544,0.0,0.0,201.57,0.00334,0.00048,-0.548,0.00338,0.00503,29.6
48.78,0.0028,0.0002,-0.105,0.00281,0.00505,29.6,0.0,0.0,0.0,0.0,0.0,20.0,0.0,0.0,-0.548,0.0,0.0,201.57,0.00335,0.00069,-0.548,0.00342,0.00503,29.6
49.03,0.00295,0.00043,-0.107,0.00298,0.00505,29.6,0.0,0.0,0.0,0.0,0.0,20.0,0.0,0.0,-0.548,0.0,0.0,201.57,0.0035,0.00092,-0.544,0.00362,0.00503,29.6
49.281,0.00311,0.00111,-0.129,0.0033,0.00505,29.99,0.0,0.0,0.0,0.0,0.0,20.0,0.0,0.0,-0.549,0.0,0.0,199.96,0.00366,0.0016,-0.549,0.004,0.00503,29.99
49.53,0.00311,0.00111,-0.129,0.0033,0.00505,29.99,0.0,0.0,0.0,0.0,0.0,20.0,0.0,0.0,-0.563,0.0,0.0,199.96,0.00366,0.0016,-0.561,0.004,0.00503,29.99
49.781,0.00302,0.00127,-0.138,0.00327,0.00505,29.99,0.0,0.0,0.0,0.0,0.0,20.0,0.0,0.0,-0.563,0.0,0.0,199.96,0.00357,0.00176,-0.564,0.00399,0.00503,29.99
50.03,0.00286,0.00099,-0.129,0.00302,0.00505,29.99,0.0,0.0,0.0,0.0,0.0,20.0,0.0,0.0,-0.563,0.0,0.0,199.96,0.00341,0.00148,-0.559,0.00372,0.00503,29.99
50.28,0.00286,0.00099,-0.129,0.00302,0.00505,29.99,0.0,0.0,0.0,0.0,0.0,20.0,0.0,0.0,-0.581,0.0,0.0,199.96,0.00341,0.00148,-0.581,0.00372,0.00503,29.99
50.532,0.00245,0.00067,-0.121,0.00254,0.00505,29.57,0.0,0.0,0.0,0.0,0.0,19.98,0.0,0.0,-0.583,0.0,0.0,199.83,0.00301,0.00116,-0.589,0.00322,0.00503,29.57
50.78,0.00164,0.00019,-0.116,0.00165,0.00505,29.57,0.0,0.0,0.0,0.0,0.0,19.98,0.0,0.0,-0.593,0.0,0.0,199.83,0.00219,0.0007,-0.592,0.0023,0.00503,29.57
51.03,0.00151,0.00018,-0.112,0.00153,0.00505,29.57,0.0,0.0,0.0,0.0,0.0,19.98,0.0,0.0,-0.594,0.0,0.0,199.83,0.00206,0.00069,-0.594,0.00218,0.00503,29.57
51.28,0.00199,0.00063,-0.119,0.00208,0.00505,29.57,0.0,0.0,0.0,0.0,0.0,19.98,0.0,0.0,-0.59,0.0,0.0,199.83,0.00254,0.00113,-0.59,0.00278,0.00503,29.57
51.53,0.00231,0.00084,-0.12,0.00246,0.00505,29.57,0.0,0.0,0.0,0.0,0.0,19.98,0.0,0.0,-0.579,0.0,0.0,199.83,0.00286,0.00133,-0.583,0.00316,0.00503,29.57
51.78,0.0025,0.001,-0.121,0.00269,0.00505,28.03,0.0,0.0,0.0,0.0,0.0,20.02,0.0,0.0,-0.587,0.0,0.0,200.23,0.00306,0.00149,-0.587,0.0034,0.00503,28.03
52.03,0.00244,0.00073,-0.104,0.00255,0.00505,28.03,0.0,0.0,0.0,0.0,0.0,20.02,0.0,0.0,-0.574,0.0,0.0,200.23,0.00299,0.00123,-0.575,0.00324,0.00503,28.03
52.28,0.0025,0.00078,-0.102,0.00261,0.00505,28.03,0.0,0.0,0.0,0.0,0.0,20.02,0.0,0.0,-0.574,0.0,0.0,200.23,0.00305,0.00127,-0.574,0.00331,0.00503,28.03
52.53,0.0025,0.00078,-0.102,0.00261,0.00505,28.03,0.0,0.0,0.0,0.0,0.0,20.02,0.0,0.0,-0.568,0.0,0.0,200.23,0.00305,0.00127,-0.567,0.00331,0.00503,28.03
52.781,0.00267,0.00109,-0.108,0.00288,0.00505,29.99,0.0,0.0,0.0,0.0,0.0,20.0,0.0,0.0,-0.579,0.0,0.0,200.95,0.00323,0.00159,-0.578,0.00359,0.00503,29.99
53.031,0.00267,0.00109,-0.108,0.00288,0.00505,29.99,0.0,0.0,0.0,0.0,0.0,20.0,0.0,0.0,-0.58,0.0,0.0,200.95,0.00323,0.00159,-0.581,0.00359,0.00503,29.99
53.28,0.00267,0.00109,-0.108,0.00288,0.00505,29.99,0.0,0.0,0.0,0.0,0.0,20.0,0.0,0.0,-0.576,0.0,0.0,200.95,0.00323,0.00159,-0.576,0.00359,0.00503,29.99
53.53,0.00211,0.00071,-0.105,0.00222,0.00505,29.99,0.0,0.0,0.0,0.0,0.0,20.0,0.0,0.0,-0.585,0.0,0.0,200.95,0.00266,0.00121,-0.581,0.00292,0.00503,29.99
53.78,0.00147,0.00056,-0.112,0.00157,0.00505,29.99,0.0,0.0,0.0,0.0,0.0,20.0,0.0,0.0,-0.584,0.0,0.0,200.95,0.00202,0.00107,-0.584,0.00228,0.00503,29.99
54.03,0.00144,0.00047,-0.108,0.00151,0.00505,29.61,0.0,0.0,0.0,0.0,0.0,20.0,0.0,0.0,-0.586,0.0,0.0,199.24,0.00199,0.00097,-0.583,0.00221,0.00503,29.61
54.28,0.00146,0.00058,-0.119,0.00157,0.00505,29.61,0.0,0.0,0.0,0.0,0.0,20.0,0.0,0.0,-0.598,0.0,0.0,199.24,0.00201,0.00108,-0.598,0.00229,0.00503,29.61
54.53,0.00151,0.00059,-0.117,0.00162,0.00505,29.61,0.0,0.0,0.0,0.0,0.0,20.0,0.0,0.0,-0.606,0.0,0.0,199.24,0.00206,0.0011,-0.605,0.00233,0.00503,29.61
54.78,0.00152,0.00056,-0.117,0.00162,0.00505,29.61,0.0,0.0,0.0,0.0,0.0,20.0,0.0,0.0,-0.62,0.0,0.0,199.24,0.00207,0.00106,-0.62,0.00233,0.00503,29.61
55.03,0.00111,-0.00057,-0.083,0.00125,0.00505,29.61,0.0,0.0,0.0,0.0,0.0,20.0,0.0,0.0,-0.62,0.0,0.0,199.24,0.00165,-6e-05,-0.623,0.00166,0.00503,29.61
55.28,7e-05,-0.00265,-0.023,0.00265,0.01036,28.8,0.0,0.0,0.0,0.0,0.0,20.0,0.0,0.0,-0.631,0.0,0.0,201.61,0.00059,-0.00213,-0.63,0.00221,0.01012,28.8
55.531,-0.00039,-0.00403,0.028,0.00404,0.01036,28.8,0.0,0.0,0.0,0.0,0.0,20.0,0.0,0.0,-0.637,0.0,0.0,201.61,0.00012,-0.0035,-0.639,0.0035,0.01012,28.8
55.78,-0.00049,-0.00414,0.027,0.00417,0.01036,28.8,0.0,0.0,0.0,0.0,0.0,20.0,0.0,0.0,-0.647,0.0,0.0,201.61,1e-05,-0.00362,-0.647,0.00362,0.01012,28.8
56.032,-0.00104,-0.00458,0.034,0.00469,0.01036,28.8,0.0,0.0,0.0,0.0,0.0,20.0,0.0,0.0,-0.659,0.0,0.0,201.61,-0.00054,-0.00405,-0.66,0.00408,0.01012,28.8
56.28,-0.00152,-0.00527,0.058,0.00549,0.01036,30.0,0.0,0.0,0.0,0.0,0.0,20.0,0.0,0.0,-0.667,0.0,0.0,199.99,-0.00103,-0.00474,-0.667,0.00485,0.01012,30.0
56.53,-0.00203,-0.00627,0.085,0.00659,0.01553,30.0,0.0,0.0,0.0,0.0,0.0,20.0,0.0,0.0,-0.688,0.0,0.0,199.99,-0.00156,-0.00573,-0.684,0.00593,0.01517,30.0
56.78,-0.00222,-0.00646,0.084,0.00683,0.01553,30.0,0.0,0.0,0.0,0.0,0.0,20.0,0.0,0.0,-0.678,0.0,0.0,199.99,-0.00175,-0.00591,-0.678,0.00617,0.01517,30.0
57.03,-0.00204,-0.00706,0.107,0.00735,0.01553,30.0,0.0,0.0,0.0,0.0,0.0,20.0,0.0,0.0,-0.686,0.0,0.0,199.99,-0.00157,-0.00652,-0.683,0.0067,0.01517,30.0
57.28,-0.00196,-0.00703,0.107,0.00729,0.01553,30.0,0.0,0.0,0.0,0.0,0.0,20.0,0.0,0.0,-0.693,0.0,0.0,199.99,-0.00149,-0.00648,-0.693,0.00665,0.01517,30.0
57.53,-0.00197,-0.00747,0.123,0.00772,0.01553,28.8,0.0,0.0,0.0,0.0,0.0,20.0,0.0,0.0,-0.687,0.0,0.0,199.2,-0.00151,-0.00692,-0.688,0.00709,0.01517,28.8
57.781,-0.00221,-0.00878,0.171,0.00905,0.01553,28.8,0.0,0.0,0.0,0.0,0.0,20.0,0.0,0.0,-0.684,0.0,0.0,199.2,-0.00176,-0.00823,-0.685,0.00842,0.01517,28.8
58.03,-0.00309,-0.01023,0.217,0.01069,0.01553,28.8,0.0,0.0,0.0,0.0,0.0,20.0,0.0,0.0,-0.683,0.0,0.0,199.2,-0.00267,-0.00967,-0.683,0.01003,0.01517,28.8
58.28,-0.00341,-0.01048,0.212,0.01102,0.02076,28.8,0.0,0.0,0.0,0.0,0.0,20.0,0.0,0.0,-0.688,0.0,0.0,199.2,-0.00299,-0.00991,-0.688,0.01035,0.01517,28.8
58.53,-0.00341,-0.01065,0.221,0.01119,0.02076,30.0,0.0,0.0,0.0,0.0,0.0,20.0,0.0,0.0,-0.685,0.0,0.0,199.97,-0.003,-0.01009,-0.684,0.01053,0.01517,30.0
58.78,-0.00247,-0.00975,0.208,0.01006,0.02076,30.0,0.0,0.0,0.0,0.0,0.0,20.0,0.0,0.0,-0.681,0.0,0.0,199.97,-0.00204,-0.0092,-0.68,0.00942,0.01517,30.0
59.03,-0.00229,-0.00956,0.206,0.00983,0.02076,30.0,0.0,0.0,0.0,0.0,0.0,20.0,0.0,0.0,-0.683,0.0,0.0,199.97,-0.00186,-0.00901,-0.684,0.0092,0.01517,30.0
59.28,-0.00219,-0.01058,0.247,0.0108,0.02076,30.0,0.0,0.0,0.0,0.0,0.0,20.0,0.0,0.0,-0.68,0.0,0.0,199.97,-0.00177,-0.01003,-0.68,0.01019,0.01517,30.0
59.53,-0.00217,-0.01072,0.256,0.01093,0.02076,30.0,0.0,0.0,0.0,0.0,0.0,20.0,0.0,0.0,-0.699,0.0,0.0,199.97,-0.00176,-0.01017,-0.696,0.01032,0.01517,30.0
59.78,-0.00177,-0.01013,0.234,0.01029,0.02076,29.6,0.0,0.0,0.0,0.0,0.0,20.0,0.0,0.0,-0.702,0.0,0.0,201.62,-0.00135,-0.00959,-0.702,0.00969,0.01517,29.6
60.03,-0.00178,-0.01011,0.23,0.01027,0.02076,29.6,0.0,0.0,0.0,0.0,0.0,20.0,0.0,0.0,-0.718,0.0,0.0,201.62,-0.00136,-0.00957,-0.715,0.00967,0.01517,29.6
60.281,-0.0018,-0.01022,0.235,0.01038,0.02076,29.6,0.0,0.0,0.0,0.0,0.0,20.0,0.0,0.0,-0.726,0.0,0.0,201.62,-0.00138,-0.00968,-0.726,0.00978,0.01517,29.6
60.53,-0.00135,-0.0099,0.232,0.00999,0.02076,29.6,0.0,0.0,0.0,0.0,0.0,20.0,0.0,0.0,-0.733,0.0,0.0,201.62,-0.00092,-0.00937,-0.732,0.00942,0.01517,29.6
60.78,-0.00143,-0.00981,0.232,0.00991,0.02076,30.0,0.0,0.0,0.0,0.0,0.0,20.0,0.0,0.0,-0.735,0.0,0.0,200.97,-0.001,-0.00927,-0.735,0.00933,0.01517,30.0
61.03,-0.00138,-0.0097,0.229,0.00979,0.02076,30.0,0.0,0.0,0.0,0.0,0.0,20.0,0.0,0.0,-0.735,0.0,0.0,200.97,-0.00095,-0.00916,-0.737,0.00921,0.01517,30.0
61.28,-0.00094,-0.00951,0.229,0.00955,0.02076,30.0,0.0,0.0,0.0,0.0,0.0,20.0,0.0,0.0,-0.745,0.0,0.0,200.97,-0.00051,-0.00898,-0.745,0.009,0.01517,30.0
61.531,-0.00048,-0.00873,0.208,0.00875,0.02076,30.0,0.0,0.0,0.0,0.0,0.0,20.0,0.0,0.0,-0.741,0.0,0.0,200.97,-3e-05,-0.00822,-0.74,0.00822,0.01517,30.0
61.78,-0.00045,-0.00862,0.204,0.00863,0.02076,30.0,0.0,0.0,0.0,0.0,0.0,20.0,0.0,0.0,-0.745,0.0,0.0,200.97,-1e-05,-0.0081,-0.745,0.0081,0.01517,30.0
62.03,-0.00088,-0.00959,0.233,0.00963,0.02076,29.6,0.0,0.0,0.0,0.0,0.0,20.0,0.0,0.0,-0.765,0.0,0.0,198.41,-0.00044,-0.00906,-0.766,0.00907,0.01517,29.6
62.28,-0.00101,-0.00883,0.203,0.00889,0.02076,29.6,0.0,0.0,0.0,0.0,0.0,20.0,0.0,0.0,-0.771,0.0,0.0,198.41,-0.00057,-0.0083,-0.771,0.00832,0.01517,29.6
62.53,-0.00114,-0.00908,0.21,0.00915,0.02076,29.6,0.0,0.0,0.0,0.0,0.0,20.0,0.0,0.0,-0.757,0.0,0.0,198.41,-0.0007,-0.00855,-0.758,0.00858,0.01517,29.6
62.78,-0.00144,-0.00942,0.216,0.00953,0.02076,29.6,0.0,0.0,0.0,0.0,0.0,20.0,0.0,0.0,-0.758,0.0,0.0,198.41,-0.00101,-0.00888,-0.758,0.00894,0.01517,29.6
63.03,-0.00095,-0.00881,0.194,0.00886,0.02076,29.0,0.0,0.0,0.0,0.0,0.0,20.0,0.0,0.0,-0.768,0.0,0.0,200.98,-0.0005,-0.00829,-0.768,0.0083,0.01517,29.0
63.28,-0.00079,-0.00842,0.179,0.00846,0.02076,29.0,0.0,0.0,0.0,0.0,0.0,20.0,0.0,0.0,-0.781,0.0,0.0,200.98,-0.00034,-0.0079,-0.782,0.0079,0.01517,29.0
63.53,-0.00111,-0.00865,0.181,0.00872,0.02076,29.0,0.0,0.0,0.0,0.0,0.0,20.0,0.0,0.0,-0.794,0.0,0.0,200.98,-0.00066,-0.00812,-0.792,0.00815,0.01517,29.0
63.78,-0.00132,-0.009,0.197,0.00909,0.02076,29.0,0.0,0.0,0.0,0.0,0.0,20.0,0.0,0.0,-0.795,0.0,0.0,200.98,-0.00088,-0.00847,-0.794,0.00851,0.01517,29.0
64.03,-0.00181,-0.0097,0.208,0.00987,0.02076,29.0,0.0,0.0,0.0,0.0,0.0,20.0,0.0,0.0,-0.804,0.0,0.0,200.98,-0.00138,-0.00916,-0.804,0.00926,0.01517,29.0
64.28,-0.00181,-0.0097,0.208,0.00987,0.02076,30.4,0.0,0.0,0.0,0.0,0.0,20.0,0.0,0.0,-0.807,0.0,0.0,201.63,-0.00138,-0.00916,-0.806,0.00926,0.01517,30.4
64.53,-0.00173,-0.00984,0.218,0.00999,0.02076,30.4,0.0,0.0,0.0,0.0,0.0,20.0,0.0,0.0,-0.809,0.0,0.0,201.63,-0.00131,-0.0093,-0.809,0.00939,0.01517,30.4
64.78,-0.00275,-0.0105,0.222,0.01085,0.02076,30.4,0.0,0.0,0.0,0.0,0.0,20.0,0.0,0.0,-0.81,0.0,0.0,201.63,-0.00234,-0.00994,-0.81,0.01021,0.01517,30.4
65.03,-0.00266,-0.01012,0.207,0.01046,0.02076,30.4,0.0,0.0,0.0,0.0,0.0,20.0,0.0,0.0,-0.82,0.0,0.0,201.63,-0.00223,-0.00957,-0.819,0.00982,0.01517,30.4
65.28,-0.00243,-0.00922,0.17,0.00953,0.02076,30.0,0.0,0.0,0.0,0.0,0.0,20.0,0.0,0.0,-0.827,0.0,0.0,200.0,-0.002,-0.00867,-0.827,0.00889,0.01517,30.0
65.53,-0.00259,-0.00952,0.18,0.00986,0.02076,30.0,0.0,0.0,0.0,0.0,0.0,20.0,0.0,0.0,-0.836,0.0,0.0,200.0,-0.00216,-0.00896,-0.834,0.00922,0.01517,30.0
65.78,-0.00217,-0.00836,0.15,0.00864,0.02076,30.0,0.0,0.0,0.0,0.0,0.0,20.0,0.0,0.0,-0.835,0.0,0.0,200.0,-0.00171,-0.00782,-0.835,0.008,0.01517,30.0
66.03,-0.00243,-0.00851,0.151,0.00885,0.02076,30.0,0.0,0.0,0.0,0.0,0.0,20.0,0.0,0.0,-0.844,0.0,0.0,200.0,-0.00198,-0.00796,-0.844,0.0082,0.01517,30.0
66.28,-0.00198,-0.00703,0.108,0.00731,0.02076,30.0,0.0,0.0,0.0,0.0,0.0,20.0,0.0,0.0,-0.853,0.0,0.0,200.0,-0.0015,-0.00649,-0.854,0.00666,0.01517,30.0
66.53,-0.00157,-0.00636,0.088,0.00655,0.02076,29.6,0.0,0.0,0.0,0.0,0.0,20.0,0.0,0.0,-0.843,0.0,0.0,199.2,-0.00108,-0.00582,-0.84,0.00592,0.01517,29.6
66.78,-0.00094,-0.00512,0.056,0.00521,0.02581,29.6,0.0,0.0,0.0,0.0,0.0,20.0,0.0,0.0,-0.846,0.0,0.0,199.2,-0.00043,-0.0046,-0.844,0.00462,0.01517,29.6
67.03,-0.00065,-0.00455,0.037,0.00459,0.02581,29.6,0.0,0.0,0.0,0.0,0.0,20.0,0.0,0.0,-0.836,0.0,0.0,199.2,-0.00013,-0.00403,-0.838,0.00403,0.01517,29.6
67.28,-0.00049,-0.00463,0.039,0.00466,0.02581,29.6,0.0,0.0,0.0,0.0,0.0,20.0,0.0,0.0,-0.84,0.0,0.0,199.2,2e-05,-0.00412,-0.84,0.00412,0.01517,29.6
67.53,-0.00077,-0.00489,0.049,0.00495,0.02581,30.0,0.0,0.0,0.0,0.0,0.0,20.0,0.0,0.0,-0.847,0.0,0.0,200.99,-0.00026,-0.00436,-0.847,0.00437,0.01517,30.0
67.78,-0.00061,-0.00493,0.054,0.00497,0.02581,30.0,0.0,0.0,0.0,0.0,0.0,20.0,0.0,0.0,-0.841,0.0,0.0,200.99,-9e-05,-0.00441,-0.841,0.00441,0.01517,30.0
68.031,-0.00105,-0.00606,0.09,0.00615,0.02581,30.0,0.0,0.0,0.0,0.0,0.0,20.0,0.0,0.0,-0.85,0.0,0.0,200.99,-0.00056,-0.00553,-0.849,0.00556,0.01517,30.0
68.28,-0.00094,-0.00603,0.099,0.00611,0.02581,30.0,0.0,0.0,0.0,0.0,0.0,20.0,0.0,0.0,-0.858,0.0,0.0,200.99,-0.00045,-0.00551,-0.858,0.00553,0.01517,30.0
68.53,-0.00119,-0.0056,0.087,0.00572,0.02581,30.0,0.0,0.0,0.0,0.0,0.0,20.0,0.0,0.0,-0.855,0.0,0.0,199.98,-0.00069,-0.00507,-0.855,0.00512,0.01517,30.0
68.78,-0.00192,-0.00704,0.13,0.0073,0.02581,30.0,0.0,0.0,0.0,0.0,0.0,20.0,0.0,0.0,-0.85,0.0,0.0,199.98,-0.00144,-0.0065,-0.85,0.00666,0.01517,30.0
69.031,-0.00176,-0.00718,0.141,0.0074,0.02581,30.0,0.0,0.0,0.0,0.0,0.0,20.0,0.0,0.0,-0.848,0.0,0.0,199.98,-0.00128,-0.00664,-0.846,0.00677,0.01517,30.0
69.28,-0.00154,-0.00719,0.142,0.00736,0.02581,30.0,0.0,0.0,0.0,0.0,0.0,20.0,0.0,0.0,-0.858,0.0,0.0,199.98,-0.00107,-0.00666,-0.859,0.00674,0.01517,30.0
69.53,-0.00183,-0.00794,0.174,0.00815,0.02581,30.0,0.0,0.0,0.0,0.0,0.0,20.0,0.0,0.0,-0.868,0.0,0.0,199.98,-0.00137,-0.0074,-0.868,0.00753,0.01517,30.0
69.78,-0.00129,-0.00759,0.164,0.0077,0.02581,30.4,0.0,0.0,0.0,0.0,0.0,20.0,0.0,0.0,-0.876,0.0,0.0,201.62,-0.00082,-0.00706,-0.876,0.00711,0.01517,30.4
70.03,-0.00129,-0.00759,0.164,0.0077,0.02581,30.4,0.0,0.0,0.0,0.0,0.0,20.0,0.0,0.0,-0.878,0.0,0.0,201.62,-0.00082,-0.00706,-0.874,0.00711,0.01517,30.4
70.28,-0.00129,-0.00759,0.164,0.0077,0.02581,30.4,0.0,0.0,0.0,0.0,0.0,20.0,0.0,0.0,-0.887,0.0,0.0,201.62,-0.00082,-0.00706,-0.887,0.00711,0.01517,30.4
70.53,-0.00129,-0.00759,0.164,0.0077,0.02581,30.4,0.0,0.0,0.0,0.0,0.0,20.0,0.0,0.0,-0.894,0.0,0.0,201.62,-0.00082,-0.00706,-0.891,0.00711,0.01517,30.4
70.781,-0.00129,-0.00759,0.164,0.0077,0.02581,29.98,0.0,0.0,0.0,0.0,0.0,19.99,0.0,0.0,-0.88,0.0,0.0,200.89,-0.00082,-0.00706,-0.88,0.00711,0.01517,29.98
71.03,-0.00129,-0.00759,0.164,0.0077,0.02581,29.98,0.0,0.0,0.0,0.0,0.0,19.99,0.0,0.0,-0.892,0.0,0.0,200.89,-0.00082,-0.00706,-0.893,0.00711,0.01517,29.98
71.28,-0.00129,-0.00759,0.164,0.0077,0.02581,29.98,0.0,0.0,0.0,0.0,0.0,19.99,0.0,0.0,-0.902,0.0,0.0,200.89,-0.00082,-0.00706,-0.901,0.00711,0.01517,29.98
71.53,-0.00129,-0.00759,0.164,0.0077,0.02581,29.98,0.0,0.0,0.0,0.0,0.0,19.99,0.0,0.0,-0.899,0.0,0.0,200.89,-0.00082,-0.00706,-0.899,0.00711,0.01517,29.98
71.78,-0.00129,-0.00759,0.164,0.0077,0.02581,29.98,0.0,0.0,0.0,0.0,0.0,19.99,0.0,0.0,-0.894,0.0,0.0,200.89,-0.00082,-0.00706,-0.895,0.00711,0.01517,29.98
72.03,-0.00129,-0.00759,0.164,0.0077,0.02581,28.01,0.0,0.0,0.0,0.0,0.0,20.01,0.0,0.0,-0.901,0.0,0.0,198.48,-0.00082,-0.00706,-0.9,0.00711,0.01517,28.01
72.28,-0.00129,-0.00759,0.164,0.0077,0.02581,28.01,0.0,0.0,0.0,0.0,0.0,20.01,0.0,0.0,-0.895,0.0,0.0,198.48,-0.00082,-0.00706,-0.895,0.00711,0.01517,28.01
72.53,-0.00129,-0.00759,0.164,0.0077,0.02581,28.01,0.0,0.0,0.0,0.0,0.0,20.01,0.0,0.0,-0.9,0.0,0.0,198.48,-0.00082,-0.00706,-0.898,0.00711,0.01517,28.01
72.78,-0.00129,-0.00759,0.164,0.0077,0.02581,28.01,0.0,0.0,0.0,0.0,0.0,20.01,0.0,0.0,-0.906,0.0,0.0,198.48,-0.00082,-0.00706,-0.906,0.00711,0.01517,28.01
73.03,-0.00129,-0.00759,0.164,0.0077,0.02581,28.01,0.0,0.0,0.0,0.0,0.0,20.01,0.0,0.0,-0.904,0.0,0.0,198.48,-0.00082,-0.00706,-0.905,0.00711,0.01517,28.01
73.28,-0.00129,-0.00759,0.164,0.0077,0.02581,28.0,0.0,0.0,0.0,0.0,0.0,20.0,0.0,0.0,-0.919,0.0,0.0,200.81,-0.00082,-0.00706,-0.919,0.00711,0.01517,28.0
73.53,-0.00129,-0.00759,0.164,0.0077,0.02581,28.0,0.0,0.0,0.0,0.0,0.0,20.0,0.0,0.0,-0.924,0.0,0.0,200.81,-0.00082,-0.00706,-0.921,0.00711,0.01517,28.0
73.78,-0.00129,-0.00759,0.164,0.0077,0.02581,28.0,0.0,0.0,0.0,0.0,0.0,20.0,0.0,0.0,-0.925,0.0,0.0,200.81,-0.00082,-0.00706,-0.924,0.00711,0.01517,28.0
74.03,-0.00129,-0.00759,0.164,0.0077,0.02581,28.0,0.0,0.0,0.0,0.0,0.0,20.0,0.0,0.0,-0.93,0.0,0.0,200.81,-0.00082,-0.00706,-0.932,0.00711,0.01517,28.0
74.28,-0.00129,-0.00759,0.164,0.0077,0.02581,30.0,0.0,0.0,0.0,0.0,0.0,20.0,0.0,0.0,-0.938,0.0,0.0,201.0,-0.00082,-0.00706,-0.938,0.00711,0.01517,30.0
74.53,-0.00129,-0.00787,0.177,0.00798,0.02581,30.0,0.0,0.0,0.0,0.0,0.0,20.0,0.0,0.0,-0.937,0.0,0.0,201.0,-0.00083,-0.00734,-0.935,0.00739,0.01517,30.0
74.78,-0.00073,-0.00794,0.193,0.00798,0.02581,30.0,0.0,0.0,0.0,0.0,0.0,20.0,0.0,0.0,-0.932,0.0,0.0,201.0,-0.00027,-0.00743,-0.932,0.00743,0.01517,30.0
75.03,-0.00186,-0.0093,0.218,0.00948,0.02581,30.0,0.0,0.0,0.0,0.0,0.0,20.0,0.0,0.0,-0.947,0.0,0.0,201.0,-0.00143,-0.00876,-0.95,0.00887,0.01517,30.0
75.28,-0.00186,-0.0093,0.218,0.00948,0.02581,28.0,0.0,0.0,0.0,0.0,0.0,20.0,0.0,0.0,-0.949,0.0,0.0,199.99,-0.00143,-0.00876,-0.949,0.00887,0.01517,28.0
75.53,-0.00186,-0.0093,0.218,0.00948,0.02581,28.0,0.0,0.0,0.0,0.0,0.0,20.0,0.0,0.0,-0.957,0.0,0.0,199.99,-0.00143,-0.00876,-0.957,0.00887,0.01517,28.0
75.78,-0.00186,-0.0093,0.218,0.00948,0.02581,28.0,0.0,0.0,0.0,0.0,0.0,20.0,0.0,0.0,-0.974,0.0,0.0,199.99,-0.00143,-0.00876,-0.974,0.00887,0.01517,28.0
76.03,-0.00186,-0.0093,0.218,0.00948,0.02581,28.0,0.0,0.0,0.0,0.0,0.0,20.0,0.0,0.0,-0.976,0.0,0.0,199.99,-0.00143,-0.00876,-0.977,0.00887,0.01517,28.0
76.28,-0.00186,-0.0093,0.218,0.00948,0.02581,30.0,0.0,0.0,0.0,0.0,0.0,20.0,0.0,0.0,-0.985,0.0,0.0,200.97,-0.00143,-0.00876,-0.985,0.00887,0.01517,30.0
76.53,-0.00186,-0.0093,0.218,0.00948,0.02581,30.0,0.0,0.0,0.0,0.0,0.0,20.0,0.0,0.0,-0.992,0.0,0.0,200.97,-0.00143,-0.00876,-0.99,0.00887,0.01517,30.0
76.781,-0.00186,-0.0093,0.218,0.00948,0.02581,30.0,0.0,0.0,0.0,0.0,0.0,20.0,0.0,0.0,-1.009,0.0,0.0,200.97,-0.00143,-0.00876,-1.008,0.00887,0.01517,30.0
77.03,-0.00186,-0.0093,0.218,0.00948,0.02581,30.0,0.0,0.0,0.0,0.0,0.0,20.0,0.0,0.0,-1.013,0.0,0.0,200.97,-0.00143,-0.00876,-1.012,0.00887,0.01517,30.0
77.28,-0.00186,-0.0093,0.218,0.00948,0.02581,30.0,0.0,0.0,0.0,0.0,0.0,20.0,0.0,0.0,-1.027,0.0,0.0,200.97,-0.00143,-0.00876,-1.028,0.00887,0.01517,30.0
77.53,-0.00186,-0.0093,0.218,0.00948,0.02581,29.6,0.0,0.0,0.0,0.0,0.0,20.0,0.0,0.0,-1.038,0.0,0.0,198.42,-0.00143,-0.00876,-1.038,0.00887,0.01517,29.6
77.78,-0.00186,-0.0093,0.218,0.00948,0.02581,29.6,0.0,0.0,0.0,0.0,0.0,20.0,0.0,0.0,-1.021,0.0,0.0,198.42,-0.00143,-0.00876,-1.021,0.00887,0.01517,29.6
78.03,-0.00186,-0.0093,0.218,0.00948,0.02581,29.6,0.0,0.0,0.0,0.0,0.0,20.0,0.0,0.0,-1.012,0.0,0.0,198.42,-0.00143,-0.00876,-1.012,0.00887,0.01517,29.6
78.28,-0.00186,-0.0093,0.218,0.00948,0.02581,29.6,0.0,0.0,0.0,0.0,0.0,20.0,0.0,0.0,-1.022,0.0,0.0,198.42,-0.00143,-0.00876,-1.022,0.00887,0.01517,29.6
78.531,-0.00186,-0.0093,0.218,0.00948,0.02581,29.99,0.0,0.0,0.0,0.0,0.0,17.99,0.0,0.0,-1.02,0.0,0.0,200.94,-0.00143,-0.00876,-1.023,0.00887,0.01517,29.99
78.781,-0.00186,-0.0093,0.218,0.00948,0.02581,29.99,0.0,0.0,0.0,0.0,0.0,17.99,0.0,0.0,-1.038,0.0,0.0,200.94,-0.00143,-0.00876,-1.039,0.00887,0.01517,29.99
79.03,-0.00186,-0.0093,0.218,0.00948,0.02581,29.99,0.0,0.0,0.0,0.0,0.0,17.99,0.0,0.0,-1.033,0.0,0.0,200.94,-0.00143,-0.00876,-1.035,0.00887,0.01517,29.99
79.28,-0.00186,-0.0093,0.218,0.00948,0.02581,29.99,0.0,0.0,0.0,0.0,0.0,17.99,0.0,0.0,-1.032,0.0,0.0,200.94,-0.00143,-0.00876,-1.032,0.00887,0.01517,29.99
79.53,-0.00194,-0.00929,0.218,0.00949,0.02581,29.99,0.0,0.0,0.0,0.0,0.0,17.99,0.0,0.0,-1.033,0.0,0.0,200.94,-0.0015,-0.00875,-1.032,0.00888,0.01517,29.99
79.78,-0.00237,-0.0097,0.227,0.00998,0.02581,30.41,0.0,0.0,0.0,0.0,0.0,21.61,0.0,0.0,-1.032,0.0,0.0,201.66,-0.00194,-0.00915,-1.032,0.00935,0.01517,30.41
80.03,-0.00224,-0.00961,0.225,0.00987,0.02581,30.41,0.0,0.0,0.0,0.0,0.0,21.61,0.0,0.0,-1.018,0.0,0.0,201.66,-0.00181,-0.00906,-1.019,0.00924,0.01517,30.41
80.28,-0.00217,-0.01018,0.253,0.0104,0.02581,30.41,0.0,0.0,0.0,0.0,0.0,21.61,0.0,0.0,-1.015,0.0,0.0,201.66,-0.00175,-0.00963,-1.015,0.00978,0.01517,30.41
80.53,-0.00225,-0.01047,0.265,0.01071,0.02581,30.41,0.0,0.0,0.0,0.0,0.0,21.61,0.0,0.0,-1.027,0.0,0.0,201.66,-0.00184,-0.00992,-1.025,0.01009,0.01517,30.41
80.78,-0.00208,-0.0101,0.259,0.01032,0.02581,29.0,0.0,0.0,0.0,0.0,0.0,20.0,0.0,0.0,-1.026,0.0,0.0,199.99,-0.00166,-0.00956,-1.026,0.0097,0.01517,29.0
81.03,-0.00214,-0.00991,0.254,0.01014,0.02581,29.0,0.0,0.0,0.0,0.0,0.0,20.0,0.0,0.0,-1.043,0.0,0.0,199.99,-0.00172,-0.00936,-1.037,0.00952,0.01517,29.0
81.281,-0.00262,-0.00978,0.246,0.01012,0.02581,29.0,0.0,0.0,0.0,0.0,0.0,20.0,0.0,0.0,-1.063,0.0,0.0,199.99,-0.0022,-0.00922,-1.062,0.00947,0.01517,29.0
81.53,-0.00323,-0.00941,0.232,0.00995,0.02581,29.0,0.0,0.0,0.0,0.0,0.0,20.0,0.0,0.0,-1.042,0.0,0.0,199.99,-0.0028,-0.00884,-1.045,0.00927,0.01517,29.0
81.78,-0.00343,-0.00944,0.225,0.01004,0.02581,29.99,0.0,0.0,0.0,0.0,0.0,19.99,0.0,0.0,-1.059,0.0,0.0,200.95,-0.00299,-0.00886,-1.059,0.00935,0.01517,29.99
82.03,-0.00321,-0.00891,0.205,0.00947,0.02581,29.99,0.0,0.0,0.0,0.0,0.0,19.99,0.0,0.0,-1.063,0.0,0.0,200.95,-0.00277,-0.00834,-1.065,0.00879,0.01517,29.99
82.28,-0.0037,-0.0089,0.196,0.00964,0.02581,29.99,0.0,0.0,0.0,0.0,0.0,19.99,0.0,0.0,-1.066,0.0,0.0,200.95,-0.00326,-0.00832,-1.065,0.00893,0.01517,29.99
82.53,-0.00316,-0.00809,0.174,0.00869,0.02581,29.99,0.0,0.0,0.0,0.0,0.0,19.99,0.0,0.0,-1.066,0.0,0.0,200.95,-0.0027,-0.00752,-1.067,0.00799,0.01517,29.99
82.78,-0.0023,-0.00743,0.151,0.00778,0.02581,29.99,0.0,0.0,0.0,0.0,0.0,19.99,0.0,0.0,-1.069,0.0,0.0,200.95,-0.00182,-0.00688,-1.068,0.00712,0.01517,29.99
83.031,-0.00212,-0.00866,0.194,0.00892,0.02581,29.59,0.0,0.0,0.0,0.0,0.0,19.99,0.0,0.0,-1.065,0.0,0.0,199.12,-0.00167,-0.00811,-1.066,0.00828,0.01517,29.59
83.28,-0.00181,-0.00896,0.21,0.00914,0.02581,29.59,0.0,0.0,0.0,0.0,0.0,19.99,0.0,0.0,-1.069,0.0,0.0,199.12,-0.00137,-0.00842,-1.072,0.00853,0.01517,29.59
83.531,-0.00122,-0.00913,0.218,0.00921,0.02581,29.59,0.0,0.0,0.0,0.0,0.0,19.99,0.0,0.0,-1.079,0.0,0.0,199.12,-0.00079,-0.0086,-1.083,0.00863,0.01517,29.59
83.78,-0.00084,-0.00993,0.246,0.00997,0.02581,29.59,0.0,0.0,0.0,0.0,0.0,19.99,0.0,0.0,-1.071,0.0,0.0,199.12,-0.00042,-0.00941,-1.071,0.00942,0.01517,29.59
84.03,-0.00038,-0.01025,0.263,0.01025,0.02581,29.59,0.0,0.0,0.0,0.0,0.0,19.99,0.0,0.0,-1.074,0.0,0.0,199.12,4e-05,-0.00974,-1.073,0.00974,0.01517,29.59
84.28,-0.00087,-0.0112,0.291,0.01123,0.03092,30.42,0.0,0.0,0.0,0.0,0.0,20.01,0.0,0.0,-1.075,0.0,0.0,200.92,-0.00048,-0.01068,-1.075,0.01069,0.0204,30.42
84.53,-0.0007,-0.01104,0.292,0.01107,0.03092,30.42,0.0,0.0,0.0,0.0,0.0,20.01,0.0,0.0,-1.061,0.0,0.0,200.92,-0.00031,-0.01053,-1.062,0.01053,0.0204,30.42
84.78,9e-05,-0.01103,0.299,0.01103,0.03092,30.42,0.0,0.0,0.0,0.0,0.0,20.01,0.0,0.0,-1.058,0.0,0.0,200.92,0.00048,-0.01053,-1.058,0.01055,0.0204,30.42
85.03,0.00023,-0.01136,0.313,0.01136,0.03092,30.42,0.0,0.0,0.0,0.0,0.0,20.01,0.0,0.0,-1.064,0.0,0.0,200.92,0.00061,-0.01086,-1.062,0.01088,0.0204,30.42
85.28,0.00033,-0.0115,0.321,0.0115,0.03092,30.42,0.0,0.0,0.0,0.0,0.0,20.01,0.0,0.0,-1.055,0.0,0.0,200.92,0.00071,-0.011,-1.055,0.01102,0.0204,30.42
85.531,0.00106,-0.01112,0.315,0.01117,0.03092,29.58,0.0,0.0,0.0,0.0,0.0,19.99,0.0,0.0,-1.039,0.0,0.0,199.87,0.00146,-0.01064,-1.039,0.01074,0.0204,29.58
85.78,0.0017,-0.0115,0.334,0.01162,0.03092,29.58,0.0,0.0,0.0,0.0,0.0,19.99,0.0,0.0,-1.045,0.0,0.0,199.87,0.00208,-0.01104,-1.046,0.01123,0.0204,29.58
86.031,0.0021,-0.01105,0.321,0.01125,0.03092,29.58,0.0,0.0,0.0,0.0,0.0,19.99,0.0,0.0,-1.053,0.0,0.0,199.87,0.00249,-0.0106,-1.053,0.01089,0.0204,29.58
86.28,0.00284,-0.01049,0.308,0.01087,0.03092,29.58,0.0,0.0,0.0,0.0,0.0,19.99,0.0,0.0,-1.038,0.0,0.0,199.87,0.00325,-0.01006,-1.038,0.01057,0.0204,29.58
86.53,0.00253,-0.01097,0.325,0.01125,0.03092,29.58,0.0,0.0,0.0,0.0,0.0,19.99,0.0,0.0,-1.042,0.0,0.0,199.87,0.00293,-0.01052,-1.042,0.01092,0.0204,29.58
86.78,0.00324,-0.0106,0.327,0.01108,0.03092,30.42,0.0,0.0,0.0,0.0,0.0,20.01,0.0,0.0,-1.042,0.0,0.0,201.71,0.00364,-0.01017,-1.041,0.01081,0.0204,30.42
87.03,0.0036,-0.01104,0.358,0.01161,0.03092,30.42,0.0,0.0,0.0,0.0,0.0,20.01,0.0,0.0,-1.051,0.0,0.0,201.71,0.00399,-0.01062,-1.048,0.01135,0.0204,30.42
87.28,0.0036,-0.01104,0.358,0.01161,0.03092,30.42,0.0,0.0,0.0,0.0,0.0,20.01,0.0,0.0,-1.069,0.0,0.0,201.71,0.00399,-0.01062,-1.067,0.01135,0.0204,30.42
87.53,0.00401,-0.01088,0.362,0.01159,0.03092,30.42,0.0,0.0,0.0,0.0,0.0,20.01,0.0,0.0,-1.075,0.0,0.0,201.71,0.0044,-0.01047,-1.075,0.01136,0.0204,30.42
87.78,0.00396,-0.01094,0.368,0.01164,0.03092,30.42,0.0,0.0,0.0,0.0,0.0,20.01,0.0,0.0,-1.089,0.0,0.0,201.71,0.00436,-0.01053,-1.089,0.0114,0.0204,30.42
88.03,0.00399,-0.01142,0.385,0.01209,0.03092,28.8,0.0,0.0,0.0,0.0,0.0,20.0,0.0,0.0,-1.098,0.0,0.0,198.39,0.00437,-0.01101,-1.095,0.01185,0.0204,28.8
88.28,0.00377,-0.01159,0.39,0.01219,0.03092,28.8,0.0,0.0,0.0,0.0,0.0,20.0,0.0,0.0,-1.113,0.0,0.0,198.39,0.00414,-0.01118,-1.112,0.01193,0.0204,28.8
88.53,0.00377,-0.01159,0.39,0.01219,0.03092,28.8,0.0,0.0,0.0,0.0,0.0,20.0,0.0,0.0,-1.108,0.0,0.0,198.39,0.00414,-0.01118,-1.11,0.01193,0.0204,28.8
88.78,0.00378,-0.0122,0.416,0.01277,0.03092,28.8,0.0,0.0,0.0,0.0,0.0,20.0,0.0,0.0,-1.111,0.0,0.0,198.39,0.00414,-0.01178,-1.111,0.01249,0.0204,28.8
89.03,0.00359,-0.0127,0.435,0.0132,0.03092,28.8,0.0,0.0,0.0,0.0,0.0,20.0,0.0,0.0,-1.105,0.0,0.0,198.39,0.00394,-0.01228,-1.105,0.0129,0.0204,28.8
89.281,0.00347,-0.01286,0.441,0.01332,0.03092,30.39,0.0,0.0,0.0,0.0,0.0,20.0,0.0,0.0,-1.114,0.0,0.0,202.36,0.00381,-0.01244,-1.114,0.01301,0.0204,30.39
89.53,0.0033,-0.01267,0.435,0.01309,0.03092,30.39,0.0,0.0,0.0,0.0,0.0,20.0,0.0,0.0,-1.119,0.0,0.0,202.36,0.00365,-0.01225,-1.122,0.01278,0.0204,30.39
89.78,0.00343,-0.01264,0.435,0.01309,0.03092,30.39,0.0,0.0,0.0,0.0,0.0,20.0,0.0,0.0,-1.128,0.0,0.0,202.36,0.00378,-0.01221,-1.128,0.01279,0.0204,30.39
90.03,0.00346,-0.01271,0.442,0.01318,0.03092,30.39,0.0,0.0,0.0,0.0,0.0,20.0,0.0,0.0,-1.13,0.0,0.0,202.36,0.00381,-0.01229,-1.128,0.01287,0.0204,30.39
90.28,0.00337,-0.01258,0.438,0.01303,0.03092,30.39,0.0,0.0,0.0,0.0,0.0,20.0,0.0,0.0,-1.124,0.0,0.0,202.36,0.00372,-0.01216,-1.123,0.01272,0.0204,30.39
90.53,0.00337,-0.01258,0.438,0.01303,0.03092,28.01,0.0,0.0,0.0,0.0,0.0,20.01,0.0,0.0,-1.122,0.0,0.0,198.46,0.00372,-0.01216,-1.123,0.01272,0.0204,28.01
90.78,0.00337,-0.01258,0.438,0.01303,0.03092,28.01,0.0,0.0,0.0,0.0,0.0,20.01,0.0,0.0,-1.131,0.0,0.0,198.46,0.00372,-0.01216,-1.131,0.01272,0.0204,28.01
91.03,0.00337,-0.01258,0.438,0.01303,0.03092,28.01,0.0,0.0,0.0,0.0,0.0,20.01,0.0,0.0,-1.13,0.0,0.0,198.46,0.00372,-0.01216,-1.13,0.01272,0.0204,28.01
91.28,0.00337,-0.01258,0.438,0.01303,0.03092,28.01,0.0,0.0,0.0,0.0,0.0,20.01,0.0,0.0,-1.13,0.0,0.0,198.46,0.00372,-0.01216,-1.13,0.01272,0.0204,28.01
91.53,0.00337,-0.01258,0.438,0.01303,0.03092,28.01,0.0,0.0,0.0,0.0,0.0,20.01,0.0,0.0,-1.128,0.0,0.0,198.46,0.00372,-0.01216,-1.128,0.01272,0.0204,28.01
91.781,0.00337,-0.01258,0.438,0.01303,0.03092,30.39,0.0,0.0,0.0,0.0,0.0,19.99,0.0,0.0,-1.139,0.0,0.0,202.34,0.00372,-0.01216,-1.138,0.01272,0.0204,30.39
92.03,0.00337,-0.01258,0.438,0.01303,0.03092,30.39,0.0,0.0,0.0,0.0,0.0,19.99,0.0,0.0,-1.152,0.0,0.0,202.34,0.00372,-0.01216,-1.152,0.01272,0.0204,30.39
92.28,0.00337,-0.01258,0.438,0.01303,0.03092,30.39,0.0,0.0,0.0,0.0,0.0,19.99,0.0,0.0,-1.157,0.0,0.0,202.34,0.00372,-0.01216,-1.158,0.01272,0.0204,30.39
92.53,0.00337,-0.01258,0.438,0.01303,0.03092,30.39,0.0,0.0,0.0,0.0,0.0,19.99,0.0,0.0,-1.167,0.0,0.0,202.34,0.00372,-0.01216,-1.165,0.01272,0.0204,30.39
92.78,0.00337,-0.01258,0.438,0.01303,0.03092,30.39,0.0,0.0,0.0,0.0,0.0,19.99,0.0,0.0,-1.17,0.0,0.0,202.34,0.00372,-0.01216,-1.17,0.01272,0.0204,30.39
93.03,0.00337,-0.01258,0.438,0.01303,0.03092,29.61,0.0,0.0,0.0,0.0,0.0,20.01,0.0,0.0,-1.175,0.0,0.0,198.46,0.00372,-0.01216,-1.176,0.01272,0.0204,29.61
93.28,0.00337,-0.01258,0.438,0.01303,0.03092,29.61,0.0,0.0,0.0,0.0,0.0,20.01,0.0,0.0,-1.174,0.0,0.0,198.46,0.00372,-0.01216,-1.174,0.01272,0.0204,29.61
93.531,0.00337,-0.01258,0.438,0.01303,0.03092,29.61,0.0,0.0,0.0,0.0,0.0,20.01,0.0,0.0,-1.19,0.0,0.0,198.46,0.00372,-0.01216,-1.188,0.01272,0.0204,29.61
93.78,0.00337,-0.01258,0.438,0.01303,0.03092,29.61,0.0,0.0,0.0,0.0,0.0,20.01,0.0,0.0,-1.197,0.0,0.0,198.46,0.00372,-0.01216,-1.198,0.01272,0.0204,29.61
94.031,0.00337,-0.01258,0.438,0.01303,0.03092,29.99,0.0,0.0,0.0,0.0,0.0,19.99,0.0,0.0,-1.191,0.0,0.0,200.94,0.00372,-0.01216,-1.195,0.01272,0.0204,29.99
94.28,0.00337,-0.01258,0.438,0.01303,0.03092,29.99,0.0,0.0,0.0,0.0,0.0,19.99,0.0,0.0,-1.197,0.0,0.0,200.94,0.00372,-0.01216,-1.197,0.01272,0.0204,29.99
94.53,0.00337,-0.01258,0.438,0.01303,0.03092,29.99,0.0,0.0,0.0,0.0,0.0,19.99,0.0,0.0,-1.182,0.0,0.0,200.94,0.00372,-0.01216,-1.184,0.01272,0.0204,29.99
94.78,0.00337,-0.01258,0.438,0.01303,0.03092,29.99,0.0,0.0,0.0,0.0,0.0,19.99,0.0,0.0,-1.185,0.0,0.0,200.94,0.00372,-0.01216,-1.185,0.01272,0.0204,29.99
95.03,0.00337,-0.01258,0.438,0.01303,0.03092,29.99,0.0,0.0,0.0,0.0,0.0,19.99,0.0,0.0,-1.192,0.0,0.0,200.94,0.00372,-0.01216,-1.192,0.01272,0.0204,29.99
95.28,0.00337,-0.01258,0.438,0.01303,0.03092,30.41,0.0,0.0,0.0,0.0,0.0,20.01,0.0,0.0,-1.185,0.0,0.0,201.66,0.00372,-0.01216,-1.185,0.01272,0.0204,30.41
95.53,0.00337,-0.01258,0.438,0.01303,0.03092,30.41,0.0,0.0,0.0,0.0,0.0,20.01,0.0,0.0,-1.185,0.0,0.0,201.66,0.00372,-0.01216,-1.184,0.01272,0.0204,30.41
95.78,0.00337,-0.01258,0.438,0.01303,0.03092,30.41,0.0,0.0,0.0,0.0,0.0,20.01,0.0,0.0,-1.175,0.0,0.0,201.66,0.00372,-0.01216,-1.175,0.01272,0.0204,30.41
96.03,0.00337,-0.01258,0.438,0.01303,0.03092,30.41,0.0,0.0,0.0,0.0,0.0,20.01,0.0,0.0,-1.181,0.0,0.0,201.66,0.00372,-0.01216,-1.18,0.01272,0.0204,30.41
96.28,0.00337,-0.01258,0.438,0.01303,0.03092,30.0,0.0,0.0,0.0,0.0,0.0,20.0,0.0,0.0,-1.165,0.0,0.0,200.0,0.00372,-0.01216,-1.166,0.01272,0.0204,30.0
96.53,0.00337,-0.01258,0.438,0.01303,0.03092,30.0,0.0,0.0,0.0,0.0,0.0,20.0,0.0,0.0,-1.174,0.0,0.0,200.0,0.00372,-0.01216,-1.172,0.01272,0.0204,30.0
96.781,0.00337,-0.01258,0.438,0.01303,0.03092,30.0,0.0,0.0,0.0,0.0,0.0,20.0,0.0,0.0,-1.175,0.0,0.0,200.0,0.00372,-0.01216,-1.176,0.01272,0.0204,30.0
97.03,0.00337,-0.01258,0.438,0.01303,0.03092,30.0,0.0,0.0,0.0,0.0,0.0,20.0,0.0,0.0,-1.173,0.0,0.0,200.0,0.00372,-0.01216,-1.175,0.01272,0.0204,30.0
97.28,0.00337,-0.01258,0.438,0.01303,0.03092,30.0,0.0,0.0,0.0,0.0,0.0,20.0,0.0,0.0,-1.184,0.0,0.0,200.97,0.00372,-0.01216,-1.184,0.01272,0.0204,30.0
97.53,0.00337,-0.01258,0.438,0.01303,0.03092,30.0,0.0,0.0,0.0,0.0,0.0,20.0,0.0,0.0,-1.187,0.0,0.0,200.97,0.00372,-0.01216,-1.187,0.01272,0.0204,30.0
97.78,0.00337,-0.01258,0.438,0.01303,0.03092,30.0,0.0,0.0,0.0,0.0,0.0,20.0,0.0,0.0,-1.19,0.0,0.0,200.97,0.00372,-0.01216,-1.19,0.01272,0.0204,30.0
98.03,0.00337,-0.01258,0.438,0.01303,0.03092,30.0,0.0,0.0,0.0,0.0,0.0,20.0,0.0,0.0,-1.191,0.0,0.0,200.97,0.00372,-0.01216,-1.193,0.01272,0.0204,30.0
98.28,0.00337,-0.01258,0.438,0.01303,0.03092,30.0,0.0,0.0,0.0,0.0,0.0,20.0,0.0,0.0,-1.189,0.0,0.0,200.97,0.00372,-0.01216,-1.187,0.01272,0.0204,30.0
98.53,0.00337,-0.01258,0.438,0.01303,0.03092,29.6,0.0,0.0,0.0,0.0,0.0,20.0,0.0,0.0,-1.195,0.0,0.0,198.39,0.00372,-0.01216,-1.194,0.01272,0.0204,29.6
98.78,0.00337,-0.01258,0.438,0.01303,0.03092,29.6,0.0,0.0,0.0,0.0,0.0,20.0,0.0,0.0,-1.195,0.0,0.0,198.39,0.00372,-0.01216,-1.196,0.01272,0.0204,29.6
99.031,0.00337,-0.01258,0.438,0.01303,0.03092,29.6,0.0,0.0,0.0,0.0,0.0,20.0,0.0,0.0,-1.204,0.0,0.0,198.39,0.00372,-0.01216,-1.202,0.01272,0.0204,29.6
99.28,0.00337,-0.01258,0.438,0.01303,0.03092,29.6,0.0,0.0,0.0,0.0,0.0,20.0,0.0,0.0,-1.2,0.0,0.0,198.39,0.00372,-0.01216,-1.2,0.01272,0.0204,29.6
99.53,0.00337,-0.01258,0.438,0.01303,0.03092,29.6,0.0,0.0,0.0,0.0,0.0,20.0,0.0,0.0,-1.204,0.0,0.0,198.39,0.00372,-0.01216,-1.205,0.01272,0.0204,29.6
99.781,0.00337,-0.01258,0.438,0.01303,0.03092,30.39,0.0,0.0,0.0,0.0,0.0,19.99,0.0,0.0,-1.229,0.0,0.0,202.33,0.00372,-0.01216,-1.23,0.01272,0.0204,30.39
100.03,0.00337,-0.01258,0.438,0.01303,0.03092,30.39,0.0,0.0,0.0,0.0,0.0,19.99,0.0,0.0,-1.237,0.0,0.0,202.33,0.00372,-0.01216,-1.233,0.01272,0.0204,30.39
100.28,0.00337,-0.01258,0.438,0.01303,0.03092,30.39,0.0,0.0,0.0,0.0,0.0,19.99,0.0,0.0,-1.243,0.0,0.0,202.33,0.00372,-0.01216,-1.242,0.01272,0.0204,30.39
100.53,0.00337,-0.01258,0.438,0.01303,0.03092,30.39,0.0,0.0,0.0,0.0,0.0,19.99,0.0,0.0,-1.236,0.0,0.0,202.33,0.00372,-0.01216,-1.238,0.01272,0.0204,30.39
100.78,0.00396,-0.01284,0.451,0.01344,0.03092,30.39,0.00016,-0.0,-0.054,0.00016,0.0,19.99,0.0,0.0,-1.237,0.0,0.0,202.33,0.0043,-0.01243,-1.236,0.01316,0.0204,30.39
101.03,0.00428,-0.01326,0.44,0.01393,0.03609,28.81,0.0008,-0.0,-0.021,0.0008,0.0,20.01,0.0,0.0,-1.251,0.0,0.0,198.49,0.00461,-0.01287,-1.244,0.01367,0.02557,28.81
101.28,0.00687,-0.01308,0.415,0.01478,0.03609,28.81,0.0028,-0.0,-0.005,0.0028,0.0,20.01,0.0,0.0,-1.278,0.0,0.0,198.49,0.0072,-0.01276,-1.277,0.01466,0.02557,28.81
101.53,0.00839,-0.01324,0.412,0.01568,0.03609,28.81,0.00458,-0.0,-0.004,0.00458,0.0,20.01,0.0,0.0,-1.273,0.0,0.0,198.49,0.00872,-0.01297,-1.272,0.01563,0.02557,28.81
101.78,0.01215,-0.01417,0.464,0.01867,0.04148,28.81,0.00961,0.0,0.11,0.00961,0.00545,20.01,0.0,0.0,-1.237,0.0,0.0,198.49,0.01245,-0.01401,-1.237,0.01874,0.03096,28.81
102.03,0.01966,-0.01427,0.49,0.02429,0.05189,30.0,0.01785,3e-05,0.153,0.01785,0.01639,20.0,0.0,0.0,-1.19,0.0,0.0,200.97,0.01995,-0.01432,-1.193,0.02456,0.04137,30.0
102.281,0.03224,-0.01405,0.53,0.03517,0.06449,30.0,0.02843,7e-05,0.281,0.02843,0.02828,20.0,0.0,0.0,-1.148,0.0,0.0,200.97,0.03253,-0.01447,-1.147,0.03561,0.05397,30.0
102.53,0.04437,-0.01369,0.442,0.04643,0.0749,30.0,0.0409,0.00011,0.105,0.0409,0.04078,20.0,0.0,0.0,-1.235,0.0,0.0,200.97,0.04467,-0.01448,-1.239,0.04696,0.06438,30.0
102.78,0.05841,-0.01351,0.356,0.05995,0.08603,30.0,0.05332,0.00015,0.182,0.05332,0.05128,20.0,0.0,0.0,-1.333,0.0,0.0,200.97,0.05871,-0.01471,-1.331,0.06052,0.07551,30.0
103.03,0.06756,-0.01306,0.277,0.06881,0.09742,30.0,0.0625,0.00018,0.164,0.0625,0.0625,20.0,0.0,0.0,-1.379,0.0,0.0,200.97,0.06787,-0.01453,-1.39,0.06941,0.0869,30.0
103.28,0.07798,-0.01313,0.203,0.07908,0.10885,30.41,0.07223,0.0002,0.056,0.07223,0.06826,20.0,0.0,0.0,-1.478,0.0,0.0,201.64,0.07828,-0.0149,-1.474,0.07969,0.09833,30.41
103.53,0.08609,-0.01323,0.134,0.0871,0.11491,30.41,0.08086,0.00021,0.038,0.08086,0.07929,20.0,0.0,0.0,-1.564,0.0,0.0,201.64,0.08639,-0.01524,-1.571,0.08772,0.10439,30.41
103.78,0.09403,-0.0132,0.07,0.09495,0.12635,30.41,0.08764,0.00021,0.022,0.08764,0.0864,20.0,0.0,0.0,-1.61,0.0,0.0,201.64,0.09433,-0.01544,-1.608,0.09558,0.11583,30.41
104.03,0.10099,-0.01362,0.043,0.1019,0.13232,30.41,0.0952,0.00021,0.024,0.0952,0.09358,20.0,0.0,0.0,-1.659,0.0,0.0,201.64,0.10127,-0.01607,-1.663,0.10254,0.1218,30.41
104.28,0.10653,-0.01399,0.041,0.10744,0.13742,30.0,0.10019,0.00021,0.05,0.10019,0.09916,20.0,0.0,0.0,-1.665,0.0,0.0,199.99,0.10679,-0.01661,-1.661,0.10808,0.1269,30.0
104.53,0.11068,-0.01335,-0.017,0.11148,0.14267,30.0,0.10362,0.00021,-0.074,0.10362,0.09916,20.0,0.0,0.0,-1.739,0.0,0.0,199.99,0.11096,-0.0161,-1.735,0.11212,0.13215,30.0
104.78,0.11305,-0.01422,-0.039,0.11394,0.14267,30.0,0.10693,0.00021,-0.025,0.10693,0.10447,20.0,0.0,0.0,-1.773,0.0,0.0,199.99,0.11331,-0.01704,-1.769,0.11458,0.13215,30.0
105.03,0.12017,-0.01503,-0.075,0.12111,0.14805,30.0,0.11515,0.00021,0.014,0.11515,0.11026,20.0,0.0,0.0,-1.869,0.0,0.0,199.99,0.1204,-0.01807,-1.856,0.12175,0.13753,30.0
105.28,0.12821,-0.01438,-0.239,0.12901,0.15971,30.0,0.12244,0.00021,-0.037,0.12244,0.11843,20.0,0.0,0.0,-1.993,0.0,0.0,199.99,0.12845,-0.01767,-1.99,0.12966,0.14919,30.0
105.53,0.13448,-0.01494,-0.277,0.13531,0.16509,29.6,0.13043,0.0002,-0.056,0.13043,0.13037,20.0,0.0,0.0,-2.073,0.0,0.0,199.18,0.13471,-0.01843,-2.076,0.13596,0.15457,29.6
105.78,0.14258,-0.01543,-0.331,0.14341,0.1712,29.6,0.13755,0.0002,-0.039,0.13755,0.13619,20.0,0.0,0.0,-2.121,0.0,0.0,199.18,0.14279,-0.01917,-2.12,0.14407,0.16068,29.6
106.03,0.14964,-0.0152,-0.376,0.15041,0.18227,29.6,0.14349,0.00019,-0.13,0.14349,0.14226,20.0,0.0,0.0,-2.204,0.0,0.0,199.18,0.14985,-0.01916,-2.195,0.15107,0.17175,29.6
106.28,0.15726,-0.01534,-0.417,0.15801,0.18787,29.6,0.1512,0.00017,-0.132,0.1512,0.14809,20.0,0.0,0.0,-2.227,0.0,0.0,199.18,0.15746,-0.01955,-2.225,0.15867,0.17735,29.6
106.53,0.16543,-0.01517,-0.472,0.16613,0.19314,29.6,0.1598,0.00015,-0.112,0.1598,0.1598,20.0,0.0,0.0,-2.255,0.0,0.0,199.18,0.16564,-0.01963,-2.247,0.16679,0.18262,29.6
106.78,0.17607,-0.01593,-0.484,0.17679,0.2047,29.6,0.16965,0.00013,-0.112,0.16965,0.16766,20.0,0.0,0.0,-2.335,0.0,0.0,200.02,0.17625,-0.02072,-2.333,0.17746,0.19418,29.6
107.031,0.18601,-0.01595,-0.539,0.18669,0.21598,29.6,0.17973,0.00011,-0.129,0.17973,0.17973,20.0,0.0,0.0,-2.379,0.0,0.0,200.02,0.18617,-0.02107,-2.377,0.18736,0.20546,29.6
107.28,0.19676,-0.01626,-0.584,0.19743,0.22671,29.6,0.18996,9e-05,-0.11,0.18996,0.18574,20.0,0.0,0.0,-2.436,0.0,0.0,200.02,0.19691,-0.02172,-2.439,0.19811,0.2162,29.6
107.53,0.20719,-0.01607,-0.636,0.20781,0.23836,29.6,0.20091,9e-05,0.091,0.20091,0.19884,20.0,0.0,0.0,-2.457,0.0,0.0,200.02,0.20734,-0.02186,-2.458,0.20849,0.22784,29.6
107.78,0.21885,-0.01634,-0.639,0.21945,0.25006,30.0,0.21145,0.00012,0.216,0.21145,0.21145,20.0,0.0,0.0,-2.471,0.0,0.0,200.98,0.21898,-0.02251,-2.473,0.22014,0.23955,30.0
108.03,0.2291,-0.01664,-0.636,0.22971,0.26181,30.0,0.2223,0.00016,0.235,0.2223,0.21817,20.0,0.0,0.0,-2.485,0.0,0.0,200.98,0.22923,-0.02314,-2.468,0.23039,0.2513,30.0
108.28,0.23926,-0.01649,-0.699,0.23983,0.26702,30.0,0.23195,0.0002,0.182,0.23195,0.23195,20.0,0.0,0.0,-2.526,0.0,0.0,200.98,0.23939,-0.02332,-2.521,0.24052,0.2565,30.0
108.53,0.24889,-0.0168,-0.731,0.24946,0.27865,30.0,0.24192,0.00022,0.113,0.24192,0.23744,20.0,0.0,0.0,-2.568,0.0,0.0,200.98,0.249,-0.02394,-2.564,0.25015,0.26813,30.0
108.78,0.26177,-0.01688,-0.769,0.26232,0.29084,30.0,0.25388,0.00024,0.078,0.25388,0.25114,20.0,0.0,0.0,-2.547,0.0,0.0,200.98,0.26187,-0.02443,-2.548,0.26301,0.28032,30.0
109.03,0.27603,-0.01725,-0.769,0.27657,0.30878,29.6,0.26949,0.00026,0.02,0.2695,0.2695,20.0,0.0,0.0,-2.578,0.0,0.0,198.4,0.27611,-0.02524,-2.585,0.27726,0.29826,29.6
109.28,0.28786,-0.01687,-0.821,0.28836,0.31931,29.6,0.28063,0.00026,0.057,0.28063,0.27624,20.0,0.0,0.0,-2.587,0.0,0.0,198.4,0.28795,-0.02523,-2.583,0.28905,0.30879,29.6
109.53,0.29804,-0.01914,-0.786,0.29865,0.33099,29.6,0.29317,0.00027,-0.028,0.29317,0.29004,20.0,0.0,0.0,-2.616,0.0,0.0,198.4,0.29804,-0.02782,-2.611,0.29934,0.32047,29.6
109.78,0.31611,-0.01858,-0.844,0.31666,0.34451,29.6,0.30958,0.00026,0.025,0.30958,0.30637,20.0,0.0,0.0,-2.667,0.0,0.0,198.4,0.31613,-0.02784,-2.666,0.31735,0.33399,29.6
110.03,0.33053,-0.01831,-0.897,0.33103,0.3635,29.6,0.32467,0.00029,0.138,0.32467,0.32212,20.0,0.0,0.0,-2.664,0.0,0.0,198.4,0.33055,-0.02803,-2.673,0.33173,0.35298,29.6
110.281,0.34524,-0.01969,-0.895,0.34581,0.37439,30.39,0.33989,0.00032,0.084,0.33989,0.33989,20.0,0.0,0.0,-2.71,0.0,0.0,202.35,0.34521,-0.02986,-2.708,0.3465,0.36387,30.39
110.53,0.3603,-0.01939,-0.956,0.36082,0.39339,30.39,0.35474,0.00032,-0.006,0.35474,0.35206,20.0,0.0,0.0,-2.753,0.0,0.0,202.35,0.36027,-0.03003,-2.747,0.36152,0.38287,30.39
110.781,0.37734,-0.01955,-0.99,0.37784,0.40591,30.39,0.36954,0.00034,0.135,0.36954,0.36954,20.0,0.0,0.0,-2.779,0.0,0.0,202.35,0.37729,-0.03072,-2.779,0.37854,0.39539,30.39
111.03,0.38875,-0.02022,-1.056,0.38928,0.41868,30.39,0.38193,0.0004,0.314,0.38193,0.38193,20.0,0.0,0.0,-2.83,0.0,0.0,202.35,0.38869,-0.03175,-2.824,0.38998,0.40816,30.39
111.28,0.40346,-0.0203,-1.147,0.40398,0.43659,30.39,0.39274,0.00047,0.409,0.39274,0.39274,20.0,0.0,0.0,-2.924,0.0,0.0,202.35,0.40339,-0.03229,-2.925,0.40468,0.42607,30.39
111.53,0.41721,-0.0208,-1.198,0.41773,0.44825,29.6,0.40438,0.00054,0.312,0.40438,0.40438,18.4,0.0,0.0,-2.978,0.0,0.0,198.43,0.41711,-0.03321,-2.98,0.41843,0.43774,29.6
111.78,0.43279,-0.02149,-1.223,0.43332,0.46594,29.6,0.4253,0.00066,0.374,0.4253,0.4253,18.4,0.0,0.0,-2.96,0.0,0.0,198.43,0.43266,-0.03437,-2.959,0.43403,0.45543,29.6
112.03,0.44632,-0.02233,-1.257,0.44688,0.47771,29.6,0.43959,0.00078,0.608,0.43959,0.43681,18.4,0.0,0.0,-3.035,0.0,0.0,198.43,0.44616,-0.03563,-3.035,0.44758,0.46719,29.6
112.28,0.45985,-0.02263,-1.317,0.46041,0.49305,29.6,0.45225,0.00093,0.664,0.45225,0.44745,18.4,0.0,0.0,-3.093,0.0,0.0,198.43,0.45967,-0.03635,-3.09,0.46111,0.48253,29.6
112.53,0.47282,-0.02356,-1.306,0.47341,0.50401,29.6,0.46641,0.00108,0.625,0.46641,0.46642,18.4,0.0,0.0,-3.098,0.0,0.0,198.43,0.47261,-0.03768,-3.098,0.47411,0.49349,29.6
112.781,0.48774,-0.0254,-1.303,0.4884,0.52111,30.39,0.48082,0.00124,0.66,0.48082,0.47805,21.59,0.0,0.0,-3.119,0.0,0.0,202.33,0.48747,-0.03999,-3.119,0.4891,0.5106,30.39
113.03,0.50178,-0.02687,-1.289,0.5025,0.53328,30.39,0.49649,0.00143,0.704,0.49649,0.49365,21.59,0.0,0.0,-3.16,0.0,0.0,202.33,0.50145,-0.04191,-3.154,0.5032,0.52276,30.39
113.28,0.51849,-0.02764,-1.357,0.51923,0.55198,30.39,0.51207,0.00164,0.81,0.51207,0.51208,21.59,0.0,0.0,-3.229,0.0,0.0,202.33,0.51813,-0.04322,-3.23,0.51992,0.54146,30.39
113.53,0.53388,-0.02803,-1.379,0.53462,0.56517,30.39,0.5281,0.00189,0.936,0.5281,0.52483,21.59,0.0,0.0,-3.259,0.0,0.0,202.33,0.5335,-0.04412,-3.252,0.53532,0.55465,30.39
113.78,0.55056,-0.02883,-1.435,0.55132,0.5841,30.39,0.54276,0.00211,0.831,0.54276,0.54277,21.59,0.0,0.0,-3.342,0.0,0.0,202.33,0.55014,-0.04547,-3.341,0.55202,0.57358,30.39
114.03,0.56147,-0.0293,-1.474,0.56223,0.59033,29.61,0.55433,0.00227,0.674,0.55434,0.54977,20.01,0.0,0.0,-3.396,0.0,0.0,198.49,0.56102,-0.0463,-3.393,0.56293,0.57981,29.61
114.28,0.57551,-0.02982,-1.532,0.57628,0.60908,29.61,0.56765,0.00243,0.654,0.56766,0.56461,20.01,0.0,0.0,-3.451,0.0,0.0,198.49,0.57504,-0.0473,-3.449,0.57698,0.59856,29.61
114.531,0.58861,-0.03046,-1.536,0.5894,0.62046,29.61,0.58064,0.0026,0.835,0.58064,0.57606,20.01,0.0,0.0,-3.462,0.0,0.0,198.49,0.58811,-0.04838,-3.461,0.5901,0.60994,29.61
114.78,0.59816,-0.03126,-1.531,0.59898,0.63179,29.61,0.58767,0.00271,0.891,0.58768,0.5828,20.01,0.0,0.0,-3.513,0.0,0.0,198.49,0.59763,-0.0495,-3.509,0.59968,0.62128,29.61
115.031,0.60176,-0.03167,-1.553,0.60259,0.63179,29.98,0.5926,0.00278,0.835,0.59261,0.58937,19.99,0.0,0.0,-3.511,0.0,0.0,200.85,0.60121,-0.05004,-3.515,0.60329,0.62128,29.98
115.28,0.60158,-0.0315,-1.548,0.60241,0.63179,29.98,0.59249,0.00278,0.871,0.5925,0.58937,19.99,0.0,0.0,-3.52,0.0,0.0,200.85,0.60104,-0.04987,-3.521,0.60311,0.62128,29.98
115.53,0.60158,-0.0315,-1.548,0.60241,0.63179,29.98,0.59249,0.00278,0.871,0.5925,0.58937,19.99,0.0,0.0,-3.519,0.0,0.0,200.85,0.60104,-0.04987,-3.515,0.60311,0.62128,29.98
115.78,0.60148,-0.03154,-1.54,0.6023,0.63179,29.98,0.59249,0.00278,0.871,0.5925,0.58937,19.99,0.0,0.0,-3.51,0.0,0.0,200.85,0.60093,-0.0499,-3.511,0.603,0.62128,29.98
116.03,0.60132,-0.03186,-1.524,0.60216,0.63179,29.98,0.59249,0.00278,0.871,0.5925,0.58937,19.99,0.0,0.0,-3.513,0.0,0.0,200.85,0.60077,-0.05021,-3.513,0.60286,0.62128,29.98
116.28,0.60132,-0.03186,-1.524,0.60216,0.63179,30.42,0.59249,0.00278,0.871,0.5925,0.58937,20.01,0.0,0.0,-3.523,0.0,0.0,201.73,0.60077,-0.05021,-3.522,0.60286,0.62128,30.42
116.53,0.60122,-0.03176,-1.528,0.60206,0.63179,30.42,0.59249,0.00278,0.871,0.5925,0.58937,20.01,0.0,0.0,-3.53,0.0,0.0,201.73,0.60067,-0.05011,-3.529,0.60276,0.62128,30.42
116.78,0.60111,-0.03179,-1.525,0.60195,0.63179,30.42,0.59249,0.00278,0.871,0.5925,0.58937,20.01,0.0,0.0,-3.529,0.0,0.0,201.73,0.60056,-0.05014,-3.528,0.60265,0.62128,30.42
117.03,0.60089,-0.03192,-1.523,0.60174,0.63179,30.42,0.59249,0.00278,0.871,0.5925,0.58937,20.01,0.0,0.0,-3.52,0.0,0.0,201.73,0.60034,-0.05026,-3.524,0.60244,0.62128,30.42
117.28,0.60068,-0.0322,-1.514,0.60155,0.63179,30.42,0.59249,0.00278,0.871,0.5925,0.58937,20.01,0.0,0.0,-3.524,0.0,0.0,201.73,0.60012,-0.05054,-3.523,0.60224,0.62128,30.42
117.531,0.6007,-0.03223,-1.513,0.60157,0.63179,29.59,0.59249,0.00278,0.871,0.5925,0.58937,19.99,0.0,0.0,-3.525,0.0,0.0,199.1,0.60014,-0.05057,-3.527,0.60226,0.62128,29.59
117.78,0.60067,-0.0323,-1.513,0.60154,0.63179,29.59,0.59249,0.00278,0.871,0.5925,0.58937,19.99,0.0,0.0,-3.527,0.0,0.0,199.1,0.6001,-0.05063,-3.527,0.60224,0.62128,29.59
118.031,0.6007,-0.03211,-1.522,0.60155,0.63179,29.59,0.59249,0.00278,0.871,0.5925,0.58937,19.99,0.0,0.0,-3.539,0.0,0.0,199.1,0.60014,-0.05044,-3.538,0.60225,0.62128,29.59
118.281,0.60088,-0.03209,-1.514,0.60173,0.63179,29.59,0.59249,0.00278,0.871,0.5925,0.58937,19.99,0.0,0.0,-3.542,0.0,0.0,199.1,0.60032,-0.05043,-3.541,0.60243,0.62128,29.59
118.531,0.6013,-0.03213,-1.497,0.60216,0.63179,29.59,0.59249,0.00278,0.871,0.5925,0.58937,19.99,0.0,0.0,-3.533,0.0,0.0,199.1,0.60074,-0.05048,-3.534,0.60286,0.62128,29.59
118.78,0.60194,-0.03167,-1.499,0.60278,0.63179,30.42,0.59249,0.00278,0.871,0.5925,0.58937,20.01,0.0,0.0,-3.544,0.0,0.0,201.7,0.6014,-0.05005,-3.543,0.60348,0.62128,30.42
119.03,0.60221,-0.03198,-1.472,0.60305,0.63179,30.42,0.59249,0.00278,0.871,0.5925,0.58937,20.01,0.0,0.0,-3.549,0.0,0.0,201.7,0.60165,-0.05037,-3.546,0.60375,0.62128,30.42
119.28,0.60222,-0.03235,-1.451,0.60309,0.63179,30.42,0.59249,0.00278,0.871,0.5925,0.58937,20.01,0.0,0.0,-3.552,0.0,0.0,201.7,0.60165,-0.05074,-3.554,0.60379,0.62128,30.42
119.53,0.60202,-0.03263,-1.44,0.6029,0.63179,30.42,0.59249,0.00278,0.871,0.5925,0.58937,20.01,0.0,0.0,-3.572,0.0,0.0,201.7,0.60143,-0.05101,-3.573,0.60359,0.62128,30.42
119.78,0.602,-0.03264,-1.44,0.60288,0.63179,30.0,0.59249,0.00278,0.871,0.5925,0.58937,20.0,0.0,0.0,-3.585,0.0,0.0,200.0,0.60141,-0.05102,-3.584,0.60357,0.62128,30.0
120.03,0.60202,-0.03295,-1.428,0.60292,0.63179,30.0,0.59249,0.00278,0.871,0.5925,0.58937,20.0,0.0,0.0,-3.577,0.0,0.0,200.0,0.60142,-0.05133,-3.577,0.60361,0.62128,30.0
120.28,0.60204,-0.03311,-1.421,0.60295,0.63179,30.0,0.59249,0.00278,0.871,0.5925,0.58937,20.0,0.0,0.0,-3.589,0.0,0.0,200.0,0.60144,-0.05149,-3.589,0.60364,0.62128,30.0
120.53,0.60203,-0.03324,-1.411,0.60294,0.63179,30.0,0.59249,0.00278,0.871,0.5925,0.58937,20.0,0.0,0.0,-3.596,0.0,0.0,200.0,0.60142,-0.05162,-3.595,0.60363,0.62128,30.0
120.782,0.60203,-0.03324,-1.411,0.60294,0.63179,28.96,0.59249,0.00278,0.871,0.5925,0.58937,19.97,0.0,0.0,-3.606,0.0,0.0,200.7,0.60142,-0.05162,-3.608,0.60363,0.62128,28.96
121.03,0.60207,-0.03328,-1.409,0.60299,0.63179,28.96,0.59249,0.00278,0.871,0.5925,0.58937,19.97,0.0,0.0,-3.595,0.0,0.0,200.7,0.60146,-0.05166,-3.594,0.60368,0.62128,28.96
121.28,0.6021,-0.03325,-1.413,0.60302,0.63179,28.96,0.59249,0.00278,0.871,0.5925,0.58937,19.97,0.0,0.0,-3.609,0.0,0.0,200.7,0.60149,-0.05163,-3.61,0.6037,0.62128,28.96
121.53,0.60195,-0.0338,-1.395,0.6029,0.63179,28.96,0.59249,0.00278,0.871,0.5925,0.58937,19.97,0.0,0.0,-3.606,0.0,0.0,200.7,0.60132,-0.05218,-3.605,0.60358,0.62128,28.96
121.78,0.60191,-0.03411,-1.38,0.60287,0.63179,28.96,0.59249,0.00278,0.871,0.5925,0.58937,19.97,0.0,0.0,-3.615,0.0,0.0,200.7,0.60127,-0.05249,-3.614,0.60356,0.62128,28.96
122.03,0.6017,-0.03464,-1.359,0.6027,0.63179,29.63,0.59249,0.00278,0.871,0.5925,0.58937,20.02,0.0,0.0,-3.619,0.0,0.0,198.61,0.60104,-0.05301,-3.617,0.60338,0.62128,29.63
122.28,0.60173,-0.03523,-1.331,0.60276,0.63681,29.63,0.59249,0.00278,0.871,0.5925,0.58937,20.02,0.0,0.0,-3.621,0.0,0.0,198.61,0.60104,-0.0536,-3.62,0.60343,0.62629,29.63
122.531,0.60179,-0.03546,-1.319,0.60283,0.63681,29.63,0.59249,0.00278,0.871,0.5925,0.58937,20.02,0.0,0.0,-3.624,0.0,0.0,198.61,0.6011,-0.05383,-3.623,0.6035,0.62629,29.63
122.78,0.60178,-0.0355,-1.317,0.60282,0.63681,29.63,0.59249,0.00278,0.871,0.5925,0.58937,20.02,0.0,0.0,-3.626,0.0,0.0,198.61,0.60108,-0.05387,-3.624,0.60349,0.62629,29.63
123.031,0.6018,-0.0356,-1.316,0.60285,0.63681,29.99,0.59249,0.00278,0.871,0.5925,0.58937,19.99,0.0,0.0,-3.637,0.0,0.0,200.92,0.6011,-0.05397,-3.64,0.60352,0.62629,29.99
123.28,0.60175,-0.03591,-1.301,0.60282,0.63681,29.99,0.59249,0.00278,0.871,0.5925,0.58937,19.99,0.0,0.0,-3.634,0.0,0.0,200.92,0.60104,-0.05428,-3.635,0.60349,0.62629,29.99
123.53,0.6018,-0.03609,-1.291,0.60288,0.63681,29.99,0.59249,0.00278,0.871,0.5925,0.58937,19.99,0.0,0.0,-3.639,0.0,0.0,200.92,0.60108,-0.05446,-3.637,0.60354,0.62629,29.99
123.78,0.60171,-0.03615,-1.293,0.6028,0.63681,29.99,0.59249,0.00278,0.871,0.5925,0.58937,19.99,0.0,0.0,-3.653,0.0,0.0,200.92,0.601,-0.05451,-3.654,0.60346,0.62629,29.99
124.03,0.60156,-0.03586,-1.315,0.60263,0.63681,29.99,0.59249,0.00278,0.871,0.5925,0.58937,19.99,0.0,0.0,-3.641,0.0,0.0,200.92,0.60085,-0.05422,-3.639,0.60329,0.62629,29.99
124.28,0.60159,-0.03573,-1.327,0.60265,0.63681,28.01,0.59249,0.00278,0.871,0.5925,0.58937,20.01,0.0,0.0,-3.655,0.0,0.0,201.7,0.60089,-0.05409,-3.654,0.60332,0.62629,28.01
124.53,0.60179,-0.03587,-1.32,0.60286,0.63681,28.01,0.59249,0.00278,0.871,0.5925,0.58937,20.01,0.0,0.0,-3.661,0.0,0.0,201.7,0.60109,-0.05424,-3.66,0.60353,0.62629,28.01
124.78,0.60181,-0.03614,-1.307,0.6029,0.63681,28.01,0.59249,0.00278,0.871,0.5925,0.58937,20.01,0.0,0.0,-3.683,0.0,0.0,201.7,0.60109,-0.05451,-3.685,0.60356,0.62629,28.01
125.03,0.60178,-0.03618,-1.305,0.60287,0.63681,28.01,0.59249,0.00278,0.871,0.5925,0.58937,20.01,0.0,0.0,-3.681,0.0,0.0,201.7,0.60106,-0.05455,-3.681,0.60353,0.62629,28.01
125.28,0.60154,-0.03699,-1.273,0.60267,0.63681,30.0,0.59249,0.00278,0.871,0.5925,0.58937,20.0,0.0,0.0,-3.686,0.0,0.0,199.97,0.60078,-0.05535,-3.687,0.60333,0.62629,30.0
125.53,0.60152,-0.03719,-1.263,0.60267,0.63681,30.0,0.59249,0.00278,0.871,0.5925,0.58937,20.0,0.0,0.0,-3.702,0.0,0.0,199.97,0.60075,-0.05554,-3.703,0.60332,0.62629,30.0
125.781,0.60164,-0.03721,-1.261,0.60279,0.63681,30.0,0.59249,0.00278,0.871,0.5925,0.58937,20.0,0.0,0.0,-3.711,0.0,0.0,199.97,0.60087,-0.05557,-3.71,0.60344,0.62629,30.0
126.03,0.60164,-0.03737,-1.255,0.6028,0.63681,30.0,0.59249,0.00278,0.871,0.5925,0.58937,20.0,0.0,0.0,-3.72,0.0,0.0,199.97,0.60087,-0.05573,-3.726,0.60345,0.62629,30.0
126.281,0.60163,-0.03741,-1.254,0.60279,0.63681,29.97,0.59249,0.00278,0.871,0.5925,0.58937,19.98,0.0,0.0,-3.724,0.0,0.0,200.78,0.60086,-0.05577,-3.723,0.60344,0.62629,29.97
126.53,0.60184,-0.03739,-1.243,0.603,0.63681,29.97,0.59249,0.00278,0.871,0.5925,0.58937,19.98,0.0,0.0,-3.727,0.0,0.0,200.78,0.60106,-0.05576,-3.728,0.60365,0.62629,29.97
126.78,0.60183,-0.03789,-1.213,0.60302,0.63681,29.97,0.59249,0.00278,0.871,0.5925,0.58937,19.98,0.0,0.0,-3.73,0.0,0.0,200.78,0.60104,-0.05626,-3.732,0.60367,0.62629,29.97
127.03,0.60205,-0.03797,-1.203,0.60325,0.63681,29.97,0.59249,0.00278,0.871,0.5925,0.58937,19.98,0.0,0.0,-3.722,0.0,0.0,200.78,0.60125,-0.05635,-3.724,0.60389,0.62629,29.97
127.28,0.60232,-0.03787,-1.201,0.60351,0.63681,29.97,0.59249,0.00278,0.871,0.5925,0.58937,19.98,0.0,0.0,-3.736,0.0,0.0,200.78,0.60153,-0.05626,-3.736,0.60416,0.62629,29.97
127.53,0.60215,-0.03806,-1.197,0.60335,0.63681,29.62,0.59249,0.00278,0.871,0.5925,0.58937,20.02,0.0,0.0,-3.726,0.0,0.0,198.57,0.60134,-0.05644,-3.731,0.60399,0.62629,29.62
127.78,0.60203,-0.03838,-1.183,0.60325,0.63681,29.62,0.59249,0.00278,0.871,0.5925,0.58937,20.02,0.0,0.0,-3.727,0.0,0.0,198.57,0.60121,-0.05676,-3.727,0.60389,0.62629,29.62
128.03,0.60204,-0.0386,-1.167,0.60328,0.63681,29.62,0.59249,0.00278,0.871,0.5925,0.58937,20.02,0.0,0.0,-3.731,0.0,0.0,198.57,0.60122,-0.05698,-3.734,0.60391,0.62629,29.62
128.28,0.60204,-0.03877,-1.155,0.60328,0.63681,29.62,0.59249,0.00278,0.871,0.5925,0.58937,20.02,0.0,0.0,-3.73,0.0,0.0,198.57,0.6012,-0.05715,-3.731,0.60391,0.62629,29.62
128.531,0.60207,-0.03882,-1.151,0.60332,0.63681,29.99,0.59249,0.00278,0.871,0.5925,0.58937,19.0,0.0,0.0,-3.733,0.0,0.0,200.95,0.60123,-0.0572,-3.733,0.60394,0.62629,29.99
128.781,0.60214,-0.03897,-1.139,0.6034,0.63681,29.99,0.59249,0.00278,0.871,0.5925,0.58937,19.0,0.0,0.0,-3.735,0.0,0.0,200.95,0.6013,-0.05735,-3.734,0.60403,0.62629,29.99
129.03,0.60232,-0.03917,-1.119,0.60359,0.63681,29.99,0.59249,0.00278,0.871,0.5925,0.58937,19.0,0.0,0.0,-3.737,0.0,0.0,200.95,0.60147,-0.05756,-3.739,0.60422,0.62629,29.99
129.28,0.60259,-0.03911,-1.112,0.60386,0.63681,29.99,0.59249,0.00278,0.871,0.5925,0.58937,19.0,0.0,0.0,-3.734,0.0,0.0,200.95,0.60175,-0.05751,-3.735,0.60449,0.62629,29.99
129.53,0.60283,-0.03889,-1.118,0.60409,0.63681,29.99,0.59249,0.00278,0.871,0.5925,0.58937,19.0,0.0,0.0,-3.737,0.0,0.0,200.95,0.602,-0.0573,-3.737,0.60472,0.62629,29.99
129.78,0.60287,-0.03883,-1.119,0.60412,0.63681,29.61,0.59249,0.00278,0.871,0.5925,0.58937,20.81,0.0,0.0,-3.74,0.0,0.0,200.85,0.60204,-0.05725,-3.74,0.60475,0.62629,29.61
130.031,0.60287,-0.03866,-1.125,0.6041,0.63681,29.61,0.59249,0.00278,0.871,0.5925,0.58937,20.81,0.0,0.0,-3.736,0.0,0.0,200.85,0.60204,-0.05707,-3.736,0.60474,0.62629,29.61
130.28,0.60295,-0.03804,-1.15,0.60415,0.63681,29.61,0.59249,0.00278,0.871,0.5925,0.58937,20.81,0.0,0.0,-3.749,0.0,0.0,200.85,0.60215,-0.05646,-3.749,0.6048,0.62629,29.61
130.53,0.60296,-0.03772,-1.162,0.60413,0.63681,29.61,0.59249,0.00278,0.871,0.5925,0.58937,20.81,0.0,0.0,-3.752,0.0,0.0,200.85,0.60217,-0.05614,-3.749,0.60478,0.62629,29.61
130.78,0.60295,-0.03825,-1.134,0.60416,0.63681,30.0,0.59249,0.00278,0.871,0.5925,0.58937,20.0,0.0,0.0,-3.767,0.0,0.0,200.0,0.60214,-0.05667,-3.768,0.6048,0.62629,30.0
131.03,0.60322,-0.03847,-1.118,0.60445,0.63681,30.0,0.59249,0.00278,0.871,0.5925,0.58937,20.0,0.0,0.0,-3.769,0.0,0.0,200.0,0.6024,-0.0569,-3.768,0.60508,0.62629,30.0
131.28,0.60309,-0.03934,-1.082,0.60437,0.63681,30.0,0.59249,0.00278,0.871,0.5925,0.58937,20.0,0.0,0.0,-3.782,0.0,0.0,200.0,0.60223,-0.05776,-3.782,0.605,0.62629,30.0
131.53,0.60319,-0.03978,-1.058,0.6045,0.64185,30.0,0.59249,0.00278,0.871,0.5925,0.58937,20.0,0.0,0.0,-3.794,0.0,0.0,200.0,0.60231,-0.05821,-3.794,0.60511,0.63133,30.0
131.78,0.60371,-0.03982,-1.037,0.60502,0.64185,30.0,0.59249,0.00278,0.871,0.5925,0.58937,19.0,0.0,0.0,-3.801,0.0,0.0,200.99,0.60283,-0.05827,-3.802,0.60564,0.63133,30.0
132.03,0.60377,-0.04047,-0.998,0.60513,0.64185,30.0,0.59249,0.00278,0.871,0.5925,0.58937,19.0,0.0,0.0,-3.818,0.0,0.0,200.99,0.60285,-0.05893,-3.816,0.60573,0.63133,30.0
132.28,0.60375,-0.04113,-0.968,0.60515,0.64185,30.0,0.59249,0.00278,0.871,0.5925,0.58937,19.0,0.0,0.0,-3.825,0.0,0.0,200.99,0.6028,-0.05958,-3.824,0.60574,0.63133,30.0
132.53,0.6038,-0.04079,-0.976,0.60518,0.64185,30.0,0.59249,0.00278,0.871,0.5925,0.58937,19.0,0.0,0.0,-3.827,0.0,0.0,200.99,0.60287,-0.05925,-3.823,0.60577,0.63133,30.0
132.78,0.60411,-0.04038,-0.984,0.60546,0.64185,30.0,0.59249,0.00278,0.871,0.5925,0.58937,19.0,0.0,0.0,-3.825,0.0,0.0,200.99,0.6032,-0.05885,-3.825,0.60606,0.63133,30.0
133.03,0.60413,-0.04019,-0.989,0.60547,0.64185,28.8,0.59249,0.00278,0.871,0.5925,0.58937,20.8,0.0,0.0,-3.823,0.0,0.0,198.41,0.60323,-0.05866,-3.822,0.60608,0.63133,28.8
133.281,0.60449,-0.03952,-1.012,0.60578,0.64185,28.8,0.59249,0.00278,0.871,0.5925,0.58937,20.8,0.0,0.0,-3.836,0.0,0.0,198.41,0.60362,-0.05801,-3.831,0.6064,0.63133,28.8
133.53,0.60439,-0.0393,-1.026,0.60567,0.64185,28.8,0.59249,0.00278,0.871,0.5925,0.58937,20.8,0.0,0.0,-3.842,0.0,0.0,198.41,0.60353,-0.05779,-3.842,0.60629,0.63133,28.8
133.78,0.60454,-0.03916,-1.028,0.60581,0.64185,28.8,0.59249,0.00278,0.871,0.5925,0.58937,20.8,0.0,0.0,-3.847,0.0,0.0,198.41,0.60369,-0.05765,-3.848,0.60643,0.63133,28.8
134.03,0.60461,-0.03895,-1.038,0.60587,0.64185,29.0,0.59249,0.00278,0.871,0.5925,0.58937,20.0,0.0,0.0,-3.843,0.0,0.0,199.99,0.60377,-0.05745,-3.85,0.6065,0.63133,29.0
134.28,0.6044,-0.03877,-1.053,0.60565,0.64185,29.0,0.59249,0.00278,0.871,0.5925,0.58937,20.0,0.0,0.0,-3.834,0.0,0.0,199.99,0.60357,-0.05726,-3.835,0.60628,0.63133,29.0
134.53,0.60418,-0.03863,-1.07,0.60541,0.64185,29.0,0.59249,0.00278,0.871,0.5925,0.58937,20.0,0.0,0.0,-3.833,0.0,0.0,199.99,0.60336,-0.05711,-3.834,0.60605,0.63133,29.0
134.78,0.60373,-0.0389,-1.07,0.60498,0.64185,29.0,0.59249,0.00278,0.871,0.5925,0.58937,20.0,0.0,0.0,-3.83,0.0,0.0,199.99,0.60289,-0.05735,-3.831,0.60562,0.63133,29.0
135.03,0.60348,-0.03913,-1.066,0.60475,0.64185,30.0,0.59249,0.00278,0.871,0.5925,0.58937,20.0,0.0,0.0,-3.825,0.0,0.0,199.99,0.60263,-0.05757,-3.822,0.60538,0.63133,30.0
135.28,0.60329,-0.03939,-1.062,0.60458,0.64185,30.0,0.59249,0.00278,0.871,0.5925,0.58937,20.0,0.0,0.0,-3.832,0.0,0.0,199.99,0.60243,-0.05783,-3.832,0.6052,0.63133,30.0
135.53,0.6031,-0.03967,-1.057,0.6044,0.64185,30.0,0.59249,0.00278,0.871,0.5925,0.58937,20.0,0.0,0.0,-3.833,0.0,0.0,199.99,0.60223,-0.0581,-3.832,0.60502,0.63133,30.0
135.78,0.60301,-0.03953,-1.061,0.6043,0.64185,30.0,0.59249,0.00278,0.871,0.5925,0.58937,20.0,0.0,0.0,-3.839,0.0,0.0,199.99,0.60214,-0.05796,-3.839,0.60492,0.63133,30.0
136.03,0.60297,-0.03964,-1.057,0.60427,0.64185,29.0,0.59249,0.00278,0.871,0.5925,0.58937,19.0,0.0,0.0,-3.841,0.0,0.0,198.97,0.60209,-0.05806,-3.84,0.60489,0.63133,29.0
136.28,0.603,-0.03913,-1.077,0.60427,0.64185,29.0,0.59249,0.00278,0.871,0.5925,0.58937,19.0,0.0,0.0,-3.853,0.0,0.0,198.97,0.60216,-0.05755,-3.851,0.6049,0.63133,29.0
136.531,0.60287,-0.03892,-1.083,0.60412,0.64185,29.0,0.59249,0.00278,0.871,0.5925,0.58937,19.0,0.0,0.0,-3.859,0.0,0.0,198.97,0.60203,-0.05734,-3.859,0.60476,0.63133,29.0
136.78,0.60277,-0.03876,-1.093,0.60402,0.64185,29.0,0.59249,0.00278,0.871,0.5925,0.58937,19.0,0.0,0.0,-3.853,0.0,0.0,198.97,0.60194,-0.05717,-3.851,0.60465,0.63133,29.0
137.03,0.60277,-0.03876,-1.093,0.60402,0.64185,29.0,0.59249,0.00278,0.871,0.5925,0.58937,19.0,0.0,0.0,-3.853,0.0,0.0,198.97,0.60194,-0.05717,-3.855,0.60465,0.63133,29.0
137.28,0.60277,-0.03876,-1.093,0.60402,0.64185,30.41,0.59249,0.00278,0.871,0.5925,0.58937,20.0,0.0,0.0,-3.863,0.0,0.0,202.44,0.60194,-0.05717,-3.864,0.60465,0.63133,30.41
137.531,0.60277,-0.03854,-1.102,0.604,0.64185,30.41,0.59249,0.00278,0.871,0.5925,0.58937,20.0,0.0,0.0,-3.879,0.0,0.0,202.44,0.60195,-0.05695,-3.874,0.60464,0.63133,30.41
137.78,0.60277,-0.03854,-1.102,0.604,0.64185,30.41,0.59249,0.00278,0.871,0.5925,0.58937,20.0,0.0,0.0,-3.888,0.0,0.0,202.44,0.60195,-0.05695,-3.887,0.60464,0.63133,30.41
138.031,0.60275,-0.03855,-1.103,0.60398,0.64185,30.41,0.59249,0.00278,0.871,0.5925,0.58937,20.0,0.0,0.0,-3.887,0.0,0.0,202.44,0.60193,-0.05696,-3.891,0.60462,0.63133,30.41
138.28,0.60272,-0.03832,-1.113,0.60394,0.64185,29.99,0.59249,0.00278,0.871,0.5925,0.58937,20.0,0.0,0.0,-3.901,0.0,0.0,199.96,0.60192,-0.05673,-3.9,0.60458,0.63133,29.99
138.53,0.60229,-0.03827,-1.129,0.6035,0.64185,29.99,0.59249,0.00278,0.871,0.5925,0.58937,20.0,0.0,0.0,-3.908,0.0,0.0,199.96,0.60148,-0.05666,-3.907,0.60415,0.63133,29.99
138.78,0.60203,-0.03802,-1.154,0.60322,0.64185,29.99,0.59249,0.00278,0.871,0.5925,0.58937,20.0,0.0,0.0,-3.914,0.0,0.0,199.96,0.60123,-0.0564,-3.915,0.60387,0.63133,29.99
139.031,0.60212,-0.03792,-1.154,0.60331,0.64185,29.99,0.59249,0.00278,0.871,0.5925,0.58937,20.0,0.0,0.0,-3.924,0.0,0.0,199.96,0.60133,-0.0563,-3.922,0.60396,0.63133,29.99
139.281,0.60212,-0.03792,-1.154,0.60331,0.64185,29.99,0.59249,0.00278,0.871,0.5925,0.58937,19.99,0.0,0.0,-3.929,0.0,0.0,200.93,0.60133,-0.0563,-3.931,0.60396,0.63133,29.99
139.531,0.60212,-0.03792,-1.154,0.60331,0.64185,29.99,0.59249,0.00278,0.871,0.5925,0.58937,19.99,0.0,0.0,-3.928,0.0,0.0,200.93,0.60133,-0.0563,-3.924,0.60396,0.63133,29.99
139.78,0.60209,-0.03785,-1.158,0.60328,0.64185,29.99,0.59249,0.00278,0.871,0.5925,0.58937,19.99,0.0,0.0,-3.944,0.0,0.0,200.93,0.6013,-0.05623,-3.945,0.60393,0.63133,29.99
140.03,0.60211,-0.03782,-1.159,0.6033,0.64185,29.99,0.59249,0.00278,0.871,0.5925,0.58937,19.99,0.0,0.0,-3.949,0.0,0.0,200.93,0.60133,-0.0562,-3.952,0.60395,0.63133,29.99
140.28,0.60208,-0.03767,-1.168,0.60326,0.64185,29.99,0.59249,0.00278,0.871,0.5925,0.58937,19.99,0.0,0.0,-3.959,0.0,0.0,200.93,0.6013,-0.05604,-3.958,0.60391,0.63133,29.99
140.53,0.60206,-0.03777,-1.164,0.60324,0.64185,29.61,0.59249,0.00278,0.871,0.5925,0.58937,20.01,0.0,0.0,-3.96,0.0,0.0,198.46,0.60128,-0.05615,-3.959,0.60389,0.63133,29.61
140.78,0.60211,-0.03748,-1.178,0.60328,0.64185,29.61,0.59249,0.00278,0.871,0.5925,0.58937,20.01,0.0,0.0,-3.956,0.0,0.0,198.46,0.60134,-0.05586,-3.956,0.60393,0.63133,29.61
141.03,0.60225,-0.03722,-1.192,0.6034,0.64185,29.61,0.59249,0.00278,0.871,0.5925,0.58937,20.01,0.0,0.0,-3.96,0.0,0.0,198.46,0.6015,-0.05561,-3.96,0.60406,0.63133,29.61
141.28,0.6022,-0.03711,-1.2,0.60334,0.64185,29.61,0.59249,0.00278,0.871,0.5925,0.58937,20.01,0.0,0.0,-3.97,0.0,0.0,198.46,0.60145,-0.05549,-3.97,0.604,0.63133,29.61
141.531,0.60215,-0.03683,-1.215,0.60327,0.64185,27.98,0.59249,0.00278,0.871,0.5925,0.58937,18.98,0.0,0.0,-3.972,0.0,0.0,200.84,0.60141,-0.05521,-3.975,0.60394,0.63133,27.98
141.781,0.60216,-0.03683,-1.218,0.60328,0.64185,27.98,0.59249,0.00278,0.871,0.5925,0.58937,18.98,0.0,0.0,-3.979,0.0,0.0,200.84,0.60142,-0.05522,-3.979,0.60395,0.63133,27.98
142.031,0.60222,-0.03675,-1.223,0.60334,0.64185,27.98,0.59249,0.00278,0.871,0.5925,0.58937,18.98,0.0,0.0,-3.981,0.0,0.0,200.84,0.60148,-0.05514,-3.981,0.60401,0.63133,27.98
142.28,0.60227,-0.03645,-1.237,0.60338,0.64185,27.98,0.59249,0.00278,0.871,0.5925,0.58937,18.98,0.0,0.0,-3.999,0.0,0.0,200.84,0.60156,-0.05484,-3.998,0.60405,0.63133,27.98
142.53,0.60227,-0.03645,-1.237,0.60338,0.64185,27.98,0.59249,0.00278,0.871,0.5925,0.58937,18.98,0.0,0.0,-3.996,0.0,0.0,200.84,0.60156,-0.05484,-3.999,0.60405,0.63133,27.98
142.78,0.60222,-0.03665,-1.231,0.60333,0.64185,30.42,0.59249,0.00278,0.871,0.5925,0.58937,20.81,0.0,0.0,-3.996,0.0,0.0,201.71,0.60149,-0.05503,-3.994,0.604,0.63133,30.42
143.03,0.60216,-0.03655,-1.237,0.60327,0.64185,30.42,0.59249,0.00278,0.871,0.5925,0.58937,20.81,0.0,0.0,-3.999,0.0,0.0,201.71,0.60144,-0.05493,-3.997,0.60394,0.63133,30.42
143.28,0.602,-0.03651,-1.252,0.60311,0.64185,30.42,0.59249,0.00278,0.871,0.5925,0.58937,20.81,0.0,0.0,-3.991,0.0,0.0,201.71,0.60128,-0.05489,-3.993,0.60378,0.63133,30.42
143.53,0.60188,-0.0363,-1.268,0.60297,0.64185,30.42,0.59249,0.00278,0.871,0.5925,0.58937,20.81,0.0,0.0,-4.004,0.0,0.0,201.71,0.60117,-0.05467,-4.003,0.60365,0.63133,30.42
143.78,0.60186,-0.03641,-1.272,0.60296,0.64185,30.42,0.59249,0.00278,0.871,0.5925,0.58937,20.81,0.0,0.0,-4.01,0.0,0.0,201.71,0.60114,-0.05478,-4.008,0.60363,0.63133,30.42
144.03,0.60185,-0.03634,-1.277,0.60295,0.64185,29.6,0.59249,0.00278,0.871,0.5925,0.58937,20.0,0.0,0.0,-4.002,0.0,0.0,198.42,0.60114,-0.05471,-4.003,0.60362,0.63133,29.6
144.28,0.60185,-0.03634,-1.277,0.60295,0.64185,29.6,0.59249,0.00278,0.871,0.5925,0.58937,20.0,0.0,0.0,-4.004,0.0,0.0,198.42,0.60114,-0.05471,-4.003,0.60362,0.63133,29.6
144.53,0.60185,-0.03634,-1.277,0.60295,0.64185,29.6,0.59249,0.00278,0.871,0.5925,0.58937,20.0,0.0,0.0,-4.008,0.0,0.0,198.42,0.60114,-0.05471,-4.006,0.60362,0.63133,29.6
144.781,0.60185,-0.03634,-1.277,0.60295,0.64185,29.6,0.59249,0.00278,0.871,0.5925,0.58937,20.0,0.0,0.0,-4.031,0.0,0.0,198.42,0.60114,-0.05471,-4.03,0.60363,0.63133,29.6
145.03,0.60188,-0.03633,-1.277,0.60298,0.64185,29.0,0.59249,0.00278,0.871,0.5925,0.58937,20.0,0.0,0.0,-4.031,0.0,0.0,199.99,0.60117,-0.05471,-4.03,0.60366,0.63133,29.0
145.28,0.60198,-0.03653,-1.27,0.60309,0.64185,29.0,0.59249,0.00278,0.871,0.5925,0.58937,20.0,0.0,0.0,-4.053,0.0,0.0,199.99,0.60126,-0.0549,-4.053,0.60376,0.63133,29.0
145.531,0.60203,-0.03654,-1.269,0.60314,0.64185,29.0,0.59249,0.00278,0.871,0.5925,0.58937,20.0,0.0,0.0,-4.052,0.0,0.0,199.99,0.60131,-0.05491,-4.054,0.60381,0.63133,29.0
145.78,0.60203,-0.03654,-1.269,0.60314,0.64185,29.0,0.59249,0.00278,0.871,0.5925,0.58937,20.0,0.0,0.0,-4.07,0.0,0.0,199.99,0.60131,-0.05491,-4.069,0.60381,0.63133,29.0
146.031,0.60203,-0.03654,-1.269,0.60314,0.64185,28.97,0.59249,0.00278,0.871,0.5925,0.58937,19.98,0.0,0.0,-4.082,0.0,0.0,201.81,0.60131,-0.05491,-4.076,0.60381,0.63133,28.97
146.28,0.60203,-0.03654,-1.269,0.60314,0.64185,28.97,0.59249,0.00278,0.871,0.5925,0.58937,19.98,0.0,0.0,-4.084,0.0,0.0,201.81,0.60131,-0.05491,-4.085,0.60381,0.63133,28.97
146.531,0.60203,-0.03654,-1.269,0.60314,0.64185,28.97,0.59249,0.00278,0.871,0.5925,0.58937,19.98,0.0,0.0,-4.09,0.0,0.0,201.81,0.60131,-0.05491,-4.087,0.60381,0.63133,28.97
146.78,0.60203,-0.03654,-1.269,0.60314,0.64185,28.97,0.59249,0.00278,0.871,0.5925,0.58937,19.98,0.0,0.0,-4.09,0.0,0.0,201.81,0.60131,-0.05491,-4.09,0.60381,0.63133,28.97
147.031,0.60203,-0.03654,-1.269,0.60314,0.64185,28.97,0.59249,0.00278,0.871,0.5925,0.58937,19.98,0.0,0.0,-4.092,0.0,0.0,201.81,0.60131,-0.05491,-4.084,0.60381,0.63133,28.97
147.28,0.60203,-0.03654,-1.269,0.60314,0.64185,30.43,0.59249,0.00278,0.871,0.5925,0.58937,19.22,0.0,0.0,-4.105,0.0,0.0,201.78,0.60131,-0.05491,-4.102,0.60381,0.63133,30.43
147.53,0.60203,-0.03654,-1.269,0.60314,0.64185,30.43,0.59249,0.00278,0.871,0.5925,0.58937,19.22,0.0,0.0,-4.107,0.0,0.0,201.78,0.60131,-0.05491,-4.105,0.60381,0.63133,30.43
147.78,0.60203,-0.03654,-1.269,0.60314,0.64185,30.43,0.59249,0.00278,0.871,0.5925,0.58937,19.22,0.0,0.0,-4.105,0.0,0.0,201.78,0.60131,-0.05491,-4.105,0.60381,0.63133,30.43
148.031,0.60203,-0.03654,-1.269,0.60314,0.64185,30.43,0.59249,0.00278,0.871,0.5925,0.58937,19.22,0.0,0.0,-4.114,0.0,0.0,201.78,0.60131,-0.05491,-4.113,0.60381,0.63133,30.43
148.281,0.60203,-0.03654,-1.269,0.60314,0.64185,27.99,0.59249,0.00278,0.871,0.5925,0.58937,20.99,0.0,0.0,-4.121,0.0,0.0,199.93,0.60131,-0.05491,-4.12,0.60381,0.63133,27.99
148.531,0.60203,-0.03654,-1.269,0.60314,0.64185,27.99,0.59249,0.00278,0.871,0.5925,0.58937,20.99,0.0,0.0,-4.131,0.0,0.0,199.93,0.60131,-0.05491,-4.13,0.60381,0.63133,27.99
148.781,0.60203,-0.03654,-1.269,0.60314,0.64185,27.99,0.59249,0.00278,0.871,0.5925,0.58937,20.99,0.0,0.0,-4.136,0.0,0.0,199.93,0.60131,-0.05491,-4.136,0.60381,0.63133,27.99
149.03,0.60203,-0.03654,-1.269,0.60314,0.64185,27.99,0.59249,0.00278,0.871,0.5925,0.58937,20.99,0.0,0.0,-4.143,0.0,0.0,199.93,0.60131,-0.05491,-4.146,0.60381,0.63133,27.99
149.28,0.60203,-0.03654,-1.269,0.60314,0.64185,27.99,0.59249,0.00278,0.871,0.5925,0.58937,20.99,0.0,0.0,-4.146,0.0,0.0,199.93,0.60131,-0.05491,-4.147,0.60381,0.63133,27.99
149.531,0.60203,-0.03654,-1.269,0.60314,0.64185,29.59,0.59249,0.00278,0.871,0.5925,0.58937,19.99,0.0,0.0,-4.139,0.0,0.0,199.13,0.60131,-0.05491,-4.137,0.60381,0.63133,29.59
149.78,0.60203,-0.03654,-1.269,0.60314,0.64185,29.59,0.59249,0.00278,0.871,0.5925,0.58937,19.99,0.0,0.0,-4.148,0.0,0.0,199.13,0.60131,-0.05491,-4.145,0.60381,0.63133,29.59
150.031,0.60203,-0.03654,-1.269,0.60314,0.64185,29.59,0.59249,0.00278,0.871,0.5925,0.58937,19.99,0.0,0.0,-4.157,0.0,0.0,199.13,0.60131,-0.05491,-4.157,0.60381,0.63133,29.59
150.28,0.60202,-0.03655,-1.268,0.60313,0.64185,29.59,0.59249,0.00278,0.871,0.5925,0.58937,19.99,0.0,0.0,-4.159,0.0,0.0,199.13,0.6013,-0.05493,-4.158,0.6038,0.63133,29.59
150.531,0.60213,-0.03681,-1.257,0.60325,0.64185,29.99,0.59249,0.00278,0.871,0.5925,0.58937,18.0,0.0,0.0,-4.163,0.0,0.0,200.96,0.60139,-0.0552,-4.164,0.60392,0.63133,29.99
150.78,0.60211,-0.03693,-1.252,0.60324,0.64185,29.99,0.59249,0.00278,0.871,0.5925,0.58937,18.0,0.0,0.0,-4.172,0.0,0.0,200.96,0.60136,-0.05531,-4.172,0.6039,0.63133,29.99
151.031,0.60211,-0.03693,-1.252,0.60324,0.64185,29.99,0.59249,0.00278,0.871,0.5925,0.58937,18.0,0.0,0.0,-4.174,0.0,0.0,200.96,0.60136,-0.05531,-4.177,0.6039,0.63133,29.99
151.28,0.60211,-0.03693,-1.252,0.60324,0.64185,29.99,0.59249,0.00278,0.871,0.5925,0.58937,18.0,0.0,0.0,-4.188,0.0,0.0,200.96,0.60136,-0.05531,-4.188,0.6039,0.63133,29.99
151.531,0.60227,-0.03686,-1.248,0.6034,0.64185,29.99,0.59249,0.00278,0.871,0.5925,0.58937,18.0,0.0,0.0,-4.208,0.0,0.0,200.96,0.60153,-0.05525,-4.211,0.60406,0.63133,29.99
151.78,0.60197,-0.03702,-1.227,0.60311,0.64185,30.42,0.59249,0.00278,0.871,0.5925,0.58937,21.62,0.0,0.0,-4.213,0.0,0.0,200.95,0.60123,-0.05539,-4.213,0.60377,0.63133,30.42
152.031,0.60183,-0.03697,-1.214,0.60297,0.64185,30.42,0.59244,0.00278,0.888,0.59245,0.58937,21.62,0.0,0.0,-4.218,0.0,0.0,200.95,0.60109,-0.05534,-4.213,0.60363,0.63133,30.42
152.28,0.59978,-0.03679,-1.21,0.60091,0.64185,30.42,0.58969,0.00274,0.835,0.58969,0.58937,21.62,0.0,0.0,-4.242,0.0,0.0,200.95,0.59905,-0.05505,-4.245,0.60157,0.63133,30.42
152.53,0.59467,-0.03643,-1.219,0.59579,0.64759,30.42,0.58386,0.00266,0.8,0.58387,0.59486,21.62,0.0,0.0,-4.276,0.0,0.0,200.95,0.59397,-0.05442,-4.285,0.59645,0.63707,30.42
152.78,0.58724,-0.03565,-1.243,0.58832,0.65868,30.42,0.577,0.00256,0.817,0.577,0.60026,21.62,0.0,0.0,-4.284,0.0,0.0,200.95,0.58659,-0.05325,-4.282,0.589,0.64816,30.42
153.03,0.58104,-0.03469,-1.32,0.58208,0.66406,29.6,0.57064,0.00248,0.742,0.57065,0.60566,20.0,0.0,0.0,-4.344,0.0,0.0,199.19,0.58045,-0.05195,-4.349,0.58277,0.65354,29.6
153.28,0.57426,-0.03498,-1.344,0.57533,0.66987,29.6,0.56455,0.0024,0.746,0.56455,0.61118,20.0,0.0,0.0,-4.418,0.0,0.0,199.19,0.57366,-0.05188,-4.419,0.57601,0.65935,29.6
153.531,0.5647,-0.0345,-1.426,0.56575,0.68127,29.6,0.55386,0.00227,0.641,0.55386,0.62479,20.0,0.0,0.0,-4.497,0.0,0.0,199.19,0.56414,-0.0509,-4.486,0.56643,0.67076,29.6
153.78,0.55126,-0.03425,-1.489,0.55233,0.69291,29.6,0.54131,0.00214,0.499,0.54131,0.63742,20.0,0.0,0.0,-4.56,0.0,0.0,199.19,0.55074,-0.04992,-4.56,0.55299,0.68239,29.6
154.031,0.53881,-0.03351,-1.522,0.53985,0.70419,29.99,0.52893,0.00204,0.462,0.52894,0.64979,19.99,0.0,0.0,-4.573,0.0,0.0,200.93,0.53834,-0.04851,-4.59,0.54052,0.69368,29.99
154.28,0.52718,-0.03357,-1.498,0.52825,0.71606,29.99,0.51788,0.00196,0.401,0.51788,0.65638,19.99,0.0,0.0,-4.623,0.0,0.0,200.93,0.52672,-0.04795,-4.623,0.5289,0.70554,29.99
154.53,0.5167,-0.03235,-1.583,0.51772,0.72786,29.99,0.50689,0.00189,0.264,0.50689,0.66991,19.99,0.0,0.0,-4.655,0.0,0.0,200.93,0.51633,-0.04617,-4.649,0.51839,0.71735,29.99
154.78,0.50597,-0.03194,-1.593,0.50698,0.73919,29.99,0.49722,0.00185,0.281,0.49722,0.68151,19.99,0.0,0.0,-4.679,0.0,0.0,200.93,0.50563,-0.04518,-4.679,0.50765,0.72867,29.99
155.031,0.49757,-0.03242,-1.593,0.49863,0.74547,29.99,0.49037,0.00182,0.23,0.49037,0.68747,18.99,0.0,0.0,-4.673,0.0,0.0,199.91,0.49722,-0.04521,-4.675,0.49927,0.73496,29.99
155.28,0.48966,-0.03148,-1.62,0.49068,0.75657,29.99,0.48069,0.00177,0.383,0.4807,0.69345,18.99,0.0,0.0,-4.686,0.0,0.0,199.91,0.48938,-0.04384,-4.686,0.49134,0.74606,29.99
155.531,0.48271,-0.03139,-1.632,0.48373,0.7616,29.99,0.47284,0.00171,0.368,0.47284,0.70589,18.99,0.0,0.0,-4.712,0.0,0.0,199.91,0.48243,-0.04338,-4.704,0.48438,0.75108,29.99
155.78,0.47327,-0.03141,-1.643,0.47431,0.77299,29.99,0.46308,0.00166,0.349,0.46308,0.71162,18.99,0.0,0.0,-4.784,0.0,0.0,199.91,0.47301,-0.04289,-4.781,0.47495,0.76247,29.99
156.03,0.46415,-0.03078,-1.711,0.46517,0.77935,29.99,0.45274,0.00161,0.218,0.45275,0.72427,18.99,0.0,0.0,-4.894,0.0,0.0,199.91,0.46394,-0.04175,-4.878,0.46581,0.76884,29.99
156.28,0.45235,-0.0301,-1.786,0.45335,0.79117,29.62,0.4417,0.00158,0.183,0.4417,0.73703,20.81,0.0,0.0,-4.936,0.0,0.0,201.74,0.4522,-0.04042,-4.933,0.454,0.78065,29.62
156.531,0.44346,-0.02959,-1.833,0.44445,0.80178,29.62,0.43219,0.00154,0.226,0.4322,0.74271,20.81,0.0,0.0,-4.98,0.0,0.0,201.74,0.44335,-0.03943,-4.965,0.4451,0.79126,29.62
156.78,0.43229,-0.0305,-1.845,0.43336,0.8142,29.62,0.42246,0.0015,0.24,0.42246,0.75428,20.81,0.0,0.0,-5.038,0.0,0.0,201.74,0.43214,-0.03972,-5.037,0.43396,0.80368,29.62
157.03,0.42205,-0.02991,-1.882,0.4231,0.81998,29.62,0.41234,0.00147,0.145,0.41234,0.76639,20.81,0.0,0.0,-5.072,0.0,0.0,201.74,0.42195,-0.03855,-5.069,0.42371,0.80946,29.62
157.281,0.40886,-0.03033,-1.853,0.40998,0.83769,29.99,0.40184,0.00142,0.295,0.40184,0.77689,18.99,0.0,0.0,-5.105,0.0,0.0,199.94,0.40876,-0.03823,-5.106,0.41054,0.82717,29.99
157.531,0.39662,-0.0299,-1.842,0.39775,0.84828,29.99,0.38679,0.00137,0.083,0.38679,0.78943,18.99,0.0,0.0,-5.093,0.0,0.0,199.94,0.39657,-0.03711,-5.098,0.3983,0.83776,29.99
157.78,0.38293,-0.02929,-1.796,0.38405,0.86011,29.99,0.37697,0.00136,0.149,0.37697,0.80171,18.99,0.0,0.0,-5.044,0.0,0.0,199.94,0.38293,-0.03572,-5.043,0.38459,0.84959,29.99
158.031,0.37155,-0.02887,-1.746,0.37267,0.87165,29.99,0.36275,0.00131,0.131,0.36275,0.81344,18.99,0.0,0.0,-5.027,0.0,0.0,199.94,0.37159,-0.03465,-5.029,0.3732,0.86113,29.99
158.28,0.3576,-0.02856,-1.693,0.35874,0.88913,29.99,0.34942,0.00129,0.13,0.34942,0.82931,18.99,0.0,0.0,-5.004,0.0,0.0,199.94,0.35768,-0.03355,-5.001,0.35925,0.87861,29.99
158.531,0.3437,-0.02744,-1.702,0.34479,0.90084,29.6,0.33648,0.00127,0.045,0.33648,0.84225,20.0,0.0,0.0,-4.986,0.0,0.0,199.99,0.34387,-0.03163,-4.98,0.34532,0.89032,29.6
158.78,0.32813,-0.02655,-1.659,0.3292,0.91867,29.6,0.32298,0.00125,0.069,0.32299,0.85574,20.0,0.0,0.0,-4.947,0.0,0.0,199.99,0.32837,-0.02985,-4.947,0.32973,0.90815,29.6
159.03,0.31555,-0.02692,-1.587,0.3167,0.92972,29.6,0.30751,0.00122,0.066,0.30751,0.867,20.0,0.0,0.0,-4.955,0.0,0.0,199.99,0.3158,-0.02949,-4.945,0.31717,0.9192,29.6
159.281,0.30212,-0.02693,-1.55,0.30332,0.94158,29.6,0.29737,0.00123,-0.061,0.29737,0.88136,20.0,0.0,0.0,-4.909,0.0,0.0,199.99,0.30239,-0.02872,-4.908,0.30375,0.93106,29.6
159.53,0.28971,-0.02506,-1.535,0.29079,0.95384,29.6,0.28227,0.00125,-0.096,0.28228,0.89176,20.0,0.0,0.0,-4.857,0.0,0.0,199.99,0.29011,-0.02612,-4.859,0.29128,0.94332,29.6
159.78,0.27443,-0.02547,-1.436,0.27561,0.97097,30.41,0.27084,0.00126,-0.058,0.27085,0.90789,20.01,0.0,0.0,-4.773,0.0,0.0,200.85,0.27483,-0.02564,-4.773,0.27603,0.96046,30.41
160.031,0.26367,-0.02437,-1.367,0.26479,0.98207,30.41,0.26092,0.00126,0.095,0.26092,0.914,20.01,0.0,0.0,-4.679,0.0,0.0,200.85,0.26415,-0.02393,-4.674,0.26523,0.97155,30.41
160.28,0.2524,-0.0242,-1.332,0.25356,0.9936,30.41,0.25104,0.00125,-0.015,0.25104,0.92607,20.01,0.0,0.0,-4.656,0.0,0.0,200.85,0.25291,-0.0231,-4.659,0.25396,0.98308,30.41
160.531,0.24221,-0.02241,-1.306,0.24325,1.00524,30.41,0.24029,0.00124,0.092,0.24029,0.93844,20.01,0.0,0.0,-4.586,0.0,0.0,200.85,0.24284,-0.02073,-4.595,0.24372,0.99472,30.41
160.78,0.22834,-0.02325,-1.203,0.22952,1.01548,30.41,0.22898,0.0012,0.299,0.22898,0.94519,20.01,0.0,0.0,-4.49,0.0,0.0,200.85,0.22894,-0.02078,-4.496,0.22988,1.00496,30.41
161.03,0.21727,-0.02347,-1.13,0.21853,1.02706,29.6,0.21801,0.00113,0.442,0.21801,0.95888,20.0,0.0,0.0,-4.428,0.0,0.0,199.18,0.21788,-0.02037,-4.432,0.21883,1.01655,29.6
161.28,0.20781,-0.02197,-1.108,0.20897,1.03871,29.6,0.20812,0.00104,0.516,0.20812,0.97061,20.0,0.0,0.0,-4.391,0.0,0.0,199.18,0.20852,-0.01833,-4.391,0.20933,1.02819,29.6
161.53,0.19672,-0.02143,-1.077,0.19789,1.0509,29.6,0.19704,0.00094,0.591,0.19704,0.97687,20.0,0.0,0.0,-4.375,0.0,0.0,199.18,0.19748,-0.01716,-4.367,0.19823,1.04039,29.6
161.78,0.18045,-0.02163,-1.038,0.18174,1.0673,29.6,0.1825,0.00082,0.46,0.1825,0.99623,20.0,0.0,0.0,-4.344,0.0,0.0,199.18,0.18123,-0.01641,-4.344,0.18197,1.05678,29.6
162.03,0.16665,-0.02067,-1.042,0.16792,1.07959,30.0,0.16834,0.00071,0.407,0.16834,1.00764,20.0,0.0,0.0,-4.337,0.0,0.0,200.99,0.1675,-0.01466,-4.342,0.16814,1.06907,30.0
162.28,0.15072,-0.01968,-0.994,0.15199,1.09718,30.0,0.15331,0.00058,0.568,0.15331,1.02469,20.0,0.0,0.0,-4.281,0.0,0.0,200.99,0.15165,-0.01276,-4.282,0.15219,1.08667,30.0
162.53,0.13689,-0.01955,-0.965,0.13828,1.10927,30.0,0.13706,0.00042,0.506,0.13706,1.04167,20.0,0.0,0.0,-4.249,0.0,0.0,200.99,0.13786,-0.01183,-4.247,0.13837,1.09875,30.0
162.78,0.12035,-0.01974,-0.905,0.12195,1.12791,30.0,0.12539,0.00035,0.252,0.12539,1.05334,20.0,0.0,0.0,-4.205,0.0,0.0,200.99,0.12133,-0.01108,-4.207,0.12184,1.11739,30.0
163.03,0.10742,-0.01822,-0.883,0.10896,1.13835,30.0,0.11196,0.00031,0.178,0.11196,1.06427,20.0,0.0,0.0,-4.145,0.0,0.0,199.99,0.10852,-0.00884,-4.139,0.10887,1.12783,30.0
163.28,0.09308,-0.01495,-0.865,0.09427,1.15616,30.0,0.09735,0.00026,0.18,0.09735,1.08139,20.0,0.0,0.0,-4.068,0.0,0.0,199.99,0.09438,-0.00476,-4.071,0.0945,1.14564,30.0
163.531,0.07632,-0.0151,-0.782,0.0778,1.169,30.0,0.08034,0.00019,0.251,0.08034,1.09499,20.0,0.0,0.0,-3.982,0.0,0.0,199.99,0.07764,-0.00398,-3.997,0.07774,1.15848,30.0
163.78,0.05379,-0.01521,-0.727,0.0559,1.19563,30.0,0.06116,7e-05,0.363,0.06116,1.11727,20.0,0.0,0.0,-3.938,0.0,0.0,199.99,0.05513,-0.00282,-3.937,0.05521,1.18511,30.0
164.03,0.03876,-0.01434,-0.71,0.04133,1.20853,30.0,0.04478,-4e-05,0.317,0.04478,1.13391,20.0,0.0,0.0,-3.909,0.0,0.0,199.99,0.04018,-0.00112,-3.922,0.04019,1.19801,30.0
164.28,0.02503,-0.01407,-0.665,0.02871,1.22066,30.41,0.03131,-0.0001,0.258,0.03131,1.14742,20.0,0.0,0.0,-3.914,0.0,0.0,201.64,0.02648,-8e-05,-3.915,0.02648,1.21014,30.41
164.53,0.01244,-0.01304,-0.673,0.01803,1.23234,30.41,0.01913,-0.00015,0.185,0.01913,1.15487,20.0,0.0,0.0,-3.912,0.0,0.0,201.64,0.01398,0.00166,-3.925,0.01407,1.22182,30.41
164.78,-0.00235,-0.01441,-0.613,0.0146,1.25001,30.41,0.00856,-0.00017,0.094,0.00857,1.16817,20.0,0.0,0.0,-3.892,0.0,0.0,201.64,-0.00087,0.00112,-3.892,0.00142,1.23949,30.41
165.03,-0.00658,-0.01661,-0.559,0.01786,1.25665,30.41,0.00492,-0.00018,0.221,0.00492,1.1738,20.0,0.0,0.0,-3.895,0.0,0.0,201.64,-0.00522,-0.00083,-3.896,0.00528,1.24613,30.41
165.28,-0.00568,-0.01598,-0.57,0.01696,1.25665,30.0,0.00492,-0.00018,0.221,0.00492,1.1738,20.0,0.0,0.0,-3.905,0.0,0.0,200.0,-0.00428,-0.00025,-3.906,0.00429,1.24613,30.0
165.53,-0.00486,-0.01556,-0.569,0.0163,1.25665,30.0,0.00492,-0.00018,0.221,0.00492,1.1738,20.0,0.0,0.0,-3.912,0.0,0.0,200.0,-0.00344,0.00012,-3.906,0.00344,1.24613,30.0
165.781,-0.00646,-0.01694,-0.542,0.01813,1.25665,30.0,0.00492,-0.00018,0.221,0.00492,1.1738,20.0,0.0,0.0,-3.913,0.0,0.0,200.0,-0.00512,-0.00116,-3.912,0.00525,1.24613,30.0
166.03,-0.00916,-0.01964,-0.481,0.02167,1.25665,30.0,0.00492,-0.00018,0.221,0.00492,1.1738,20.0,0.0,0.0,-3.921,0.0,0.0,200.0,-0.00797,-0.0037,-3.918,0.00879,1.24613,30.0
166.28,-0.01089,-0.02207,-0.432,0.02461,1.26221,30.0,0.00492,-0.00018,0.221,0.00492,1.1738,20.0,0.0,0.0,-3.931,0.0,0.0,200.0,-0.00984,-0.00603,-3.928,0.01154,1.25169,30.0
166.53,-0.01277,-0.02563,-0.336,0.02863,1.2676,28.79,0.00492,-0.00018,0.221,0.00492,1.1738,20.0,0.0,0.0,-3.929,0.0,0.0,199.96,-0.01194,-0.00946,-3.932,0.01523,1.25708,28.79
166.78,-0.01479,-0.02914,-0.234,0.03268,1.27304,28.79,0.00492,-0.00018,0.221,0.00492,1.1738,20.0,0.0,0.0,-3.936,0.0,0.0,199.96,-0.01419,-0.01283,-3.935,0.01913,1.26252,28.79
167.03,-0.01411,-0.02881,-0.244,0.03208,1.27304,28.79,0.00492,-0.00018,0.221,0.00492,1.1738,20.0,0.0,0.0,-3.94,0.0,0.0,199.96,-0.01348,-0.01255,-3.938,0.01842,1.26252,28.79
167.28,-0.01362,-0.02938,-0.221,0.03238,1.27304,28.79,0.00492,-0.00018,0.221,0.00492,1.1738,20.0,0.0,0.0,-3.943,0.0,0.0,199.96,-0.01303,-0.01315,-3.943,0.01851,1.26252,28.79
167.53,-0.01261,-0.03022,-0.204,0.03274,1.27304,28.79,0.00492,-0.00018,0.221,0.00492,1.1738,20.0,0.0,0.0,-3.949,0.0,0.0,199.96,-0.01208,-0.01405,-3.945,0.01853,1.26252,28.79
167.78,-0.01261,-0.03022,-0.204,0.03274,1.27304,30.41,0.00492,-0.00018,0.221,0.00492,1.1738,20.0,0.0,0.0,-3.958,0.0,0.0,200.84,-0.01208,-0.01405,-3.956,0.01853,1.26252,30.41
168.03,-0.01261,-0.03022,-0.204,0.03274,1.27304,30.41,0.00492,-0.00018,0.221,0.00492,1.1738,20.0,0.0,0.0,-3.966,0.0,0.0,200.84,-0.01208,-0.01405,-3.965,0.01853,1.26252,30.41
168.28,-0.01261,-0.03022,-0.204,0.03274,1.27304,30.41,0.00492,-0.00018,0.221,0.00492,1.1738,20.0,0.0,0.0,-3.971,0.0,0.0,200.84,-0.01208,-0.01405,-3.969,0.01853,1.26252,30.41
168.531,-0.01261,-0.03022,-0.204,0.03274,1.27304,30.41,0.00492,-0.00018,0.221,0.00492,1.1738,20.0,0.0,0.0,-3.977,0.0,0.0,200.84,-0.01208,-0.01405,-3.977,0.01853,1.26252,30.41
168.781,-0.01261,-0.03022,-0.204,0.03274,1.27304,29.99,0.00492,-0.00018,0.221,0.00492,1.1738,19.99,0.0,0.0,-3.981,0.0,0.0,200.94,-0.01208,-0.01405,-3.979,0.01853,1.26252,29.99
169.03,-0.01261,-0.03022,-0.204,0.03274,1.27304,29.99,0.00492,-0.00018,0.221,0.00492,1.1738,19.99,0.0,0.0,-3.995,0.0,0.0,200.94,-0.01208,-0.01405,-3.992,0.01853,1.26252,29.99
169.28,-0.01261,-0.03022,-0.204,0.03274,1.27304,29.99,0.00492,-0.00018,0.221,0.00492,1.1738,19.99,0.0,0.0,-4.014,0.0,0.0,200.94,-0.01208,-0.01405,-4.011,0.01853,1.26252,29.99
169.531,-0.01261,-0.03022,-0.204,0.03274,1.27304,29.99,0.00492,-0.00018,0.221,0.00492,1.1738,19.99,0.0,0.0,-4.02,0.0,0.0,200.94,-0.01208,-0.01405,-4.017,0.01853,1.26252,29.99
169.78,-0.01261,-0.03022,-0.204,0.03274,1.27304,29.99,0.00492,-0.00018,0.221,0.00492,1.1738,19.99,0.0,0.0,-4.036,0.0,0.0,200.94,-0.01208,-0.01405,-4.036,0.01853,1.26252,29.99
170.031,-0.01261,-0.03022,-0.204,0.03274,1.27304,28.79,0.00492,-0.00018,0.221,0.00492,1.1738,20.0,0.0,0.0,-4.049,0.0,0.0,199.16,-0.01208,-0.01405,-4.046,0.01853,1.26252,28.79
170.28,-0.01261,-0.03022,-0.204,0.03274,1.27304,28.79,0.00492,-0.00018,0.221,0.00492,1.1738,20.0,0.0,0.0,-4.05,0.0,0.0,199.16,-0.01208,-0.01405,-4.049,0.01853,1.26252,28.79
170.53,-0.01261,-0.03022,-0.204,0.03274,1.27304,28.79,0.00492,-0.00018,0.221,0.00492,1.1738,20.0,0.0,0.0,-4.052,0.0,0.0,199.16,-0.01208,-0.01405,-4.052,0.01853,1.26252,28.79
170.78,-0.01261,-0.03022,-0.204,0.03274,1.27304,28.79,0.00492,-0.00018,0.221,0.00492,1.1738,20.0,0.0,0.0,-4.049,0.0,0.0,199.16,-0.01208,-0.01405,-4.048,0.01853,1.26252,28.79
171.031,-0.01261,-0.03022,-0.204,0.03274,1.27304,28.79,0.00492,-0.00018,0.221,0.00492,1.1738,20.0,0.0,0.0,-4.058,0.0,0.0,199.16,-0.01208,-0.01405,-4.059,0.01853,1.26252,28.79
171.281,-0.01261,-0.03022,-0.204,0.03274,1.27304,30.39,0.00492,-0.00018,0.221,0.00492,1.1738,19.99,0.0,0.0,-4.046,0.0,0.0,200.75,-0.01208,-0.01405,-4.045,0.01853,1.26252,30.39
171.53,-0.01267,-0.0304,-0.2,0.03293,1.27304,30.39,0.00492,-0.00018,0.221,0.00492,1.1738,19.99,0.0,0.0,-4.055,0.0,0.0,200.75,-0.01214,-0.01423,-4.049,0.01871,1.26252,30.39
171.78,-0.01272,-0.03077,-0.195,0.03329,1.27304,30.39,0.00492,-0.00018,0.221,0.00492,1.1738,19.99,0.0,0.0,-4.058,0.0,0.0,200.75,-0.01222,-0.0146,-4.061,0.01904,1.26252,30.39
172.03,-0.01279,-0.03083,-0.196,0.03338,1.27304,30.39,0.00492,-0.00018,0.221,0.00492,1.1738,19.99,0.0,0.0,-4.057,0.0,0.0,200.75,-0.01229,-0.01465,-4.059,0.01913,1.26252,30.39
172.28,-0.01298,-0.03126,-0.194,0.03384,1.27304,30.39,0.00492,-0.00018,0.221,0.00492,1.1738,19.99,0.0,0.0,-4.064,0.0,0.0,200.75,-0.01251,-0.01506,-4.064,0.01958,1.26252,30.39
172.53,-0.01301,-0.03146,-0.187,0.03404,1.27304,29.62,0.00492,-0.00018,0.221,0.00492,1.1738,20.01,0.0,0.0,-4.068,0.0,0.0,199.31,-0.01256,-0.01526,-4.064,0.01976,1.26252,29.62
172.78,-0.01319,-0.03215,-0.167,0.03475,1.27304,29.62,0.00492,-0.00018,0.221,0.00492,1.1738,20.01,0.0,0.0,-4.079,0.0,0.0,199.31,-0.01278,-0.01595,-4.078,0.02044,1.26252,29.62
173.031,-0.01319,-0.03215,-0.167,0.03475,1.27304,29.62,0.00492,-0.00018,0.221,0.00492,1.1738,20.01,0.0,0.0,-4.091,0.0,0.0,199.31,-0.01278,-0.01595,-4.089,0.02044,1.26252,29.62
173.28,-0.0133,-0.03239,-0.167,0.03502,1.27304,29.62,0.00492,-0.00018,0.221,0.00492,1.1738,20.01,0.0,0.0,-4.095,0.0,0.0,199.31,-0.01291,-0.01618,-4.097,0.02069,1.26252,29.62
173.531,-0.01335,-0.03266,-0.16,0.03528,1.27304,28.99,0.00492,-0.00018,0.221,0.00492,1.1738,19.99,0.0,0.0,-4.108,0.0,0.0,200.91,-0.01298,-0.01643,-4.11,0.02094,1.26252,28.99
173.78,-0.01352,-0.03332,-0.138,0.03596,1.27304,28.99,0.00492,-0.00018,0.221,0.00492,1.1738,19.99,0.0,0.0,-4.11,0.0,0.0,200.91,-0.01319,-0.01709,-4.11,0.02159,1.26252,28.99
174.03,-0.01349,-0.03337,-0.136,0.036,1.27304,28.99,0.00492,-0.00018,0.221,0.00492,1.1738,19.99,0.0,0.0,-4.127,0.0,0.0,200.91,-0.01317,-0.01714,-4.128,0.02161,1.26252,28.99
174.28,-0.0136,-0.03377,-0.125,0.0364,1.27304,28.99,0.00492,-0.00018,0.221,0.00492,1.1738,19.99,0.0,0.0,-4.133,0.0,0.0,200.91,-0.0133,-0.01752,-4.133,0.022,1.26252,28.99
174.531,-0.01372,-0.03411,-0.119,0.03677,1.27304,28.99,0.00492,-0.00018,0.221,0.00492,1.1738,19.99,0.0,0.0,-4.14,0.0,0.0,200.91,-0.01345,-0.01786,-4.14,0.02236,1.26252,28.99
174.78,-0.01397,-0.03424,-0.115,0.03698,1.27304,30.42,0.00492,-0.00018,0.221,0.00492,1.1738,20.01,0.0,0.0,-4.151,0.0,0.0,200.9,-0.01371,-0.01797,-4.15,0.0226,1.26252,30.42
175.03,-0.0141,-0.03441,-0.11,0.03719,1.27304,30.42,0.00492,-0.00018,0.221,0.00492,1.1738,20.01,0.0,0.0,-4.137,0.0,0.0,200.9,-0.01385,-0.01814,-4.137,0.02282,1.26252,30.42
175.28,-0.01412,-0.03457,-0.107,0.03734,1.27806,30.42,0.00492,-0.00018,0.221,0.00492,1.1738,20.01,0.0,0.0,-4.152,0.0,0.0,200.9,-0.01388,-0.01829,-4.153,0.02296,1.26753,30.42
175.53,-0.01409,-0.03464,-0.107,0.03739,1.27806,30.42,0.00492,-0.00018,0.221,0.00492,1.1738,20.01,0.0,0.0,-4.158,0.0,0.0,200.9,-0.01386,-0.01836,-4.155,0.023,1.26753,30.42
175.78,-0.01396,-0.03489,-0.097,0.03758,1.27806,30.42,0.00492,-0.00018,0.221,0.00492,1.1738,20.01,0.0,0.0,-4.171,0.0,0.0,200.9,-0.01375,-0.01862,-4.171,0.02315,1.26753,30.42
176.031,-0.01401,-0.03516,-0.086,0.03785,1.27806,29.59,0.00492,-0.00018,0.221,0.00492,1.1738,19.19,0.0,0.0,-4.182,0.0,0.0,199.94,-0.01381,-0.01889,-4.187,0.0234,1.26753,29.59
176.28,-0.01401,-0.03516,-0.086,0.03785,1.27806,29.59,0.00492,-0.00018,0.221,0.00492,1.1738,19.19,0.0,0.0,-4.189,0.0,0.0,199.94,-0.01381,-0.01889,-4.19,0.0234,1.26753,29.59
176.531,-0.01396,-0.03523,-0.084,0.0379,1.27806,29.59,0.00492,-0.00018,0.221,0.00492,1.1738,19.19,0.0,0.0,-4.191,0.0,0.0,199.94,-0.01377,-0.01896,-4.19,0.02343,1.26753,29.59
176.78,-0.01398,-0.03571,-0.077,0.03835,1.27806,29.59,0.00492,-0.00018,0.221,0.00492,1.1738,19.19,0.0,0.0,-4.203,0.0,0.0,199.94,-0.01383,-0.01944,-4.203,0.02385,1.26753,29.59
177.03,-0.01408,-0.03605,-0.071,0.0387,1.27806,29.59,0.00492,-0.00018,0.221,0.00492,1.1738,19.19,0.0,0.0,-4.21,0.0,0.0,199.94,-0.01395,-0.01976,-4.21,0.02419,1.26753,29.59
177.28,-0.01408,-0.0361,-0.068,0.03875,1.27806,30.41,0.00492,-0.00018,0.221,0.00492,1.1738,20.01,0.0,0.0,-4.209,0.0,0.0,200.86,-0.01395,-0.01982,-4.208,0.02424,1.26753,30.41
177.531,-0.01399,-0.03642,-0.059,0.03901,1.27806,30.41,0.00492,-0.00018,0.221,0.00492,1.1738,20.01,0.0,0.0,-4.222,0.0,0.0,200.86,-0.01388,-0.02014,-4.226,0.02446,1.26753,30.41
177.78,-0.0139,-0.03664,-0.054,0.03919,1.27806,30.41,0.00492,-0.00018,0.221,0.00492,1.1738,20.01,0.0,0.0,-4.228,0.0,0.0,200.86,-0.01381,-0.02037,-4.231,0.02461,1.26753,30.41
178.03,-0.01362,-0.03659,-0.052,0.03904,1.27806,30.41,0.00492,-0.00018,0.221,0.00492,1.1738,20.01,0.0,0.0,-4.232,0.0,0.0,200.86,-0.01352,-0.02034,-4.23,0.02443,1.26753,30.41
178.281,-0.0136,-0.03658,-0.053,0.03903,1.27806,28.99,0.00492,-0.00018,0.221,0.00492,1.1738,20.0,0.0,0.0,-4.236,0.0,0.0,199.95,-0.01351,-0.02034,-4.236,0.02441,1.26753,28.99
178.53,-0.01364,-0.03668,-0.058,0.03914,1.27806,28.99,0.00492,-0.00018,0.221,0.00492,1.1738,20.0,0.0,0.0,-4.24,0.0,0.0,199.95,-0.01356,-0.02043,-4.243,0.02452,1.26753,28.99
178.78,-0.01378,-0.03707,-0.048,0.03954,1.27806,28.99,0.00492,-0.00018,0.221,0.00492,1.1738,20.0,0.0,0.0,-4.241,0.0,0.0,199.95,-0.01372,-0.0208,-4.243,0.02492,1.26753,28.99
179.031,-0.01402,-0.0373,-0.042,0.03985,1.27806,28.99,0.00492,-0.00018,0.221,0.00492,1.1738,20.0,0.0,0.0,-4.261,0.0,0.0,199.95,-0.01398,-0.02102,-4.261,0.02524,1.26753,28.99
179.281,-0.01417,-0.03763,-0.031,0.04021,1.27806,28.99,0.00492,-0.00018,0.221,0.00492,1.1738,20.0,0.0,0.0,-4.271,0.0,0.0,199.95,-0.01415,-0.02133,-4.272,0.0256,1.26753,28.99
179.53,-0.01339,-0.03694,-0.047,0.03929,1.27806,29.6,0.00492,-0.00018,0.221,0.00492,1.1738,20.0,0.0,0.0,-4.278,0.0,0.0,200.02,-0.01332,-0.02071,-4.282,0.02462,1.26753,29.6
179.78,-0.01334,-0.03632,-0.069,0.03869,1.27806,29.6,0.00492,-0.00018,0.221,0.00492,1.1738,20.0,0.0,0.0,-4.287,0.0,0.0,200.02,-0.01323,-0.02009,-4.286,0.02406,1.26753,29.6
180.03,-0.01304,-0.03605,-0.074,0.03834,1.27806,29.6,0.00492,-0.00018,0.221,0.00492,1.1738,20.0,0.0,0.0,-4.282,0.0,0.0,200.02,-0.01291,-0.01985,-4.283,0.02367,1.26753,29.6
180.28,-0.01326,-0.03634,-0.06,0.03868,1.27806,29.6,0.00492,-0.00018,0.221,0.00492,1.1738,20.0,0.0,0.0,-4.283,0.0,0.0,200.02,-0.01315,-0.02012,-4.284,0.02403,1.26753,29.6
180.531,-0.01322,-0.03595,-0.066,0.0383,1.27806,29.0,0.00492,-0.00018,0.221,0.00492,1.1738,20.0,0.0,0.0,-4.28,0.0,0.0,199.97,-0.01308,-0.01973,-4.28,0.02367,1.26753,29.0
180.78,-0.01269,-0.03498,-0.09,0.03721,1.27806,29.0,0.00492,-0.00018,0.221,0.00492,1.1738,20.0,0.0,0.0,-4.285,0.0,0.0,199.97,-0.01248,-0.0188,-4.287,0.02257,1.26753,29.0
181.03,-0.01267,-0.03487,-0.092,0.0371,1.27806,29.0,0.00492,-0.00018,0.221,0.00492,1.1738,20.0,0.0,0.0,-4.29,0.0,0.0,199.97,-0.01245,-0.0187,-4.293,0.02246,1.26753,29.0
181.28,-0.01264,-0.03478,-0.094,0.03701,1.27806,29.0,0.00492,-0.00018,0.221,0.00492,1.1738,20.0,0.0,0.0,-4.305,0.0,0.0,199.97,-0.01242,-0.01861,-4.306,0.02237,1.26753,29.0
181.531,-0.01253,-0.0345,-0.094,0.03671,1.27806,29.99,0.00492,-0.00018,0.221,0.00492,1.1738,20.0,0.0,0.0,-4.309,0.0,0.0,200.95,-0.01229,-0.01834,-4.31,0.02208,1.26753,29.99
181.78,-0.01302,-0.03629,-0.032,0.03855,1.27806,29.99,0.00492,-0.00018,0.221,0.00492,1.1738,20.0,0.0,0.0,-4.312,0.0,0.0,200.95,-0.01291,-0.02008,-4.31,0.02387,1.26753,29.99
182.031,-0.01232,-0.03639,-0.041,0.03841,1.27806,29.99,0.00508,-0.00018,0.276,0.00508,1.1738,20.0,0.0,0.0,-4.336,0.0,0.0,200.95,-0.01221,-0.02023,-4.336,0.02363,1.26753,29.99
182.28,-0.01218,-0.03662,-0.042,0.03859,1.27806,29.99,0.00508,-0.00018,0.276,0.00508,1.1738,20.0,0.0,0.0,-4.342,0.0,0.0,200.95,-0.01209,-0.02048,-4.343,0.02378,1.26753,29.99
182.531,-0.01201,-0.037,-0.021,0.0389,1.27806,29.99,0.00545,-0.00018,0.222,0.00545,1.1738,20.0,0.0,0.0,-4.323,0.0,0.0,200.95,-0.01195,-0.02087,-4.328,0.02405,1.26753,29.99
182.78,-0.0112,-0.03771,0.008,0.03934,1.27806,30.41,0.00641,-0.00017,0.328,0.00641,1.1738,20.01,0.0,0.0,-4.319,0.0,0.0,200.87,-0.0112,-0.02164,-4.319,0.02437,1.26753,30.41
183.031,-0.01042,-0.03781,0.007,0.03922,1.27806,30.41,0.00755,-0.00017,0.347,0.00755,1.1738,20.01,0.0,0.0,-4.343,0.0,0.0,200.87,-0.01043,-0.0218,-4.338,0.02417,1.26753,30.41
183.28,-0.00677,-0.03762,-0.016,0.03822,1.28348,30.41,0.01063,-0.00014,0.551,0.01063,1.17928,20.01,0.0,0.0,-4.33,0.0,0.0,200.87,-0.00677,-0.02188,-4.331,0.02291,1.27295,30.41
183.531,-0.00624,-0.03718,-0.023,0.0377,1.28348,30.41,0.01089,-0.00014,0.498,0.01089,1.17928,20.01,0.0,0.0,-4.335,0.0,0.0,200.87,-0.00622,-0.02149,-4.336,0.02237,1.27295,30.41
183.78,-0.00626,-0.03748,-0.024,0.038,1.28348,30.41,0.01089,-0.00014,0.498,0.01089,1.17928,20.01,0.0,0.0,-4.35,0.0,0.0,200.87,-0.00625,-0.02178,-4.351,0.02266,1.27295,30.41
184.03,-0.00594,-0.03713,-0.04,0.0376,1.28348,29.6,0.01094,-0.00014,0.515,0.01094,1.17928,20.0,0.0,0.0,-4.386,0.0,0.0,200.01,-0.00591,-0.02145,-4.377,0.02225,1.27295,29.6
184.281,-0.00361,-0.0379,-0.033,0.03807,1.28848,29.6,0.0136,-0.00011,0.679,0.0136,1.17928,20.0,0.0,0.0,-4.391,0.0,0.0,200.01,-0.00365,-0.0224,-4.397,0.0227,1.27795,29.6
184.53,-0.00248,-0.03788,-0.019,0.03796,1.28848,29.6,0.01507,-9e-05,0.751,0.01507,1.17928,20.0,0.0,0.0,-4.401,0.0,0.0,200.01,-0.00252,-0.02246,-4.4,0.0226,1.27795,29.6
184.781,-0.0025,-0.03804,-0.013,0.03812,1.28848,29.6,0.01507,-9e-05,0.751,0.01507,1.17928,20.0,0.0,0.0,-4.402,0.0,0.0,200.01,-0.00255,-0.02262,-4.397,0.02276,1.27795,29.6
185.031,-0.00264,-0.03824,-0.0,0.03833,1.28848,29.97,0.01544,-8e-05,0.804,0.01544,1.1843,19.98,0.0,0.0,-4.417,0.0,0.0,199.83,-0.0027,-0.02281,-4.407,0.02297,1.27795,29.97
185.28,8e-05,-0.03919,0.007,0.03919,1.29373,29.97,0.01881,-3e-05,0.876,0.01881,1.1843,19.98,0.0,0.0,-4.444,0.0,0.0,199.83,-7e-05,-0.02398,-4.439,0.02398,1.2832,29.97
185.53,0.00478,-0.03957,0.026,0.03986,1.2989,29.97,0.02432,6e-05,0.911,0.02432,1.18995,19.98,0.0,0.0,-4.425,0.0,0.0,199.83,0.00459,-0.02472,-4.438,0.02514,1.28837,29.97
185.78,0.00636,-0.03858,-0.014,0.0391,1.2989,29.97,0.02558,8e-05,0.895,0.02558,1.18995,19.98,0.0,0.0,-4.443,0.0,0.0,199.83,0.00624,-0.02385,-4.443,0.02466,1.28837,29.97
186.03,0.00594,-0.03961,0.019,0.04006,1.2989,29.97,0.02558,8e-05,0.895,0.02558,1.18995,19.98,0.0,0.0,-4.453,0.0,0.0,199.83,0.00575,-0.02485,-4.453,0.0255,1.28837,29.97
186.28,0.006,-0.03923,0.004,0.03969,1.2989,30.42,0.02558,8e-05,0.895,0.02558,1.18995,20.01,0.0,0.0,-4.457,0.0,0.0,200.95,0.00583,-0.02448,-4.455,0.02516,1.28837,30.42
186.531,0.00613,-0.0384,-0.036,0.03888,1.2989,30.42,0.02558,8e-05,0.895,0.02558,1.18995,20.01,0.0,0.0,-4.461,0.0,0.0,200.95,0.00602,-0.02365,-4.461,0.02441,1.28837,30.42
186.78,0.00598,-0.03831,-0.041,0.03878,1.2989,30.42,0.02558,8e-05,0.895,0.02558,1.18995,20.01,0.0,0.0,-4.475,0.0,0.0,200.95,0.00588,-0.02356,-4.475,0.02428,1.28837,30.42
187.031,0.00576,-0.03834,-0.041,0.03877,1.2989,30.42,0.02558,8e-05,0.895,0.02558,1.18995,20.01,0.0,0.0,-4.473,0.0,0.0,200.95,0.00567,-0.02356,-4.472,0.02424,1.28837,30.42
187.281,0.00556,-0.03827,-0.045,0.03867,1.2989,29.99,0.02558,8e-05,0.895,0.02558,1.18995,19.99,0.0,0.0,-4.472,0.0,0.0,200.92,0.00547,-0.02348,-4.471,0.02411,1.28837,29.99
187.531,0.00527,-0.03845,-0.04,0.03881,1.2989,29.99,0.02558,8e-05,0.895,0.02558,1.18995,19.99,0.0,0.0,-4.469,0.0,0.0,200.92,0.00517,-0.02364,-4.473,0.0242,1.28837,29.99
187.78,0.00535,-0.03833,-0.046,0.0387,1.2989,29.99,0.02558,8e-05,0.895,0.02558,1.18995,19.99,0.0,0.0,-4.481,0.0,0.0,200.92,0.00526,-0.02352,-4.48,0.0241,1.28837,29.99
188.03,0.00535,-0.03833,-0.046,0.0387,1.2989,29.99,0.02558,8e-05,0.895,0.02558,1.18995,19.99,0.0,0.0,-4.477,0.0,0.0,200.92,0.00526,-0.02352,-4.477,0.0241,1.28837,29.99
188.28,0.00535,-0.03833,-0.046,0.0387,1.2989,29.99,0.02558,8e-05,0.895,0.02558,1.18995,19.99,0.0,0.0,-4.488,0.0,0.0,200.92,0.00526,-0.02352,-4.488,0.0241,1.28837,29.99
188.531,0.00535,-0.03833,-0.046,0.0387,1.2989,29.6,0.02558,8e-05,0.895,0.02558,1.18995,20.0,0.0,0.0,-4.488,0.0,0.0,200.01,0.00526,-0.02352,-4.489,0.0241,1.28837,29.6
188.78,0.00535,-0.03833,-0.046,0.0387,1.2989,29.6,0.02558,8e-05,0.895,0.02558,1.18995,20.0,0.0,0.0,-4.498,0.0,0.0,200.01,0.00526,-0.02352,-4.497,0.0241,1.28837,29.6
189.03,0.00535,-0.03833,-0.046,0.0387,1.2989,29.6,0.02558,8e-05,0.895,0.02558,1.18995,20.0,0.0,0.0,-4.51,0.0,0.0,200.01,0.00526,-0.02352,-4.51,0.0241,1.28837,29.6
189.28,0.00535,-0.03833,-0.046,0.0387,1.2989,29.6,0.02558,8e-05,0.895,0.02558,1.18995,20.0,0.0,0.0,-4.525,0.0,0.0,200.01,0.00526,-0.02352,-4.525,0.0241,1.28837,29.6
189.531,0.00535,-0.03833,-0.046,0.0387,1.2989,29.6,0.02558,8e-05,0.895,0.02558,1.18995,20.0,0.0,0.0,-4.522,0.0,0.0,200.01,0.00526,-0.02352,-4.522,0.0241,1.28837,29.6
189.781,0.00535,-0.03833,-0.046,0.0387,1.2989,30.39,0.02558,8e-05,0.895,0.02558,1.18995,19.99,0.0,0.0,-4.535,0.0,0.0,200.75,0.00526,-0.02352,-4.536,0.0241,1.28837,30.39
190.03,0.00535,-0.03833,-0.046,0.0387,1.2989,30.39,0.02558,8e-05,0.895,0.02558,1.18995,19.99,0.0,0.0,-4.541,0.0,0.0,200.75,0.00526,-0.02352,-4.543,0.0241,1.28837,30.39
190.281,0.00535,-0.03833,-0.046,0.0387,1.2989,30.39,0.02558,8e-05,0.895,0.02558,1.18995,19.99,0.0,0.0,-4.539,0.0,0.0,200.75,0.00526,-0.02352,-4.538,0.0241,1.28837,30.39
190.53,0.00526,-0.03854,-0.025,0.0389,1.2989,30.39,0.02574,8e-05,0.913,0.02574,1.18995,19.99,0.0,0.0,-4.517,0.0,0.0,200.75,0.00515,-0.02373,-4.505,0.02428,1.28837,30.39
190.78,0.00906,-0.03931,-0.003,0.04034,1.2989,30.39,0.03027,0.00015,0.782,0.03027,1.19498,19.99,0.0,0.0,-4.511,0.0,0.0,200.75,0.00888,-0.02479,-4.519,0.02634,1.28837,30.39
191.03,0.01812,-0.03934,0.048,0.04331,1.30936,29.62,0.03971,0.00029,0.847,0.03971,1.20614,20.01,0.0,0.0,-4.462,0.0,0.0,200.12,0.0179,-0.02553,-4.465,0.03118,1.29884,29.62
191.28,0.03041,-0.03915,0.092,0.04958,1.32161,29.62,0.05127,0.00045,0.776,0.05128,1.22014,20.01,0.0,0.0,-4.37,0.0,0.0,200.12,0.03018,-0.02631,-4.372,0.04003,1.31108,29.62
191.531,0.03986,-0.03962,0.137,0.0562,1.33286,29.62,0.06147,0.00058,0.758,0.06147,1.22659,20.01,0.0,0.0,-4.328,0.0,0.0,200.12,0.03956,-0.02751,-4.327,0.04818,1.32233,29.62
191.78,0.05018,-0.03959,0.177,0.06392,1.34435,29.62,0.07056,0.0007,0.811,0.07056,1.2373,20.01,0.0,0.0,-4.308,0.0,0.0,200.12,0.04985,-0.02828,-4.31,0.05732,1.33382,29.62
192.031,0.06254,-0.03929,0.229,0.07386,1.35671,28.98,0.08329,0.00088,0.829,0.0833,1.24929,19.98,0.0,0.0,-4.255,0.0,0.0,200.84,0.0622,-0.02895,-4.262,0.0686,1.34619,28.98
192.28,0.0794,-0.03978,0.32,0.08881,1.37359,28.98,0.0987,0.00114,1.014,0.0987,1.2663,19.98,0.0,0.0,-4.156,0.0,0.0,200.84,0.07897,-0.03075,-4.161,0.08474,1.36306,28.98
192.53,0.09525,-0.0399,0.382,0.10327,1.38701,28.98,0.11784,0.0015,1.148,0.11785,1.28671,19.98,0.0,0.0,-4.098,0.0,0.0,200.84,0.09476,-0.03211,-4.092,0.10005,1.37649,28.98
192.78,0.11372,-0.04039,0.427,0.12068,1.40792,28.98,0.13285,0.00182,1.272,0.13286,1.30173,19.98,0.0,0.0,-4.051,0.0,0.0,200.84,0.11313,-0.03404,-4.052,0.11814,1.3974,28.98
193.031,0.1299,-0.04036,0.442,0.13602,1.42168,28.98,0.14935,0.00222,1.414,0.14937,1.31526,19.98,0.0,0.0,-4.01,0.0,0.0,200.84,0.12926,-0.03528,-4.026,0.13399,1.41115,28.98
193.28,0.15144,-0.03996,0.531,0.15662,1.44568,28.01,0.16821,0.00275,1.705,0.16823,1.3371,20.01,0.0,0.0,-3.946,0.0,0.0,200.11,0.15077,-0.03656,-3.949,0.15513,1.43515,28.01
193.53,0.17073,-0.04015,0.593,0.17538,1.46256,28.01,0.18714,0.00333,1.776,0.18717,1.35256,20.01,0.0,0.0,-3.863,0.0,0.0,200.11,0.16999,-0.03823,-3.879,0.17423,1.45203,28.01
193.78,0.19016,-0.03939,0.659,0.1942,1.48215,28.01,0.20509,0.00395,2.114,0.20513,1.37338,20.01,0.0,0.0,-3.765,0.0,0.0,200.11,0.18942,-0.03898,-3.765,0.19339,1.47163,28.01
194.03,0.20673,-0.03936,0.744,0.21044,1.49656,28.01,0.22159,0.00459,2.327,0.22164,1.38703,20.01,0.0,0.0,-3.684,0.0,0.0,200.11,0.20594,-0.04023,-3.702,0.20983,1.48603,28.01
194.28,0.22619,-0.03999,0.793,0.2297,1.518,30.0,0.23944,0.00535,2.477,0.2395,1.40838,20.0,0.0,0.0,-3.684,0.0,0.0,199.99,0.2253,-0.04237,-3.684,0.22925,1.50747,30.0
194.53,0.24268,-0.04025,0.886,0.246,1.53706,30.0,0.25669,0.00611,2.566,0.25676,1.42251,20.0,0.0,0.0,-3.641,0.0,0.0,199.99,0.24172,-0.04392,-3.633,0.24568,1.52653,30.0
194.78,0.26272,-0.04023,0.869,0.26578,1.55453,30.0,0.27508,0.00694,2.621,0.27517,1.44406,20.0,0.0,0.0,-3.678,0.0,0.0,199.99,0.26169,-0.04548,-3.678,0.26562,1.544,30.0
195.031,0.28044,-0.04049,0.932,0.28335,1.57007,30.0,0.29345,0.0078,2.725,0.29356,1.45783,20.0,0.0,0.0,-3.597,0.0,0.0,199.99,0.27934,-0.04714,-3.613,0.28329,1.55954,30.0
195.28,0.30166,-0.03992,0.979,0.30429,1.59344,30.0,0.31297,0.00878,2.907,0.31309,1.48041,20.0,0.0,0.0,-3.578,0.0,0.0,199.99,0.30053,-0.04826,-3.574,0.30438,1.58292,30.0
195.531,0.31927,-0.04013,1.064,0.32179,1.60878,29.59,0.33412,0.00982,2.837,0.33426,1.50316,19.99,0.0,0.0,-3.486,0.0,0.0,199.94,0.31808,-0.04986,-3.489,0.32196,1.59825,29.59
195.78,0.33995,-0.03981,1.205,0.34227,1.6344,29.59,0.35035,0.01064,2.99,0.35051,1.51941,19.99,0.0,0.0,-3.351,0.0,0.0,199.94,0.33871,-0.05117,-3.356,0.34256,1.62387,29.59
196.03,0.36157,-0.0409,1.319,0.36388,1.65292,29.59,0.37266,0.01183,3.039,0.37285,1.53727,19.99,0.0,0.0,-3.295,0.0,0.0,199.94,0.36018,-0.05399,-3.303,0.3642,1.64239,29.59
196.28,0.38691,-0.04045,1.382,0.38902,1.67846,29.59,0.39529,0.01304,3.058,0.3955,1.56442,19.99,0.0,0.0,-3.237,0.0,0.0,199.94,0.38547,-0.05558,-3.244,0.38945,1.66793,29.59
196.53,0.40895,-0.03971,1.461,0.41088,1.70363,29.59,0.41778,0.01427,3.168,0.41802,1.58241,19.99,0.0,0.0,-3.133,0.0,0.0,199.94,0.4075,-0.0566,-3.141,0.41142,1.6931,29.59
196.78,0.43339,-0.03969,1.537,0.4352,1.72809,29.6,0.43994,0.01551,3.214,0.44021,1.60896,20.0,0.0,0.0,-3.08,0.0,0.0,200.82,0.43186,-0.05855,-3.08,0.43581,1.71756,29.6
197.031,0.45284,-0.04048,1.682,0.45465,1.74472,29.6,0.46132,0.01679,3.521,0.46162,1.62606,20.0,0.0,0.0,-2.974,0.0,0.0,200.82,0.45118,-0.06091,-2.962,0.45528,1.73419,29.6
197.28,0.47623,-0.04024,1.781,0.47792,1.76775,29.6,0.48217,0.01812,3.7,0.48251,1.65145,20.0,0.0,0.0,-2.861,0.0,0.0,200.82,0.47451,-0.06255,-2.864,0.47862,1.75722,29.6
197.53,0.49812,-0.03902,1.77,0.49965,1.79295,29.6,0.50452,0.01957,3.808,0.5049,1.66916,20.0,0.0,0.0,-2.8,0.0,0.0,200.82,0.49643,-0.06312,-2.823,0.50043,1.78243,29.6
197.78,0.52469,-0.03821,2.028,0.52608,1.81958,29.6,0.5299,0.02134,4.089,0.53033,1.69928,20.0,0.0,0.0,-2.545,0.0,0.0,200.82,0.52299,-0.0644,-2.552,0.52694,1.80905,29.6
198.031,0.5454,-0.03698,2.138,0.54666,1.83763,29.6,0.54973,0.02282,4.357,0.5502,1.71488,20.0,0.0,0.0,-2.43,0.0,0.0,200.79,0.54373,-0.06483,-2.433,0.54758,1.8271,29.6
198.28,0.56838,-0.03686,2.256,0.56958,1.86099,29.6,0.57149,0.02453,4.529,0.57201,1.73982,20.0,0.0,0.0,-2.34,0.0,0.0,200.79,0.56665,-0.06654,-2.342,0.57054,1.85046,29.6
198.53,0.58626,-0.03632,2.344,0.58738,1.88133,29.6,0.58584,0.02568,4.601,0.5864,1.75539,20.0,0.0,0.0,-2.227,0.0,0.0,200.79,0.58451,-0.06744,-2.231,0.58839,1.87081,29.6
198.78,0.60819,-0.03459,2.448,0.60917,1.90339,29.6,0.60864,0.02756,4.825,0.60927,1.77827,20.0,0.0,0.0,-2.138,0.0,0.0,200.79,0.60651,-0.06747,-2.136,0.61025,1.89287,29.6
199.03,0.61705,-0.03399,2.458,0.61799,1.90912,29.6,0.61742,0.02832,4.968,0.61807,1.7839,20.0,0.0,0.0,-2.16,0.0,0.0,200.79,0.61539,-0.06758,-2.152,0.61909,1.89859,29.6
199.28,0.61641,-0.03399,2.432,0.61735,1.90912,30.41,0.61742,0.02832,4.968,0.61807,1.7839,20.0,0.0,0.0,-2.166,0.0,0.0,200.05,0.61475,-0.06753,-2.167,0.61845,1.89859,30.41
199.531,0.61623,-0.03367,2.411,0.61715,1.90912,30.41,0.61742,0.02832,4.968,0.61807,1.7839,20.0,0.0,0.0,-2.168,0.0,0.0,200.05,0.61459,-0.06719,-2.166,0.61826,1.89859,30.41
199.78,0.61603,-0.03383,2.417,0.61696,1.90912,30.41,0.61742,0.02832,4.968,0.61807,1.7839,20.0,0.0,0.0,-2.195,0.0,0.0,200.05,0.61439,-0.06734,-2.195,0.61807,1.89859,30.41
200.031,0.61578,-0.03456,2.445,0.61675,1.90912,30.41,0.61742,0.02832,4.968,0.61807,1.7839,20.0,0.0,0.0,-2.203,0.0,0.0,200.05,0.61407,-0.06804,-2.203,0.61783,1.89859,30.41
200.281,0.61598,-0.03459,2.461,0.61695,1.90912,27.99,0.61742,0.02832,4.968,0.61807,1.7839,19.99,0.0,0.0,-2.209,0.0,0.0,200.91,0.61427,-0.06809,-2.21,0.61803,1.89859,27.99
200.531,0.61603,-0.03494,2.48,0.61702,1.90912,27.99,0.61742,0.02832,4.968,0.61807,1.7839,19.99,0.0,0.0,-2.21,0.0,0.0,200.91,0.6143,-0.06844,-2.211,0.6181,1.89859,27.99
200.78,0.61592,-0.03521,2.49,0.61693,1.90912,27.99,0.61742,0.02832,4.968,0.61807,1.7839,19.99,0.0,0.0,-2.217,0.0,0.0,200.91,0.61416,-0.06871,-2.217,0.618,1.89859,27.99
201.03,0.61592,-0.03521,2.49,0.61693,1.90912,27.99,0.61742,0.02832,4.968,0.61807,1.7839,19.99,0.0,0.0,-2.227,0.0,0.0,200.91,0.61416,-0.06871,-2.223,0.618,1.89859,27.99
201.28,0.61571,-0.03544,2.498,0.61673,1.90912,27.99,0.61742,0.02832,4.968,0.61807,1.7839,19.99,0.0,0.0,-2.249,0.0,0.0,200.91,0.61394,-0.06892,-2.248,0.61779,1.89859,27.99
201.531,0.61553,-0.03572,2.509,0.61656,1.90912,29.6,0.61742,0.02832,4.968,0.61807,1.7839,19.2,0.0,0.0,-2.262,0.0,0.0,200.03,0.61373,-0.06918,-2.263,0.61762,1.89859,29.6
201.78,0.61541,-0.03588,2.513,0.61646,1.90912,29.6,0.61742,0.02832,4.968,0.61807,1.7839,19.2,0.0,0.0,-2.27,0.0,0.0,200.03,0.6136,-0.06933,-2.27,0.6175,1.89859,29.6
202.03,0.61542,-0.03581,2.51,0.61646,1.90912,29.6,0.61742,0.02832,4.968,0.61807,1.7839,19.2,0.0,0.0,-2.274,0.0,0.0,200.03,0.61362,-0.06926,-2.267,0.61751,1.89859,29.6
202.28,0.61526,-0.03592,2.505,0.6163,1.90912,29.6,0.61742,0.02832,4.968,0.61807,1.7839,19.2,0.0,0.0,-2.291,0.0,0.0,200.03,0.61344,-0.06935,-2.289,0.61735,1.89859,29.6
202.53,0.61519,-0.03603,2.508,0.61624,1.90912,29.6,0.61742,0.02832,4.968,0.61807,1.7839,19.2,0.0,0.0,-2.293,0.0,0.0,200.03,0.61336,-0.06946,-2.287,0.61728,1.89859,29.6
202.78,0.61518,-0.03619,2.517,0.61625,1.90912,29.61,0.61742,0.02832,4.968,0.61807,1.7839,20.8,0.0,0.0,-2.296,0.0,0.0,199.25,0.61335,-0.06962,-2.297,0.61728,1.89859,29.61
203.03,0.6152,-0.03611,2.516,0.61626,1.90912,29.61,0.61742,0.02832,4.968,0.61807,1.7839,20.8,0.0,0.0,-2.293,0.0,0.0,199.25,0.61337,-0.06954,-2.291,0.6173,1.89859,29.61
203.281,0.6152,-0.036,2.509,0.61626,1.90912,29.61,0.61742,0.02832,4.968,0.61807,1.7839,20.8,0.0,0.0,-2.304,0.0,0.0,199.25,0.61338,-0.06944,-2.305,0.6173,1.89859,29.61
203.53,0.61513,-0.03602,2.5,0.61618,1.90912,29.61,0.61742,0.02832,4.968,0.61807,1.7839,20.8,0.0,0.0,-2.302,0.0,0.0,199.25,0.6133,-0.06944,-2.307,0.61722,1.89859,29.61
203.78,0.61514,-0.03569,2.486,0.61618,1.90912,29.61,0.61742,0.02832,4.968,0.61807,1.7839,20.8,0.0,0.0,-2.3,0.0,0.0,199.25,0.61335,-0.06912,-2.3,0.61723,1.89859,29.61
204.03,0.61514,-0.03569,2.486,0.61618,1.90912,29.6,0.61742,0.02832,4.968,0.61807,1.7839,20.0,0.0,0.0,-2.305,0.0,0.0,200.81,0.61335,-0.06912,-2.305,0.61723,1.89859,29.6
204.28,0.61503,-0.03582,2.489,0.61607,1.90912,29.6,0.61742,0.02832,4.968,0.61807,1.7839,20.0,0.0,0.0,-2.307,0.0,0.0,200.81,0.61322,-0.06923,-2.307,0.61712,1.89859,29.6
204.531,0.61503,-0.03582,2.489,0.61607,1.90912,29.6,0.61742,0.02832,4.968,0.61807,1.7839,20.0,0.0,0.0,-2.312,0.0,0.0,200.81,0.61322,-0.06923,-2.315,0.61712,1.89859,29.6
204.78,0.61502,-0.03582,2.489,0.61607,1.90912,29.6,0.61742,0.02832,4.968,0.61807,1.7839,20.0,0.0,0.0,-2.317,0.0,0.0,200.81,0.61322,-0.06923,-2.317,0.61712,1.89859,29.6
205.03,0.61503,-0.03582,2.489,0.61607,1.90912,28.99,0.61742,0.02832,4.968,0.61807,1.7839,19.99,0.0,0.0,-2.325,0.0,0.0,200.95,0.61322,-0.06923,-2.327,0.61712,1.89859,28.99
205.28,0.61512,-0.03572,2.485,0.61615,1.90912,28.99,0.61742,0.02832,4.968,0.61807,1.7839,19.99,0.0,0.0,-2.353,0.0,0.0,200.95,0.61332,-0.06914,-2.351,0.61721,1.89859,28.99
205.53,0.61544,-0.03544,2.48,0.61646,1.90912,28.99,0.61742,0.02832,4.968,0.61807,1.7839,19.99,0.0,0.0,-2.358,0.0,0.0,200.95,0.61366,-0.06889,-2.359,0.61752,1.89859,28.99
205.781,0.61585,-0.03518,2.48,0.61685,1.90912,28.99,0.61742,0.02832,4.968,0.61807,1.7839,19.99,0.0,0.0,-2.375,0.0,0.0,200.95,0.6141,-0.06867,-2.373,0.61792,1.89859,28.99
206.03,0.61611,-0.03502,2.456,0.61711,1.90912,28.99,0.61742,0.02832,4.968,0.61807,1.7839,19.99,0.0,0.0,-2.463,0.0,0.0,200.95,0.61437,-0.06853,-2.419,0.61818,1.89859,28.99
206.28,0.62087,-0.03532,2.244,0.62187,1.91431,30.41,0.62237,0.02874,4.859,0.62303,1.78898,20.0,0.0,0.0,-2.625,0.0,0.0,200.04,0.61908,-0.06924,-2.633,0.62294,1.90378,30.41
206.53,0.62916,-0.03558,2.209,0.63016,1.9201,30.41,0.63155,0.02952,4.805,0.63224,1.79953,20.0,0.0,0.0,-2.742,0.0,0.0,200.04,0.62732,-0.07021,-2.717,0.63124,1.90957,30.41
206.78,0.64334,-0.03544,2.045,0.64432,1.9364,30.41,0.6448,0.03061,4.619,0.64553,1.81165,20.0,0.0,0.0,-2.935,0.0,0.0,200.04,0.64146,-0.0713,-2.928,0.64541,1.92587,30.41
207.03,0.65796,-0.03465,1.967,0.65887,1.94956,30.41,0.6598,0.03182,4.623,0.66056,1.82652,20.0,0.0,0.0,-2.956,0.0,0.0,200.04,0.65609,-0.07178,-2.965,0.66001,1.93903,30.41
207.28,0.67305,-0.03427,1.948,0.67392,1.96656,30.0,0.67477,0.03302,4.516,0.67558,1.84459,20.0,0.0,0.0,-2.959,0.0,0.0,199.99,0.67116,-0.0727,-2.966,0.67508,1.95603,30.0
207.53,0.68856,-0.03347,1.927,0.68938,1.97955,30.0,0.68658,0.03394,4.502,0.68742,1.85248,20.0,0.0,0.0,-3.0,0.0,0.0,199.99,0.68669,-0.07323,-2.991,0.69058,1.96903,30.0
207.78,0.70638,-0.03289,1.96,0.70714,1.99976,30.0,0.70627,0.03548,4.428,0.70716,1.87622,20.0,0.0,0.0,-2.967,0.0,0.0,199.99,0.70448,-0.07418,-2.97,0.70838,1.98923,30.0
208.03,0.72188,-0.03211,2.072,0.72259,2.01288,30.0,0.72316,0.03679,4.466,0.7241,1.88957,20.0,0.0,0.0,-2.802,0.0,0.0,199.99,0.72,-0.07472,-2.809,0.72386,2.00235,30.0
208.28,0.74235,-0.0306,2.095,0.74298,2.03532,30.0,0.74147,0.03824,4.5,0.74245,1.91153,20.0,0.0,0.0,-2.77,0.0,0.0,199.99,0.74052,-0.07496,-2.77,0.74431,2.02479,30.0
208.53,0.76192,-0.02945,2.141,0.76248,2.05765,28.8,0.76105,0.0398,4.607,0.76209,1.92745,20.0,0.0,0.0,-2.771,0.0,0.0,200.81,0.76011,-0.07548,-2.758,0.76385,2.04713,28.8
208.78,0.78288,-0.02839,2.069,0.78339,2.07867,28.8,0.78096,0.04139,4.552,0.78206,1.951,20.0,0.0,0.0,-2.79,0.0,0.0,200.81,0.78109,-0.07621,-2.786,0.7848,2.06814,28.8
209.03,0.80216,-0.0283,2.002,0.80266,2.09524,28.8,0.80099,0.04299,4.517,0.80215,1.96739,20.0,0.0,0.0,-2.966,0.0,0.0,200.81,0.80031,-0.07778,-2.942,0.80408,2.08471,28.8
209.28,0.82585,-0.02633,1.759,0.82627,2.11835,28.8,0.82378,0.04477,4.461,0.825,1.9941,20.0,0.0,0.0,-3.139,0.0,0.0,200.81,0.82408,-0.07784,-3.129,0.82775,2.10782,28.8
209.53,0.85074,-0.02518,1.537,0.85111,2.14671,30.0,0.84859,0.04667,4.264,0.84988,2.01899,20.0,0.0,0.0,-3.384,0.0,0.0,199.99,0.84898,-0.07884,-3.351,0.85263,2.13619,30.0
209.78,0.87824,-0.02438,1.285,0.87858,2.17424,30.0,0.87396,0.04849,4.064,0.8753,2.04442,20.0,0.0,0.0,-3.577,0.0,0.0,199.99,0.87644,-0.08039,-3.57,0.88012,2.16372,30.0
210.03,0.90631,-0.0246,1.109,0.90665,2.19849,30.0,0.90328,0.05056,3.982,0.90469,2.07381,20.0,0.0,0.0,-3.865,0.0,0.0,199.99,0.90439,-0.08302,-3.822,0.9082,2.18796,30.0
210.28,0.93508,-0.02776,0.726,0.93549,2.22759,30.0,0.93209,0.05241,3.559,0.93356,2.10248,20.0,0.0,0.0,-4.356,0.0,0.0,199.99,0.93277,-0.08872,-4.347,0.93698,2.21707,30.0
210.53,0.96199,-0.02703,0.243,0.96237,2.25829,29.99,0.95329,0.05365,3.182,0.9548,2.12392,19.0,0.0,0.0,-4.956,0.0,0.0,200.96,0.95964,-0.0904,-4.876,0.96389,2.24776,29.99
210.78,0.9917,-0.02991,-0.396,0.99215,2.28819,29.99,0.98675,0.05524,2.449,0.98829,2.15741,19.0,0.0,0.0,-5.509,0.0,0.0,200.96,0.98897,-0.09596,-5.501,0.99361,2.27766,29.99
211.03,1.01724,-0.03029,-0.73,1.01769,2.30984,29.99,1.01312,0.05628,2.138,1.01468,2.17884,19.0,0.0,0.0,-5.863,0.0,0.0,200.96,1.01437,-0.09863,-5.821,1.01915,2.29932,29.99
211.28,1.04885,-0.02989,-1.293,1.04928,2.34141,29.99,1.041,0.05724,1.834,1.04257,2.2117,19.0,0.0,0.0,-6.396,0.0,0.0,200.96,1.04589,-0.10108,-6.371,1.05076,2.33088,29.99
211.53,1.07645,-0.03164,-1.424,1.07691,2.37307,29.99,1.0701,0.05816,1.838,1.07168,2.24082,19.0,0.0,0.0,-6.553,0.0,0.0,200.96,1.07322,-0.10528,-6.519,1.07837,2.36255,29.99
211.78,1.10321,-0.03272,-1.558,1.10369,2.39995,30.4,1.0944,0.0589,1.631,1.09598,2.26505,20.8,0.0,0.0,-6.626,0.0,0.0,200.02,1.09978,-0.10872,-6.618,1.10514,2.38943,30.4
212.03,1.12966,-0.03356,-1.638,1.13016,2.42297,30.4,1.12254,0.05971,1.631,1.12413,2.29328,20.8,0.0,0.0,-6.689,0.0,0.0,200.02,1.12605,-0.11191,-6.689,1.1316,2.41244,30.4
212.28,1.15596,-0.03486,-1.632,1.15649,2.4497,30.4,1.14775,0.06044,1.762,1.14934,2.3185,20.8,0.0,0.0,-6.689,0.0,0.0,200.02,1.15214,-0.11552,-6.686,1.15791,2.43918,30.4
212.531,1.17705,-0.03476,-1.687,1.17757,2.47392,30.4,1.16932,0.06111,1.795,1.17091,2.33555,20.8,0.0,0.0,-6.742,0.0,0.0,200.02,1.17315,-0.11729,-6.733,1.179,2.4634,30.4
212.78,1.19643,-0.03616,-1.683,1.19698,2.49129,30.4,1.18723,0.06168,1.847,1.18883,2.358,20.8,0.0,0.0,-6.757,0.0,0.0,200.02,1.19233,-0.12039,-6.748,1.1984,2.48077,30.4
213.03,1.20083,-0.03642,-1.704,1.20138,2.4978,29.6,1.19367,0.06188,1.815,1.19527,2.36407,20.0,0.0,0.0,-6.793,0.0,0.0,200.77,1.19669,-0.12104,-6.777,1.2028,2.48727,29.6
213.28,1.20114,-0.03657,-1.719,1.2017,2.4978,29.6,1.19367,0.06188,1.815,1.19527,2.36407,20.0,0.0,0.0,-6.803,0.0,0.0,200.77,1.19699,-0.12121,-6.802,1.20311,2.48727,29.6
213.53,1.20114,-0.03657,-1.719,1.2017,2.4978,29.6,1.19367,0.06188,1.815,1.19527,2.36407,20.0,0.0,0.0,-6.799,0.0,0.0,200.77,1.19699,-0.12121,-6.801,1.20311,2.48727,29.6
213.78,1.20114,-0.03657,-1.719,1.2017,2.4978,29.6,1.19367,0.06188,1.815,1.19527,2.36407,20.0,0.0,0.0,-6.808,0.0,0.0,200.77,1.19699,-0.12121,-6.809,1.20311,2.48727,29.6
214.03,1.20114,-0.03657,-1.719,1.2017,2.4978,29.6,1.19367,0.06188,1.815,1.19527,2.36407,20.0,0.0,0.0,-6.816,0.0,0.0,200.77,1.19699,-0.12121,-6.816,1.20311,2.48727,29.6
214.281,1.20114,-0.03657,-1.719,1.2017,2.4978,30.4,1.19367,0.06188,1.815,1.19527,2.36407,20.0,0.0,0.0,-6.811,0.0,0.0,199.99,1.19699,-0.12121,-6.81,1.20311,2.48727,30.4
214.531,1.20114,-0.03657,-1.719,1.2017,2.4978,30.4,1.19367,0.06188,1.815,1.19527,2.36407,20.0,0.0,0.0,-6.823,0.0,0.0,199.99,1.19699,-0.12121,-6.818,1.20311,2.48727,30.4
214.78,1.20111,-0.03672,-1.709,1.20167,2.4978,30.4,1.19367,0.06188,1.815,1.19527,2.36407,20.0,0.0,0.0,-6.826,0.0,0.0,199.99,1.19694,-0.12136,-6.825,1.20308,2.48727,30.4
215.031,1.20111,-0.03672,-1.709,1.20167,2.4978,30.4,1.19367,0.06188,1.815,1.19527,2.36407,20.0,0.0,0.0,-6.827,0.0,0.0,199.99,1.19694,-0.12136,-6.826,1.20308,2.48727,30.4
215.28,1.20111,-0.03672,-1.709,1.20167,2.4978,30.4,1.19367,0.06188,1.815,1.19527,2.36407,20.0,0.0,0.0,-6.835,0.0,0.0,199.99,1.19694,-0.12136,-6.836,1.20308,2.48727,30.4
215.531,1.20111,-0.03672,-1.709,1.20167,2.4978,29.6,1.19367,0.06188,1.815,1.19527,2.36407,20.0,0.0,0.0,-6.838,0.0,0.0,200.8,1.19694,-0.12136,-6.836,1.20308,2.48727,29.6
215.78,1.20111,-0.03672,-1.709,1.20167,2.4978,29.6,1.19367,0.06188,1.815,1.19527,2.36407,20.0,0.0,0.0,-6.838,0.0,0.0,200.8,1.19694,-0.12136,-6.835,1.20308,2.48727,29.6
216.03,1.20111,-0.03672,-1.709,1.20167,2.4978,29.6,1.19367,0.06188,1.815,1.19527,2.36407,20.0,0.0,0.0,-6.844,0.0,0.0,200.8,1.19694,-0.12136,-6.846,1.20308,2.48727,29.6
216.281,1.20127,-0.03681,-1.707,1.20183,2.4978,29.6,1.19367,0.06188,1.815,1.19527,2.36407,20.0,0.0,0.0,-6.858,0.0,0.0,200.8,1.19709,-0.12147,-6.859,1.20324,2.48727,29.6
216.53,1.20127,-0.03681,-1.707,1.20183,2.4978,29.6,1.19367,0.06188,1.815,1.19527,2.36407,20.0,0.0,0.0,-6.866,0.0,0.0,200.8,1.19709,-0.12147,-6.864,1.20324,2.48727,29.6
216.78,1.20158,-0.03715,-1.695,1.20215,2.4978,29.61,1.19367,0.06188,1.815,1.19527,2.36407,20.0,0.0,0.0,-6.882,0.0,0.0,200.04,1.19737,-0.12184,-6.881,1.20355,2.48727,29.61
217.03,1.20158,-0.03715,-1.695,1.20215,2.4978,29.61,1.19367,0.06188,1.815,1.19527,2.36407,20.0,0.0,0.0,-6.9,0.0,0.0,200.04,1.19737,-0.12184,-6.901,1.20355,2.48727,29.61
217.28,1.20158,-0.03715,-1.695,1.20215,2.4978,29.61,1.19367,0.06188,1.815,1.19527,2.36407,20.0,0.0,0.0,-6.897,0.0,0.0,200.04,1.19737,-0.12184,-6.898,1.20355,2.48727,29.61
217.53,1.20158,-0.03715,-1.695,1.20215,2.4978,29.61,1.19367,0.06188,1.815,1.19527,2.36407,20.0,0.0,0.0,-6.902,0.0,0.0,200.04,1.19737,-0.12184,-6.898,1.20355,2.48727,29.61
217.78,1.20147,-0.03726,-1.691,1.20205,2.4978,30.0,1.19367,0.06188,1.815,1.19527,2.36407,20.0,0.0,0.0,-6.908,0.0,0.0,200.0,1.19726,-0.12193,-6.907,1.20345,2.48727,30.0
218.031,1.20138,-0.03746,-1.687,1.20197,2.4978,30.0,1.19367,0.06188,1.815,1.19527,2.36407,20.0,0.0,0.0,-6.926,0.0,0.0,200.0,1.19715,-0.12213,-6.926,1.20336,2.48727,30.0
218.28,1.20138,-0.03746,-1.687,1.20197,2.4978,30.0,1.19367,0.06188,1.815,1.19527,2.36407,20.0,0.0,0.0,-6.925,0.0,0.0,200.0,1.19715,-0.12213,-6.926,1.20336,2.48727,30.0
218.53,1.20138,-0.03746,-1.687,1.20197,2.4978,30.0,1.19367,0.06188,1.815,1.19527,2.36407,20.0,0.0,0.0,-6.922,0.0,0.0,200.0,1.19715,-0.12213,-6.92,1.20336,2.48727,30.0
218.78,1.20138,-0.03746,-1.687,1.20197,2.4978,30.0,1.19367,0.06188,1.815,1.19527,2.36407,20.0,0.0,0.0,-6.912,0.0,0.0,200.0,1.19715,-0.12213,-6.911,1.20336,2.48727,30.0
219.03,1.20138,-0.03746,-1.687,1.20197,2.4978,30.0,1.19367,0.06188,1.815,1.19527,2.36407,20.0,0.0,0.0,-6.925,0.0,0.0,200.0,1.19715,-0.12213,-6.925,1.20336,2.48727,30.0
219.28,1.20138,-0.03746,-1.687,1.20197,2.4978,30.0,1.19367,0.06188,1.815,1.19527,2.36407,20.0,0.0,0.0,-6.935,0.0,0.0,200.0,1.19715,-0.12213,-6.934,1.20336,2.48727,30.0
219.53,1.20138,-0.03746,-1.687,1.20197,2.4978,30.0,1.19367,0.06188,1.815,1.19527,2.36407,20.0,0.0,0.0,-6.927,0.0,0.0,200.0,1.19715,-0.12213,-6.929,1.20336,2.48727,30.0
219.78,1.20138,-0.03746,-1.687,1.20197,2.4978,30.0,1.19367,0.06188,1.815,1.19527,2.36407,20.0,0.0,0.0,-6.932,0.0,0.0,200.0,1.19715,-0.12213,-6.933,1.20336,2.48727,30.0
220.03,1.20138,-0.03746,-1.687,1.20197,2.4978,29.6,1.19367,0.06188,1.815,1.19527,2.36407,20.0,0.0,0.0,-6.939,0.0,0.0,200.79,1.19715,-0.12213,-6.94,1.20336,2.48727,29.6
220.28,1.20139,-0.03754,-1.684,1.20197,2.4978,29.6,1.19367,0.06188,1.815,1.19527,2.36407,20.0,0.0,0.0,-6.938,0.0,0.0,200.79,1.19714,-0.1222,-6.937,1.20336,2.48727,29.6
220.531,1.20141,-0.03814,-1.663,1.20202,2.4978,29.6,1.19367,0.06188,1.815,1.19527,2.36407,20.0,0.0,0.0,-6.933,0.0,0.0,200.79,1.19711,-0.12281,-6.933,1.2034,2.48727,29.6
220.78,1.20128,-0.03857,-1.646,1.2019,2.4978,29.6,1.19367,0.06188,1.815,1.19527,2.36407,20.0,0.0,0.0,-6.948,0.0,0.0,200.79,1.19695,-0.12322,-6.947,1.20327,2.48727,29.6
221.03,1.20125,-0.03891,-1.629,1.20188,2.4978,29.6,1.19367,0.06188,1.815,1.19527,2.36407,20.0,0.0,0.0,-6.955,0.0,0.0,200.79,1.19688,-0.12356,-6.953,1.20324,2.48727,29.6
221.28,1.20131,-0.03905,-1.618,1.20195,2.4978,29.6,1.19367,0.06188,1.815,1.19527,2.36407,20.0,0.0,0.0,-6.966,0.0,0.0,200.03,1.19693,-0.12371,-6.965,1.2033,2.48727,29.6
221.53,1.20137,-0.03926,-1.613,1.20201,2.4978,29.6,1.19367,0.06188,1.815,1.19527,2.36407,20.0,0.0,0.0,-6.989,0.0,0.0,200.03,1.19697,-0.12392,-6.985,1.20336,2.48727,29.6
221.781,1.2011,-0.03873,-1.631,1.20172,2.4978,29.6,1.19367,0.06188,1.815,1.19527,2.36407,20.0,0.0,0.0,-7.006,0.0,0.0,200.03,1.19675,-0.12336,-7.005,1.20309,2.48727,29.6
222.03,1.20092,-0.03872,-1.628,1.20155,2.4978,29.6,1.19367,0.06188,1.815,1.19527,2.36407,20.0,0.0,0.0,-7.003,0.0,0.0,200.03,1.19658,-0.12333,-7.005,1.20292,2.48727,29.6
222.28,1.20085,-0.03843,-1.637,1.20146,2.4978,29.0,1.19367,0.06188,1.815,1.19527,2.36407,20.0,0.0,0.0,-7.013,0.0,0.0,201.0,1.19653,-0.12304,-7.013,1.20284,2.48727,29.0
222.53,1.20067,-0.03824,-1.644,1.20128,2.4978,29.0,1.19367,0.06188,1.815,1.19527,2.36407,20.0,0.0,0.0,-7.037,0.0,0.0,201.0,1.19637,-0.12284,-7.034,1.20266,2.48727,29.0
222.78,1.20067,-0.03824,-1.644,1.20128,2.4978,29.0,1.19367,0.06188,1.815,1.19527,2.36407,20.0,0.0,0.0,-7.038,0.0,0.0,201.0,1.19637,-0.12284,-7.037,1.20266,2.48727,29.0
223.031,1.20067,-0.03824,-1.644,1.20128,2.4978,29.0,1.19367,0.06188,1.815,1.19527,2.36407,20.0,0.0,0.0,-7.071,0.0,0.0,201.0,1.19637,-0.12284,-7.066,1.20266,2.48727,29.0
223.28,1.20067,-0.03824,-1.644,1.20128,2.4978,29.0,1.19367,0.06188,1.815,1.19527,2.36407,20.0,0.0,0.0,-7.077,0.0,0.0,201.0,1.19637,-0.12284,-7.079,1.20266,2.48727,29.0
223.53,1.20067,-0.03824,-1.644,1.20128,2.4978,29.6,1.19367,0.06188,1.815,1.19527,2.36407,20.0,0.0,0.0,-7.088,0.0,0.0,200.78,1.19637,-0.12284,-7.089,1.20266,2.48727,29.6
223.78,1.20067,-0.03824,-1.644,1.20128,2.4978,29.6,1.19367,0.06188,1.815,1.19527,2.36407,20.0,0.0,0.0,-7.105,0.0,0.0,200.78,1.19637,-0.12284,-7.104,1.20266,2.48727,29.6
224.03,1.20067,-0.03824,-1.644,1.20128,2.4978,29.6,1.19367,0.06188,1.815,1.19527,2.36407,20.0,0.0,0.0,-7.102,0.0,0.0,200.78,1.19637,-0.12284,-7.102,1.20266,2.48727,29.6
224.281,1.20067,-0.03824,-1.644,1.20128,2.4978,29.6,1.19367,0.06188,1.815,1.19527,2.36407,20.0,0.0,0.0,-7.109,0.0,0.0,200.78,1.19637,-0.12284,-7.109,1.20266,2.48727,29.6
224.53,1.20067,-0.03824,-1.644,1.20128,2.4978,29.0,1.19367,0.06188,1.815,1.19527,2.36407,20.0,0.0,0.0,-7.126,0.0,0.0,199.98,1.19637,-0.12284,-7.118,1.20266,2.48727,29.0
224.78,1.20067,-0.03824,-1.644,1.20128,2.4978,29.0,1.19367,0.06188,1.815,1.19527,2.36407,20.0,0.0,0.0,-7.133,0.0,0.0,199.98,1.19637,-0.12284,-7.131,1.20266,2.48727,29.0
225.03,1.20067,-0.03824,-1.644,1.20128,2.4978,29.0,1.19367,0.06188,1.815,1.19527,2.36407,20.0,0.0,0.0,-7.123,0.0,0.0,199.98,1.19637,-0.12284,-7.126,1.20266,2.48727,29.0
225.28,1.20067,-0.03824,-1.644,1.20128,2.4978,29.0,1.19367,0.06188,1.815,1.19527,2.36407,20.0,0.0,0.0,-7.118,0.0,0.0,199.98,1.19637,-0.12284,-7.116,1.20266,2.48727,29.0
225.53,1.20067,-0.03824,-1.644,1.20128,2.4978,29.0,1.19367,0.06188,1.815,1.19527,2.36407,20.0,0.0,0.0,-7.115,0.0,0.0,199.98,1.19637,-0.12284,-7.115,1.20266,2.48727,29.0
225.78,1.20067,-0.03824,-1.644,1.20128,2.4978,30.4,1.19367,0.06188,1.815,1.19527,2.36407,20.0,0.0,0.0,-7.111,0.0,0.0,200.03,1.19637,-0.12284,-7.112,1.20266,2.48727,30.4
226.031,1.20067,-0.03824,-1.644,1.20128,2.4978,30.4,1.19367,0.06188,1.815,1.19527,2.36407,20.0,0.0,0.0,-7.126,0.0,0.0,200.03,1.19637,-0.12284,-7.124,1.20266,2.48727,30.4
226.28,1.20067,-0.03824,-1.644,1.20128,2.4978,30.4,1.19367,0.06188,1.815,1.19527,2.36407,20.0,0.0,0.0,-7.141,0.0,0.0,200.03,1.19637,-0.12284,-7.139,1.20266,2.48727,30.4
226.53,1.20067,-0.03824,-1.644,1.20128,2.4978,30.4,1.19367,0.06188,1.815,1.19527,2.36407,20.0,0.0,0.0,-7.138,0.0,0.0,200.03,1.19637,-0.12284,-7.137,1.20266,2.48727,30.4
226.78,1.20067,-0.03824,-1.644,1.20128,2.4978,30.4,1.19367,0.06188,1.815,1.19527,2.36407,20.0,0.0,0.0,-7.146,0.0,0.0,200.03,1.19637,-0.12284,-7.147,1.20266,2.48727,30.4
227.03,1.20067,-0.03824,-1.644,1.20128,2.4978,29.6,1.19367,0.06188,1.815,1.19527,2.36407,20.0,0.0,0.0,-7.157,0.0,0.0,200.8,1.19637,-0.12284,-7.16,1.20266,2.48727,29.6
227.28,1.20067,-0.03824,-1.644,1.20128,2.4978,29.6,1.19367,0.06188,1.815,1.19527,2.36407,20.0,0.0,0.0,-7.165,0.0,0.0,200.8,1.19637,-0.12284,-7.164,1.20266,2.48727,29.6
227.53,1.20067,-0.03824,-1.644,1.20128,2.4978,29.6,1.19367,0.06188,1.815,1.19527,2.36407,20.0,0.0,0.0,-7.171,0.0,0.0,200.8,1.19637,-0.12284,-7.166,1.20266,2.48727,29.6
227.78,1.20067,-0.03824,-1.644,1.20128,2.4978,29.6,1.19367,0.06188,1.815,1.19527,2.36407,20.0,0.0,0.0,-7.175,0.0,0.0,200.8,1.19637,-0.12284,-7.176,1.20266,2.48727,29.6
228.03,1.20067,-0.03824,-1.644,1.20128,2.4978,29.6,1.19367,0.06188,1.815,1.19527,2.36407,20.0,0.0,0.0,-7.177,0.0,0.0,200.8,1.19637,-0.12284,-7.178,1.20266,2.48727,29.6
228.28,1.20067,-0.03824,-1.644,1.20128,2.4978,30.4,1.19367,0.06188,1.815,1.19527,2.36407,18.4,0.0,0.0,-7.187,0.0,0.0,200.0,1.19637,-0.12284,-7.187,1.20266,2.48727,30.4
228.53,1.20067,-0.03824,-1.644,1.20128,2.4978,30.4,1.19367,0.06188,1.815,1.19527,2.36407,18.4,0.0,0.0,-7.215,0.0,0.0,200.0,1.19637,-0.12284,-7.21,1.20266,2.48727,30.4
228.78,1.20067,-0.03824,-1.644,1.20128,2.4978,30.4,1.19367,0.06188,1.815,1.19527,2.36407,18.4,0.0,0.0,-7.194,0.0,0.0,200.0,1.19637,-0.12284,-7.191,1.20266,2.48727,30.4
229.031,1.20196,-0.03862,-1.589,1.20258,2.4978,30.4,1.19555,0.06194,1.797,1.19715,2.36407,18.4,0.0,0.0,-7.105,0.0,0.0,200.0,1.19761,-0.12333,-7.108,1.20395,2.48727,30.4
229.28,1.2109,-0.03864,-1.465,1.21151,2.50482,30.0,1.20446,0.06223,1.855,1.20606,2.37067,22.0,0.0,0.0,-7.034,0.0,0.0,199.98,1.20651,-0.12422,-7.034,1.21289,2.4943,30.0
229.53,1.22456,-0.03777,-1.407,1.22514,2.522,30.0,1.21936,0.06275,2.104,1.22097,2.39014,22.0,0.0,0.0,-6.883,0.0,0.0,199.98,1.22019,-0.12467,-6.91,1.22654,2.51149,30.0
229.78,1.24562,-0.03794,-1.167,1.2462,2.54048,30.0,1.23929,0.06352,2.294,1.24092,2.40913,22.0,0.0,0.0,-6.604,0.0,0.0,199.98,1.24115,-0.12683,-6.626,1.24761,2.52996,30.0
230.03,1.26196,-0.03821,-0.821,1.26254,2.55943,30.0,1.25619,0.06428,2.733,1.25783,2.42402,22.0,0.0,0.0,-6.277,0.0,0.0,199.98,1.25738,-0.12863,-6.315,1.26395,2.54892,30.0
230.28,1.28202,-0.0392,-0.44,1.28262,2.57954,30.0,1.27529,0.06526,3.151,1.27696,2.44613,22.0,0.0,0.0,-5.918,0.0,0.0,199.98,1.27726,-0.13153,-5.935,1.28402,2.56903,30.0
230.53,1.30583,-0.0398,-0.155,1.30644,2.59995,29.6,1.30003,0.06674,3.53,1.30174,2.47092,20.0,0.0,0.0,-5.628,0.0,0.0,200.82,1.30091,-0.1344,-5.663,1.30783,2.58944,29.6
230.78,1.33231,-0.04092,0.259,1.33294,2.62642,29.6,1.32454,0.06836,4.029,1.32631,2.49137,20.0,0.0,0.0,-5.29,0.0,0.0,200.82,1.32716,-0.13803,-5.302,1.33432,2.61591,29.6
231.031,1.3559,-0.04191,0.571,1.35655,2.65359,29.6,1.34938,0.07021,4.355,1.35121,2.52039,20.0,0.0,0.0,-4.959,0.0,0.0,200.82,1.35055,-0.1413,-5.017,1.35792,2.64307,29.6
231.28,1.38621,-0.04211,1.015,1.38685,2.6839,29.6,1.37791,0.07255,4.846,1.37982,2.54779,20.0,0.0,0.0,-4.581,0.0,0.0,200.82,1.38069,-0.14441,-4.593,1.38822,2.67339,29.6
231.531,1.41317,-0.04143,1.338,1.41377,2.71089,28.99,1.39968,0.07446,5.151,1.40166,2.57087,18.99,0.0,0.0,-4.241,0.0,0.0,200.92,1.40759,-0.14635,-4.297,1.41518,2.70037,28.99
231.78,1.45109,-0.04028,1.58,1.45165,2.74884,28.99,1.44037,0.07826,5.333,1.4425,2.61174,18.99,0.0,0.0,-4.153,0.0,0.0,200.92,1.44544,-0.14893,-4.143,1.45309,2.73833,28.99
232.03,1.48508,-0.03903,1.432,1.4856,2.78286,28.99,1.47527,0.08142,5.139,1.47752,2.64678,18.99,0.0,0.0,-4.28,0.0,0.0,200.92,1.47939,-0.15109,-4.267,1.48708,2.77235,28.99
232.28,1.52276,-0.03791,1.206,1.52323,2.82056,28.99,1.51135,0.08464,4.959,1.51372,2.683,18.99,0.0,0.0,-4.54,0.0,0.0,200.92,1.51698,-0.15375,-4.541,1.52475,2.81005,28.99
232.53,1.55471,-0.0376,1.097,1.55517,2.8483,28.99,1.54385,0.0874,4.908,1.54632,2.71562,18.99,0.0,0.0,-4.638,0.0,0.0,200.92,1.54881,-0.15663,-4.606,1.55671,2.83779,28.99
232.78,1.58966,-0.03709,0.916,1.5901,2.88297,30.41,1.57532,0.09003,4.727,1.57789,2.74403,20.8,0.0,0.0,-4.881,0.0,0.0,200.04,1.58364,-0.15963,-4.87,1.59166,2.87246,30.41
233.03,1.62336,-0.03822,0.588,1.62381,2.92121,30.41,1.60984,0.09282,4.504,1.61251,2.78183,20.8,0.0,0.0,-5.433,0.0,0.0,200.04,1.61704,-0.16423,-5.368,1.62536,2.9107,30.41
233.28,1.66388,-0.03872,0.005,1.66433,2.96174,30.41,1.64602,0.0955,4.101,1.64879,2.81812,20.8,0.0,0.0,-5.823,0.0,0.0,200.04,1.65728,-0.16895,-5.823,1.66587,2.95123,30.41
233.531,1.69539,-0.03994,0.03,1.69586,2.98901,30.41,1.67929,0.09786,4.084,1.68214,2.85147,20.8,0.0,0.0,-5.864,0.0,0.0,200.04,1.6885,-0.17338,-5.841,1.69738,2.9785,30.41
233.78,1.73373,-0.04149,-0.092,1.73423,3.0317,30.41,1.71421,0.10029,3.868,1.71714,2.88646,20.8,0.0,0.0,-6.157,0.0,0.0,200.04,1.72647,-0.17896,-6.14,1.73572,3.02119,30.41
234.03,1.7722,-0.04089,-0.315,1.77268,3.07023,29.6,1.75426,0.1029,3.671,1.75728,2.92661,20.0,0.0,0.0,-6.259,0.0,0.0,200.81,1.7648,-0.1824,-6.269,1.7742,3.05972,29.6
234.28,1.81708,-0.04239,-0.319,1.81757,3.11517,29.6,1.7947,0.10537,3.409,1.79779,2.96658,20.0,0.0,0.0,-6.336,0.0,0.0,200.81,1.80927,-0.18861,-6.347,1.81907,3.10466,29.6
234.53,1.85531,-0.04298,-0.224,1.85581,3.15342,29.6,1.8268,0.1074,3.683,1.82996,2.99929,20.0,0.0,0.0,-6.311,0.0,0.0,200.81,1.84722,-0.19323,-6.315,1.8573,3.14291,29.6
234.78,1.89922,-0.04416,-0.304,1.89973,3.19741,29.6,1.87331,0.11027,3.373,1.87655,3.04588,20.0,0.0,0.0,-6.553,0.0,0.0,200.81,1.89075,-0.19914,-6.546,1.90121,3.1869,29.6
235.03,1.9391,-0.04408,-0.507,1.9396,3.23735,29.6,1.91516,0.11269,3.302,1.91848,3.08781,20.0,0.0,0.0,-6.661,0.0,0.0,200.81,1.9304,-0.20339,-6.65,1.94108,3.22684,29.6
235.28,1.98441,-0.04644,-0.316,1.98496,3.28279,30.4,1.95594,0.115,3.245,1.95932,3.12865,20.0,0.0,0.0,-6.584,0.0,0.0,200.01,1.97519,-0.21064,-6.593,1.98639,3.27228,30.4
235.53,2.02072,-0.04886,-0.003,2.02131,3.31924,30.4,1.99044,0.11694,3.177,1.99387,3.15836,20.0,0.0,0.0,-6.471,0.0,0.0,200.01,2.01101,-0.21707,-6.472,2.02269,3.30872,30.4
235.78,2.02959,-0.05091,0.259,2.03023,3.32447,30.4,1.99748,0.11733,3.142,2.00092,3.16605,20.0,0.0,0.0,-6.425,0.0,0.0,200.01,2.01959,-0.22011,-6.431,2.03154,3.31396,30.4
236.03,2.0299,-0.0509,0.251,2.03054,3.32447,30.4,1.9979,0.11735,3.073,2.00134,3.16605,20.0,0.0,0.0,-6.427,0.0,0.0,200.01,2.0199,-0.22014,-6.431,2.03186,3.31396,30.4
236.28,2.0299,-0.0509,0.251,2.03054,3.32447,30.0,1.9979,0.11735,3.073,2.00134,3.16605,20.0,0.0,0.0,-6.466,0.0,0.0,199.99,2.0199,-0.22014,-6.46,2.03186,3.31396,30.0
236.531,2.0299,-0.0509,0.251,2.03054,3.32447,30.0,1.99745,0.11733,2.924,2.0009,3.16605,20.0,0.0,0.0,-6.475,0.0,0.0,199.99,2.0199,-0.22014,-6.476,2.03186,3.31396,30.0
236.781,2.0299,-0.0509,0.251,2.03054,3.32447,30.0,1.99745,0.11733,2.924,2.0009,3.16605,20.0,0.0,0.0,-6.483,0.0,0.0,199.99,2.0199,-0.22014,-6.483,2.03186,3.31396,30.0
237.031,2.02985,-0.05096,0.258,2.03049,3.32447,30.0,1.99745,0.11733,2.924,2.0009,3.16605,20.0,0.0,0.0,-6.487,0.0,0.0,199.99,2.01984,-0.22019,-6.488,2.0318,3.31396,30.0
237.281,2.0297,-0.05096,0.265,2.03034,3.32447,28.99,1.99745,0.11733,2.924,2.0009,3.16605,18.0,0.0,0.0,-6.489,0.0,0.0,199.95,2.01969,-0.22018,-6.487,2.03166,3.31396,28.99
237.53,2.0297,-0.05096,0.265,2.03034,3.32447,28.99,1.99745,0.11733,2.924,2.0009,3.16605,18.0,0.0,0.0,-6.501,0.0,0.0,199.95,2.01969,-0.22018,-6.506,2.03166,3.31396,28.99
237.78,2.0297,-0.05096,0.265,2.03034,3.32447,28.99,1.99745,0.11733,2.924,2.0009,3.16605,18.0,0.0,0.0,-6.511,0.0,0.0,199.95,2.01969,-0.22018,-6.513,2.03166,3.31396,28.99
238.03,2.0297,-0.05096,0.265,2.03034,3.32447,28.99,1.99745,0.11733,2.924,2.0009,3.16605,18.0,0.0,0.0,-6.525,0.0,0.0,199.95,2.01969,-0.22018,-6.525,2.03166,3.31396,28.99
238.28,2.0297,-0.05096,0.265,2.03034,3.32447,28.99,1.99745,0.11733,2.924,2.0009,3.16605,18.0,0.0,0.0,-6.537,0.0,0.0,199.95,2.01969,-0.22018,-6.538,2.03166,3.31396,28.99
238.531,2.0297,-0.05096,0.265,2.03034,3.32447,28.79,1.99745,0.11733,2.924,2.0009,3.16605,21.59,0.0,0.0,-6.541,0.0,0.0,201.5,2.01969,-0.22018,-6.538,2.03166,3.31396,28.79
238.78,2.0297,-0.05096,0.265,2.03034,3.32447,28.79,1.99745,0.11733,2.924,2.0009,3.16605,21.59,0.0,0.0,-6.551,0.0,0.0,201.5,2.01969,-0.22018,-6.549,2.03166,3.31396,28.79
239.031,2.0297,-0.05096,0.265,2.03034,3.32447,28.79,1.99745,0.11733,2.924,2.0009,3.16605,21.59,0.0,0.0,-6.546,0.0,0.0,201.5,2.01969,-0.22018,-6.548,2.03166,3.31396,28.79
239.28,2.0297,-0.05096,0.265,2.03034,3.32447,28.79,1.99745,0.11733,2.924,2.0009,3.16605,21.59,0.0,0.0,-6.56,0.0,0.0,201.5,2.01969,-0.22018,-6.558,2.03166,3.31396,28.79
239.53,2.0297,-0.05096,0.265,2.03034,3.32447,28.79,1.99745,0.11733,2.924,2.0009,3.16605,21.59,0.0,0.0,-6.561,0.0,0.0,201.5,2.01969,-0.22018,-6.561,2.03166,3.31396,28.79
239.78,2.0297,-0.05096,0.265,2.03034,3.32447,30.42,1.99745,0.11733,2.924,2.0009,3.16605,20.01,0.0,0.0,-6.571,0.0,0.0,199.35,2.01969,-0.22018,-6.571,2.03166,3.31396,30.42
240.03,2.0297,-0.05096,0.265,2.03034,3.32447,30.42,1.99745,0.11733,2.924,2.0009,3.16605,20.01,0.0,0.0,-6.589,0.0,0.0,199.35,2.01969,-0.22018,-6.588,2.03166,3.31396,30.42
240.28,2.0297,-0.05096,0.265,2.03034,3.32447,30.42,1.99745,0.11733,2.924,2.0009,3.16605,20.01,0.0,0.0,-6.602,0.0,0.0,199.35,2.01969,-0.22018,-6.601,2.03166,3.31396,30.42
240.53,2.0297,-0.05096,0.265,2.03034,3.32447,30.42,1.99745,0.11733,2.924,2.0009,3.16605,20.01,0.0,0.0,-6.611,0.0,0.0,199.35,2.01969,-0.22018,-6.61,2.03166,3.31396,30.42
240.78,2.0297,-0.05096,0.265,2.03034,3.32447,30.42,1.99745,0.11733,2.924,2.0009,3.16605,20.01,0.0,0.0,-6.605,0.0,0.0,199.35,2.01969,-0.22018,-6.607,2.03166,3.31396,30.42
241.03,2.0297,-0.05096,0.265,2.03034,3.32447,29.6,1.99745,0.11733,2.924,2.0009,3.16605,20.0,0.0,0.0,-6.615,0.0,0.0,200.8,2.01969,-0.22018,-6.615,2.03166,3.31396,29.6
241.28,2.0297,-0.05096,0.265,2.03034,3.32447,29.6,1.99745,0.11733,2.924,2.0009,3.16605,20.0,0.0,0.0,-6.627,0.0,0.0,200.8,2.01969,-0.22018,-6.626,2.03166,3.31396,29.6
241.53,2.0297,-0.05096,0.265,2.03034,3.32447,29.6,1.99745,0.11733,2.924,2.0009,3.16605,20.0,0.0,0.0,-6.621,0.0,0.0,200.8,2.01969,-0.22018,-6.621,2.03166,3.31396,29.6
241.78,2.0297,-0.05096,0.265,2.03034,3.32447,29.6,1.99745,0.11733,2.924,2.0009,3.16605,20.0,0.0,0.0,-6.623,0.0,0.0,200.8,2.01969,-0.22018,-6.625,2.03166,3.31396,29.6
242.03,2.0297,-0.05096,0.265,2.03034,3.32447,29.6,1.99745,0.11733,2.924,2.0009,3.16605,20.0,0.0,0.0,-6.632,0.0,0.0,200.8,2.01969,-0.22018,-6.625,2.03166,3.31396,29.6
242.28,2.02972,-0.05091,0.264,2.03036,3.32447,30.4,1.99745,0.11733,2.924,2.0009,3.16605,20.0,0.0,0.0,-6.653,0.0,0.0,199.99,2.01972,-0.22013,-6.652,2.03168,3.31396,30.4
242.53,2.02972,-0.05091,0.264,2.03036,3.32447,30.4,1.99745,0.11733,2.924,2.0009,3.16605,20.0,0.0,0.0,-6.651,0.0,0.0,199.99,2.01972,-0.22013,-6.657,2.03168,3.31396,30.4
242.78,2.02972,-0.05091,0.264,2.03036,3.32447,30.4,1.99745,0.11733,2.924,2.0009,3.16605,20.0,0.0,0.0,-6.659,0.0,0.0,199.99,2.01972,-0.22013,-6.658,2.03168,3.31396,30.4
243.03,2.02974,-0.0509,0.265,2.03038,3.32447,30.4,1.99745,0.11733,2.924,2.0009,3.16605,20.0,0.0,0.0,-6.672,0.0,0.0,199.99,2.01974,-0.22012,-6.667,2.0317,3.31396,30.4
243.282,2.02976,-0.05089,0.267,2.0304,3.32447,28.96,1.99745,0.11733,2.924,2.0009,3.16605,19.97,0.0,0.0,-6.683,0.0,0.0,199.72,2.01976,-0.22012,-6.685,2.03172,3.31396,28.96
243.53,2.02984,-0.0509,0.27,2.03048,3.32447,28.96,1.99745,0.11733,2.924,2.0009,3.16605,19.97,0.0,0.0,-6.7,0.0,0.0,199.72,2.01984,-0.22014,-6.698,2.0318,3.31396,28.96
243.78,2.02984,-0.0509,0.27,2.03048,3.32447,28.96,1.99745,0.11733,2.924,2.0009,3.16605,19.97,0.0,0.0,-6.721,0.0,0.0,199.72,2.01984,-0.22014,-6.719,2.0318,3.31396,28.96
244.031,2.02984,-0.0509,0.27,2.03048,3.32447,28.96,1.99745,0.11733,2.924,2.0009,3.16605,19.97,0.0,0.0,-6.727,0.0,0.0,199.72,2.01984,-0.22014,-6.723,2.0318,3.31396,28.96
244.28,2.02984,-0.0509,0.27,2.03048,3.32447,28.96,1.99745,0.11733,2.924,2.0009,3.16605,19.97,0.0,0.0,-6.736,0.0,0.0,199.72,2.01984,-0.22013,-6.735,2.0318,3.31396,28.96
244.53,2.02984,-0.0509,0.272,2.03048,3.32447,29.63,1.99745,0.11733,2.924,2.0009,3.16605,20.02,0.0,0.0,-6.73,0.0,0.0,201.04,2.01983,-0.22013,-6.727,2.0318,3.31396,29.63
244.78,2.02984,-0.0509,0.272,2.03048,3.32447,29.63,1.99745,0.11733,2.924,2.0009,3.16605,20.02,0.0,0.0,-6.733,0.0,0.0,201.04,2.01983,-0.22013,-6.733,2.0318,3.31396,29.63
245.03,2.02984,-0.0509,0.272,2.03048,3.32447,29.63,1.99745,0.11733,2.924,2.0009,3.16605,20.02,0.0,0.0,-6.732,0.0,0.0,201.04,2.01983,-0.22013,-6.736,2.0318,3.31396,29.63
245.28,2.02984,-0.0509,0.272,2.03048,3.32447,29.63,1.99745,0.11733,2.924,2.0009,3.16605,20.02,0.0,0.0,-6.755,0.0,0.0,201.04,2.01983,-0.22013,-6.752,2.0318,3.31396,29.63
245.53,2.02984,-0.0509,0.272,2.03048,3.32447,27.0,1.99745,0.11733,2.924,2.0009,3.16605,20.0,0.0,0.0,-6.761,0.0,0.0,200.0,2.01983,-0.22013,-6.769,2.0318,3.31396,27.0
245.781,2.03138,-0.05007,0.252,2.03199,3.32998,27.0,1.99916,0.11742,2.967,2.00261,3.17194,20.0,0.0,0.0,-6.677,0.0,0.0,200.0,2.02146,-0.2195,-6.677,2.03334,3.31948,27.0
246.03,2.03713,-0.04708,0.001,2.03767,3.33518,27.0,2.0053,0.11774,2.994,2.00875,3.17722,20.0,0.0,0.0,-6.628,0.0,0.0,200.0,2.02753,-0.21721,-6.651,2.03913,3.32467,27.0
246.28,2.05146,-0.03769,-0.895,2.05181,3.35364,27.0,2.01419,0.11821,3.072,2.01766,3.1849,20.0,0.0,0.0,-6.54,0.0,0.0,200.0,2.04279,-0.20944,-6.535,2.0535,3.34314,27.0
246.531,2.06338,-0.02873,-2.315,2.06358,3.3664,29.99,2.03669,0.11951,3.312,2.0402,3.20488,18.99,0.0,0.0,-6.413,0.0,0.0,200.91,2.05545,-0.20155,-6.437,2.06531,3.3559,29.99
246.78,2.0799,-0.01761,-3.781,2.07997,3.38579,29.99,2.05996,0.12085,3.31,2.0635,3.23283,18.99,0.0,0.0,-6.227,0.0,0.0,200.91,2.07259,-0.19141,-6.23,2.08141,3.37528,29.99
247.031,2.09763,-0.00882,-5.018,2.09765,3.4083,29.99,2.07986,0.12207,3.508,2.08344,3.24862,18.99,0.0,0.0,-6.06,0.0,0.0,200.91,2.0906,-0.18319,-6.08,2.09861,3.3978,29.99
247.28,2.12712,0.00587,-7.298,2.12712,3.44126,29.99,2.10607,0.12376,3.798,2.10971,3.27904,18.99,0.0,0.0,-5.956,0.0,0.0,200.91,2.12009,-0.16853,-5.959,2.12678,3.43075,29.99
247.53,2.2151,0.04316,-9.117,2.21552,3.57573,29.99,2.13274,0.12556,3.911,2.13643,3.30577,18.99,0.0,0.0,-5.832,0.0,0.0,200.91,2.20633,-0.12725,-5.843,2.20999,3.56521,29.99
247.78,2.23104,0.02139,-7.883,2.23114,3.60582,30.41,2.16058,0.12747,3.948,2.16434,3.33347,20.81,0.0,0.0,-5.748,0.0,0.0,199.28,2.22339,-0.14816,-5.757,2.22832,3.59529,30.41
248.03,2.31868,-0.00944,-6.015,2.3187,3.70339,30.41,2.18674,0.12932,4.075,2.19057,3.35571,20.81,0.0,0.0,-5.704,0.0,0.0,199.28,2.31169,-0.17737,-5.706,2.31849,3.69286,30.41
248.28,4.63977,-0.48655,-5.168,4.66521,6.24931,30.41,2.20866,0.13085,4.019,2.21253,3.38187,20.81,0.0,0.0,-5.639,0.0,0.0,199.28,2.34511,-0.15806,-5.653,2.35043,3.80379,30.41
248.53,9.94559,-0.81167,-6.204,9.97865,11.63907,30.41,2.23167,0.13254,4.273,2.23561,3.4004,20.81,0.0,0.0,-5.578,0.0,0.0,199.28,2.34511,-0.15806,-5.653,2.35043,3.80379,30.41
248.78,9.54578,1.00498,-10.112,9.59854,16.31077,30.41,2.25376,0.13415,4.108,2.25775,3.42709,20.81,0.0,0.0,-5.578,0.0,0.0,199.28,2.342,-0.22382,-5.576,2.35267,3.86963,30.41
249.03,9.26809,1.22234,-13.214,9.34834,21.53536,29.6,2.27261,0.13553,4.219,2.27664,3.44294,20.0,0.0,0.0,-5.59,0.0,0.0,200.79,2.39142,-0.20647,-5.605,2.40032,3.92201,12.0
249.28,9.56588,1.28571,-12.424,9.65189,21.93913,29.6,2.28541,0.13648,4.34,2.28948,3.45406,20.0,0.0,0.0,-5.591,0.0,0.0,200.79,2.67855,-0.10555,-5.586,2.68063,4.32578,12.0
249.53,10.40505,1.55188,-16.819,10.52014,22.85129,29.6,2.29171,0.13697,4.391,2.2958,3.46046,20.0,0.0,0.0,-5.599,0.0,0.0,200.79,2.83553,0.07149,-5.59,2.83644,4.56808,12.0
249.78,11.23103,1.43858,-17.968,11.32279,23.69643,29.6,2.2976,0.13741,4.348,2.30171,3.46789,20.0,0.0,0.0,-5.613,0.0,0.0,200.79,3.26127,0.06526,-5.613,3.26192,5.00196,12.0
250.03,9.69008,1.38285,-19.673,9.78825,25.85939,29.6,2.29755,0.13741,4.332,2.30166,3.46789,20.0,0.0,0.0,-5.624,0.0,0.0,200.79,3.27276,0.05631,-5.633,3.27324,5.01653,12.0
250.281,11.25584,1.46854,-19.713,11.35123,27.53663,30.39,2.29755,0.13741,4.332,2.30166,3.46789,20.0,0.0,0.0,-5.648,0.0,0.0,199.96,3.23556,0.06191,-5.649,3.23616,5.0917,24.79
250.53,11.26128,1.46327,-19.68,11.35595,27.54421,30.39,2.29755,0.13741,4.332,2.30166,3.46789,20.0,0.0,0.0,-5.651,0.0,0.0,199.96,3.24213,0.05812,-5.651,3.24265,5.09927,24.79
250.78,11.27252,1.46478,-19.64,11.36729,27.55668,30.39,2.29755,0.13741,4.332,2.30166,3.46789,20.0,0.0,0.0,-5.661,0.0,0.0,199.96,3.25267,0.06231,-5.661,3.25327,5.11174,24.79
251.03,11.26432,1.4661,-19.655,11.35933,27.56498,30.39,2.29755,0.13741,4.332,2.30166,3.46789,20.0,0.0,0.0,-5.658,0.0,0.0,199.96,3.2444,0.06161,-5.659,3.24498,5.12004,24.79
251.281,11.26296,1.46542,-19.649,11.35789,27.56498,29.99,2.29755,0.13741,4.332,2.30166,3.46789,19.99,0.0,0.0,-5.664,0.0,0.0,200.95,3.24324,0.06062,-5.664,3.24381,5.12004,29.99
251.53,11.26289,1.46541,-19.647,11.35782,27.56498,29.99,2.29755,0.13741,4.332,2.30166,3.46789,19.99,0.0,0.0,-5.677,0.0,0.0,200.95,3.24317,0.0606,-5.677,3.24373,5.12004,29.99
251.78,11.25766,1.46931,-19.587,11.35314,27.57023,29.99,2.29755,0.13741,4.332,2.30166,3.46789,19.99,0.0,0.0,-5.676,0.0,0.0,200.95,3.23716,0.06312,-5.678,3.23777,5.1253,29.99
252.03,11.25759,1.46934,-19.585,11.35307,27.57023,29.99,2.29755,0.13741,4.332,2.30166,3.46789,19.99,0.0,0.0,-5.68,0.0,0.0,200.95,3.23708,0.06313,-5.68,3.23769,5.1253,29.99
252.28,11.25759,1.46934,-19.585,11.35307,27.57023,29.99,2.29755,0.13741,4.332,2.30166,3.46789,19.99,0.0,0.0,-5.683,0.0,0.0,200.95,3.23708,0.06313,-5.682,3.23769,5.1253,29.99
252.53,11.25752,1.46937,-19.585,11.35301,27.57023,29.61,2.29755,0.13741,4.332,2.30166,3.46789,19.21,0.0,0.0,-5.695,0.0,0.0,200.9,3.23701,0.06315,-5.69,3.23763,5.1253,29.61
252.78,11.25752,1.46937,-19.585,11.35301,27.57023,29.61,2.29755,0.13741,4.332,2.30166,3.46789,19.21,0.0,0.0,-5.696,0.0,0.0,200.9,3.23701,0.06315,-5.696,3.23762,5.1253,29.61
253.03,11.25755,1.46932,-19.584,11.35303,27.57023,29.61,2.29755,0.13741,4.332,2.30166,3.46789,19.21,0.0,0.0,-5.706,0.0,0.0,200.9,3.23705,0.0631,-5.704,3.23766,5.1253,29.61
253.28,11.25755,1.46932,-19.584,11.35303,27.57023,29.61,2.29755,0.13741,4.332,2.30166,3.46789,19.21,0.0,0.0,-5.72,0.0,0.0,200.9,3.23705,0.0631,-5.717,3.23766,5.1253,29.61
253.53,11.2575,1.46921,-19.588,11.35297,27.57023,30.0,2.29755,0.13741,4.332,2.30166,3.46789,21.0,0.0,0.0,-5.714,0.0,0.0,199.99,3.23703,0.06298,-5.714,3.23764,5.1253,30.0
253.78,11.2575,1.46921,-19.588,11.35297,27.57023,30.0,2.29755,0.13741,4.332,2.30166,3.46789,21.0,0.0,0.0,-5.731,0.0,0.0,199.99,3.23703,0.06298,-5.733,3.23764,5.1253,30.0
254.03,11.2575,1.46921,-19.588,11.35297,27.57023,30.0,2.29755,0.13741,4.332,2.30166,3.46789,21.0,0.0,0.0,-5.753,0.0,0.0,199.99,3.23703,0.06298,-5.746,3.23764,5.1253,30.0
254.28,11.25473,1.46893,-19.59,11.35019,27.57023,30.0,2.29755,0.13741,4.332,2.30166,3.46789,21.0,0.0,0.0,-5.746,0.0,0.0,199.99,3.2344,0.06205,-5.744,3.235,5.1253,30.0
254.53,11.25473,1.46893,-19.59,11.35019,27.57023,30.0,2.29755,0.13741,4.332,2.30166,3.46789,20.0,0.0,0.0,-5.755,0.0,0.0,200.97,3.2344,0.06205,-5.75,3.235,5.1253,30.0
254.78,11.25473,1.46893,-19.59,11.35019,27.57023,30.0,2.29755,0.13741,4.332,2.30166,3.46789,20.0,0.0,0.0,-5.757,0.0,0.0,200.97,3.2344,0.06205,-5.755,3.235,5.1253,30.0
255.03,11.25473,1.46893,-19.59,11.35019,27.57023,30.0,2.29755,0.13741,4.332,2.30166,3.46789,20.0,0.0,0.0,-5.763,0.0,0.0,200.97,3.2344,0.06205,-5.764,3.235,5.1253,30.0
255.28,11.25473,1.46893,-19.59,11.35019,27.57023,30.0,2.29755,0.13741,4.332,2.30166,3.46789,20.0,0.0,0.0,-5.771,0.0,0.0,200.97,3.2344,0.06205,-5.772,3.235,5.1253,30.0
255.53,11.25483,1.46887,-19.589,11.35028,27.57023,30.0,2.29755,0.13741,4.332,2.30166,3.46789,20.0,0.0,0.0,-5.784,0.0,0.0,200.97,3.23451,0.06202,-5.783,3.23511,5.1253,30.0
255.78,11.25483,1.46887,-19.589,11.35028,27.57023,30.4,2.29755,0.13741,4.332,2.30166,3.46789,20.0,0.0,0.0,-5.77,0.0,0.0,199.23,3.23451,0.06202,-5.769,3.23511,5.1253,30.4
256.03,11.25483,1.46887,-19.589,11.35028,27.57023,30.4,2.29755,0.13741,4.332,2.30166,3.46789,20.0,0.0,0.0,-5.782,0.0,0.0,199.23,3.23451,0.06202,-5.775,3.23511,5.1253,30.4
256.28,11.25449,1.46884,-19.587,11.34994,27.57023,30.4,2.29755,0.13741,4.332,2.30166,3.46789,20.0,0.0,0.0,-5.788,0.0,0.0,199.23,3.23419,0.0619,-5.788,3.23479,5.1253,30.4
256.53,11.25437,1.46879,-19.582,11.34981,27.57532,30.4,2.29755,0.13741,4.332,2.30166,3.46789,20.0,0.0,0.0,-5.803,0.0,0.0,199.23,3.23408,0.06183,-5.803,3.23467,5.13039,30.4
256.78,11.25437,1.46879,-19.582,11.34981,27.57532,30.0,2.29755,0.13741,4.332,2.30166,3.46789,20.0,0.0,0.0,-5.812,0.0,0.0,200.99,3.23408,0.06183,-5.808,3.23467,5.13039,30.0
257.031,11.25437,1.46879,-19.582,11.34981,27.57532,30.0,2.29755,0.13741,4.332,2.30166,3.46789,20.0,0.0,0.0,-5.815,0.0,0.0,200.99,3.23408,0.06183,-5.812,3.23467,5.13039,30.0
257.28,11.25437,1.46879,-19.582,11.34981,27.57532,30.0,2.29755,0.13741,4.332,2.30166,3.46789,20.0,0.0,0.0,-5.803,0.0,0.0,200.99,3.23408,0.06183,-5.805,3.23467,5.13039,30.0
257.53,11.25437,1.46879,-19.582,11.34981,27.57532,30.0,2.29755,0.13741,4.332,2.30166,3.46789,20.0,0.0,0.0,-5.809,0.0,0.0,200.99,3.23408,0.06183,-5.806,3.23467,5.13039,30.0
257.78,11.25436,1.46871,-19.58,11.34979,27.57532,30.0,2.29755,0.13741,4.332,2.30166,3.46789,20.0,0.0,0.0,-5.809,0.0,0.0,199.98,3.23409,0.06175,-5.809,3.23468,5.13039,30.0
258.03,11.25411,1.46872,-19.577,11.34954,27.57532,30.0,2.29755,0.13741,4.332,2.30166,3.46789,20.0,0.0,0.0,-5.805,0.0,0.0,199.98,3.23385,0.0617,-5.81,3.23444,5.13039,30.0
258.28,11.25411,1.46872,-19.577,11.34954,27.57532,30.0,2.29755,0.13741,4.332,2.30166,3.46789,20.0,0.0,0.0,-5.797,0.0,0.0,199.98,3.23385,0.0617,-5.795,3.23444,5.13039,30.0
258.53,11.25411,1.46872,-19.577,11.34954,27.57532,30.0,2.29755,0.13741,4.332,2.30166,3.46789,20.0,0.0,0.0,-5.805,0.0,0.0,199.98,3.23385,0.0617,-5.801,3.23444,5.13039,30.0
258.781,11.25411,1.46872,-19.577,11.34954,27.57532,29.99,2.29755,0.13741,4.332,2.30166,3.46789,19.99,0.0,0.0,-5.808,0.0,0.0,199.94,3.23385,0.0617,-5.81,3.23444,5.13039,29.99
259.03,11.25411,1.46872,-19.577,11.34954,27.57532,29.99,2.29755,0.13741,4.332,2.30166,3.46789,19.99,0.0,0.0,-5.825,0.0,0.0,199.94,3.23385,0.0617,-5.818,3.23444,5.13039,29.99
259.28,11.25411,1.46872,-19.577,11.34954,27.57532,29.99,2.29755,0.13741,4.332,2.30166,3.46789,19.99,0.0,0.0,-5.833,0.0,0.0,199.94,3.23385,0.0617,-5.833,3.23444,5.13039,29.99
259.531,11.25411,1.46872,-19.577,11.34954,27.57532,29.99,2.29755,0.13741,4.332,2.30166,3.46789,19.99,0.0,0.0,-5.838,0.0,0.0,199.94,3.23385,0.0617,-5.836,3.23444,5.13039,29.99
259.78,11.25411,1.46872,-19.577,11.34954,27.57532,29.99,2.29755,0.13741,4.332,2.30166,3.46789,19.99,0.0,0.0,-5.844,0.0,0.0,199.94,3.23385,0.0617,-5.843,3.23444,5.13039,29.99
260.031,11.25411,1.46872,-19.577,11.34954,27.57532,29.6,2.29755,0.13741,4.332,2.30166,3.46789,20.0,0.0,0.0,-5.861,0.0,0.0,201.63,3.23385,0.0617,-5.856,3.23444,5.13039,29.6
260.28,11.25411,1.46872,-19.577,11.34954,27.57532,29.6,2.29755,0.13741,4.332,2.30166,3.46789,20.0,0.0,0.0,-5.868,0.0,0.0,201.63,3.23385,0.0617,-5.868,3.23444,5.13039,29.6
260.53,11.25411,1.46872,-19.577,11.34954,27.57532,29.6,2.29755,0.13741,4.332,2.30166,3.46789,20.0,0.0,0.0,-5.88,0.0,0.0,201.63,3.23385,0.0617,-5.882,3.23444,5.13039,29.6
260.78,11.25411,1.46872,-19.577,11.34954,27.57532,29.6,2.29755,0.13741,4.332,2.30166,3.46789,20.0,0.0,0.0,-5.896,0.0,0.0,201.63,3.23385,0.0617,-5.895,3.23444,5.13039,29.6
261.03,11.25411,1.46872,-19.577,11.34954,27.57532,29.6,2.29755,0.13741,4.332,2.30166,3.46789,20.0,0.0,0.0,-5.907,0.0,0.0,201.63,3.23385,0.0617,-5.906,3.23444,5.13039,29.6
261.281,11.25411,1.46872,-19.577,11.34954,27.57532,30.4,2.29755,0.13741,4.332,2.30166,3.46789,20.0,0.0,0.0,-5.901,0.0,0.0,199.17,3.23385,0.0617,-5.9,3.23444,5.13039,30.4
261.53,11.25411,1.46872,-19.577,11.34954,27.57532,30.4,2.29755,0.13741,4.332,2.30166,3.46789,20.0,0.0,0.0,-5.908,0.0,0.0,199.17,3.23385,0.0617,-5.907,3.23444,5.13039,30.4
261.781,11.25411,1.46872,-19.577,11.34954,27.57532,30.4,2.29755,0.13741,4.332,2.30166,3.46789,20.0,0.0,0.0,-5.895,0.0,0.0,199.17,3.23385,0.0617,-5.893,3.23444,5.13039,30.4
262.03,11.25411,1.46872,-19.577,11.34954,27.57532,30.4,2.29755,0.13741,4.332,2.30166,3.46789,20.0,0.0,0.0,-5.902,0.0,0.0,199.17,3.23385,0.0617,-5.905,3.23444,5.13039,30.4
262.281,11.25411,1.46872,-19.577,11.34954,27.57532,30.4,2.29755,0.13741,4.332,2.30166,3.46789,20.0,0.0,0.0,-5.92,0.0,0.0,199.17,3.23385,0.0617,-5.916,3.23444,5.13039,30.4
262.53,11.25411,1.46872,-19.577,11.34954,27.57532,28.81,2.29755,0.13741,4.332,2.30166,3.46789,20.01,0.0,0.0,-5.928,0.0,0.0,201.67,3.23385,0.0617,-5.927,3.23444,5.13039,28.81
262.78,11.25397,1.46881,-19.579,11.34941,27.57532,28.81,2.29755,0.13741,4.332,2.30166,3.46789,20.01,0.0,0.0,-5.922,0.0,0.0,201.67,3.23369,0.06176,-5.922,3.23428,5.13039,28.81
263.03,11.25397,1.46881,-19.579,11.34941,27.57532,28.81,2.29755,0.13741,4.332,2.30166,3.46789,20.01,0.0,0.0,-5.935,0.0,0.0,201.67,3.23369,0.06176,-5.938,3.23428,5.13039,28.81
263.281,11.25397,1.46881,-19.579,11.34941,27.57532,28.81,2.29755,0.13741,4.332,2.30166,3.46789,20.01,0.0,0.0,-5.941,0.0,0.0,201.67,3.23369,0.06176,-5.941,3.23428,5.13039,28.81
263.53,11.25397,1.46881,-19.579,11.34941,27.57532,28.81,2.29755,0.13741,4.332,2.30166,3.46789,20.01,0.0,0.0,-5.938,0.0,0.0,201.67,3.23369,0.06176,-5.935,3.23428,5.13039,28.81
263.78,11.25397,1.46881,-19.579,11.34941,27.57532,29.6,2.29755,0.13741,4.332,2.30166,3.46789,20.0,0.0,0.0,-5.94,0.0,0.0,199.2,3.23369,0.06176,-5.94,3.23428,5.13039,29.6
264.03,11.25397,1.46881,-19.579,11.34941,27.57532,29.6,2.29755,0.13741,4.332,2.30166,3.46789,20.0,0.0,0.0,-5.955,0.0,0.0,199.2,3.23369,0.06176,-5.957,3.23428,5.13039,29.6
264.28,11.25387,1.46874,-19.577,11.3493,27.57532,29.6,2.29755,0.13741,4.332,2.30166,3.46789,20.0,0.0,0.0,-5.964,0.0,0.0,199.2,3.23361,0.06166,-5.963,3.2342,5.13039,29.6
264.53,11.25387,1.46874,-19.577,11.3493,27.57532,29.6,2.29755,0.13741,4.332,2.30166,3.46789,20.0,0.0,0.0,-5.976,0.0,0.0,199.2,3.23361,0.06166,-5.979,3.23419,5.13039,29.6
264.78,11.25387,1.46874,-19.577,11.3493,27.57532,29.6,2.29755,0.13741,4.332,2.30166,3.46789,20.0,0.0,0.0,-5.986,0.0,0.0,199.2,3.23361,0.06166,-5.99,3.23419,5.13039,29.6
265.03,11.25387,1.46874,-19.577,11.3493,27.57532,28.8,2.29755,0.13741,4.332,2.30166,3.46789,20.0,0.0,0.0,-6.002,0.0,0.0,200.01,3.23361,0.06166,-6.0,3.23419,5.13039,28.8
265.28,11.25387,1.46874,-19.577,11.3493,27.57532,28.8,2.29755,0.13741,4.332,2.30166,3.46789,20.0,0.0,0.0,-6.027,0.0,0.0,200.01,3.23361,0.06166,-6.026,3.23419,5.13039,28.8
265.53,11.25387,1.46874,-19.577,11.3493,27.57532,28.8,2.29755,0.13741,4.332,2.30166,3.46789,20.0,0.0,0.0,-6.05,0.0,0.0,200.01,3.23361,0.06166,-6.048,3.23419,5.13039,28.8
265.78,11.25387,1.46874,-19.577,11.3493,27.57532,28.8,2.29755,0.13741,4.332,2.30166,3.46789,20.0,0.0,0.0,-6.053,0.0,0.0,200.01,3.23361,0.06166,-6.055,3.23419,5.13039,28.8
266.03,11.25387,1.46874,-19.577,11.3493,27.57532,30.0,2.29755,0.13741,4.332,2.30166,3.46789,20.0,0.0,0.0,-6.055,0.0,0.0,200.0,3.23361,0.06166,-6.055,3.23419,5.13039,30.0
266.28,11.25387,1.46874,-19.577,11.3493,27.57532,30.0,2.29755,0.13741,4.332,2.30166,3.46789,20.0,0.0,0.0,-6.07,0.0,0.0,200.0,3.23361,0.06166,-6.071,3.23419,5.13039,30.0
266.53,11.25387,1.46874,-19.577,11.3493,27.57532,30.0,2.29755,0.13741,4.332,2.30166,3.46789,20.0,0.0,0.0,-6.081,0.0,0.0,200.0,3.23361,0.06166,-6.078,3.23419,5.13039,30.0
266.78,11.25387,1.46874,-19.577,11.3493,27.57532,30.0,2.29755,0.13741,4.332,2.30166,3.46789,20.0,0.0,0.0,-6.083,0.0,0.0,200.0,3.23361,0.06166,-6.084,3.23419,5.13039,30.0
267.03,11.25387,1.46874,-19.577,11.3493,27.57532,30.0,2.29755,0.13741,4.332,2.30166,3.46789,20.0,0.0,0.0,-6.092,0.0,0.0,200.0,3.23361,0.06166,-6.093,3.23419,5.13039,30.0
267.28,11.25413,1.46859,-19.578,11.34955,27.57532,30.0,2.29755,0.13741,4.332,2.30166,3.46789,20.0,0.0,0.0,-6.096,0.0,0.0,200.0,3.23391,0.06157,-6.094,3.23449,5.13039,30.0
267.53,11.25413,1.46859,-19.578,11.34955,27.57532,30.0,2.29755,0.13741,4.332,2.30166,3.46789,20.0,0.0,0.0,-6.097,0.0,0.0,200.0,3.23391,0.06157,-6.098,3.23449,5.13039,30.0
267.78,11.25413,1.46859,-19.578,11.34955,27.57532,30.0,2.29755,0.13741,4.332,2.30166,3.46789,20.0,0.0,0.0,-6.094,0.0,0.0,200.0,3.23391,0.06157,-6.096,3.23449,5.13039,30.0
268.03,11.25413,1.46859,-19.578,11.34955,27.57532,30.0,2.29755,0.13741,4.332,2.30166,3.46789,20.0,0.0,0.0,-6.105,0.0,0.0,200.0,3.23391,0.06157,-6.106,3.23449,5.13039,30.0
268.28,11.25413,1.46859,-19.578,11.34955,27.57532,30.39,2.29755,0.13741,4.332,2.30166,3.46789,20.0,0.0,0.0,-6.11,0.0,0.0,199.96,3.23391,0.06157,-6.109,3.23449,5.13039,30.39
268.53,11.25413,1.46859,-19.578,11.34955,27.57532,30.39,2.29755,0.13741,4.332,2.30166,3.46789,20.0,0.0,0.0,-6.121,0.0,0.0,199.96,3.23391,0.06157,-6.123,3.23449,5.13039,30.39
268.78,11.25413,1.46859,-19.578,11.34955,27.57532,30.39,2.29755,0.13741,4.332,2.30166,3.46789,20.0,0.0,0.0,-6.116,0.0,0.0,199.96,3.2339,0.06157,-6.116,3.23449,5.13039,30.39
269.03,11.25413,1.46859,-19.578,11.34955,27.57532,30.39,2.29755,0.13741,4.332,2.30166,3.46789,20.0,0.0,0.0,-6.115,0.0,0.0,199.96,3.2339,0.06157,-6.114,3.23449,5.13039,30.39
269.281,11.25413,1.46859,-19.578,11.34955,27.57532,29.99,2.29755,0.13741,4.332,2.30166,3.46789,20.0,0.0,0.0,-6.127,0.0,0.0,199.96,3.2339,0.06157,-6.126,3.23449,5.13039,29.99
269.53,11.25413,1.46859,-19.578,11.34955,27.57532,29.99,2.29755,0.13741,4.332,2.30166,3.46789,20.0,0.0,0.0,-6.134,0.0,0.0,199.96,3.2339,0.06157,-6.133,3.23449,5.13039,29.99
269.78,11.25403,1.46876,-19.578,11.34947,27.57532,29.99,2.29755,0.13741,4.332,2.30166,3.46789,20.0,0.0,0.0,-6.138,0.0,0.0,199.96,3.23377,0.06171,-6.136,3.23436,5.13039,29.99
270.031,11.25403,1.46876,-19.578,11.34947,27.57532,29.99,2.29755,0.13741,4.332,2.30166,3.46789,20.0,0.0,0.0,-6.143,0.0,0.0,199.96,3.23377,0.06171,-6.141,3.23436,5.13039,29.99
270.28,11.25403,1.46876,-19.578,11.34947,27.57532,29.99,2.29755,0.13741,4.332,2.30166,3.46789,20.0,0.0,0.0,-6.15,0.0,0.0,199.96,3.23377,0.06171,-6.15,3.23436,5.13039,29.99
270.53,11.25403,1.46876,-19.578,11.34947,27.57532,29.61,2.29755,0.13741,4.332,2.30166,3.46789,19.21,0.0,0.0,-6.163,0.0,0.0,201.65,3.23377,0.06171,-6.164,3.23436,5.13039,29.61
270.78,11.25382,1.46868,-19.576,11.34925,27.57532,29.61,2.29755,0.13741,4.332,2.30166,3.46789,19.21,0.0,0.0,-6.171,0.0,0.0,201.65,3.23358,0.06159,-6.168,3.23417,5.13039,29.61
271.03,11.25382,1.46859,-19.575,11.34924,27.57532,29.61,2.29755,0.13741,4.332,2.30166,3.46789,19.21,0.0,0.0,-6.181,0.0,0.0,201.65,3.2336,0.0615,-6.184,3.23418,5.13039,29.61
271.28,11.25382,1.46859,-19.575,11.34924,27.57532,29.61,2.29755,0.13741,4.332,2.30166,3.46789,19.21,0.0,0.0,-6.189,0.0,0.0,201.65,3.2336,0.0615,-6.189,3.23418,5.13039,29.61
271.53,11.25382,1.46859,-19.575,11.34924,27.57532,29.61,2.29755,0.13741,4.332,2.30166,3.46789,19.21,0.0,0.0,-6.202,0.0,0.0,201.65,3.2336,0.0615,-6.199,3.23418,5.13039,29.61
271.78,11.2538,1.46862,-19.574,11.34922,27.57532,30.4,2.29755,0.13741,4.332,2.30166,3.46789,20.8,0.0,0.0,-6.219,0.0,0.0,199.19,3.23357,0.06153,-6.219,3.23416,5.13039,30.4
272.03,11.2538,1.46862,-19.574,11.34922,27.57532,30.4,2.29755,0.13741,4.332,2.30166,3.46789,20.8,0.0,0.0,-6.227,0.0,0.0,199.19,3.23357,0.06153,-6.226,3.23416,5.13039,30.4
272.282,11.25392,1.46844,-19.569,11.34931,27.57532,30.4,2.29755,0.13741,4.332,2.30166,3.46789,20.8,0.0,0.0,-6.237,0.0,0.0,199.19,3.23373,0.06138,-6.239,3.23431,5.13039,30.4
272.531,11.25385,1.46856,-19.571,11.34926,27.57532,30.4,2.29755,0.13741,4.332,2.30166,3.46789,20.8,0.0,0.0,-6.238,0.0,0.0,199.19,3.23363,0.06148,-6.239,3.23422,5.13039,30.4
272.78,11.25338,1.46913,-19.566,11.34887,27.57532,30.4,2.29755,0.13741,4.332,2.30166,3.46789,20.8,0.0,0.0,-6.247,0.0,0.0,199.19,3.23304,0.06193,-6.246,3.23363,5.13039,30.4
273.03,11.25338,1.46913,-19.566,11.34887,27.57532,29.6,2.29755,0.13741,4.332,2.30166,3.46789,20.0,0.0,0.0,-6.258,0.0,0.0,201.61,3.23304,0.06193,-6.257,3.23363,5.13039,29.6
273.28,11.25338,1.46913,-19.566,11.34887,27.57532,29.6,2.29755,0.13741,4.332,2.30166,3.46789,20.0,0.0,0.0,-6.264,0.0,0.0,201.61,3.23304,0.06193,-6.262,3.23363,5.13039,29.6
273.53,11.25338,1.46913,-19.566,11.34887,27.57532,29.6,2.29755,0.13741,4.332,2.30166,3.46789,20.0,0.0,0.0,-6.27,0.0,0.0,201.61,3.23304,0.06193,-6.263,3.23363,5.13039,29.6
273.78,11.25356,1.47002,-19.642,11.34916,27.57532,29.6,2.29755,0.13741,4.332,2.30166,3.46789,20.0,0.0,0.0,-6.299,0.0,0.0,201.61,3.23301,0.06283,-6.299,3.23362,5.13039,29.6
274.03,11.23665,1.48126,-20.003,11.33387,27.59729,29.6,2.29692,0.13736,4.368,2.30102,3.46789,20.0,0.0,0.0,-6.281,0.0,0.0,201.61,3.21395,0.06979,-6.277,3.21471,5.15235,29.6
274.28,11.19566,1.51948,-21.15,11.2983,27.6538,29.6,2.29302,0.13706,4.386,2.29711,3.46789,20.0,0.0,0.0,-6.332,0.0,0.0,199.2,3.16486,0.0969,-6.329,3.16635,5.20886,29.6
274.53,11.10259,1.58115,-22.317,11.21461,27.7665,29.6,2.28428,0.1364,4.293,2.28835,3.47432,20.0,0.0,0.0,-6.375,0.0,0.0,199.2,3.0588,0.13155,-6.367,3.06162,5.32155,29.6
274.78,10.92495,1.66156,-22.545,11.05058,27.96275,29.6,2.27137,0.13545,4.191,2.27541,3.49015,20.0,0.0,0.0,-6.422,0.0,0.0,199.2,2.86582,0.15916,-6.42,2.87023,5.51781,29.6
275.03,10.71062,1.52788,-15.542,10.81904,28.31672,29.6,2.25583,0.13434,4.016,2.25982,3.50345,20.0,0.0,0.0,-6.556,0.0,0.0,199.2,2.69103,-0.02719,-6.531,2.69117,5.87177,29.6
275.28,10.45726,1.24515,-3.823,10.53113,28.90387,29.6,2.23961,0.13323,3.873,2.24357,3.52287,20.0,0.0,0.0,-6.694,0.0,0.0,199.2,2.46591,-0.31783,-6.691,2.48631,6.45892,29.6
275.53,10.29942,1.27291,-3.998,10.37779,29.18255,29.6,2.22133,0.13203,3.672,2.22525,3.53761,20.0,0.0,0.0,-6.83,0.0,0.0,201.58,2.31421,-0.28056,-6.808,2.33115,6.73761,29.6
275.78,10.41315,1.27346,-0.257,10.49073,29.47419,29.6,2.20012,0.13067,3.686,2.204,3.56245,20.0,0.0,0.0,-6.939,0.0,0.0,201.58,2.42803,-0.2875,-6.945,2.44499,7.02927,29.6
276.03,9.7923,1.22471,-0.371,9.86859,30.09699,29.6,2.17738,0.12926,3.518,2.18121,3.58108,20.0,0.0,0.0,-6.963,0.0,0.0,201.58,1.80571,-0.26401,-6.961,1.82491,7.65207,29.6
276.281,9.26314,1.20289,3.563,9.34092,30.67717,29.6,2.15421,0.12776,3.743,2.158,3.60699,20.0,0.0,0.0,-6.818,0.0,0.0,201.58,1.2759,-0.21189,-6.836,1.29337,8.23224,29.6
276.53,9.17698,1.16172,5.571,9.25022,30.78117,29.6,2.13495,0.1265,3.742,2.1387,3.62287,20.0,0.0,0.0,-6.583,0.0,0.0,201.58,1.18366,-0.23565,-6.602,1.20689,8.33625,29.6
276.78,10.04917,0.9838,8.091,10.09722,40.53774,30.4,2.09865,0.12413,3.703,2.10232,3.66413,20.0,0.0,0.0,-6.449,0.0,0.0,199.23,1.15119,-0.24137,-6.532,1.17622,8.36927,26.4
277.03,9.8002,0.95476,9.891,9.84659,40.81239,30.4,2.06279,0.12173,3.938,2.06638,3.70007,20.0,0.0,0.0,-6.32,0.0,0.0,199.23,0.90232,-0.20444,-6.348,0.92519,8.64392,26.4
277.28,9.58394,0.8809,10.099,9.62434,41.04524,30.4,2.02662,0.1192,4.042,2.03012,3.73633,20.0,0.0,0.0,-6.323,0.0,0.0,199.23,0.6741,-0.21322,-6.317,0.70702,8.87677,26.4
277.53,9.51222,0.86917,9.969,9.55185,41.11372,30.4,1.99499,0.11689,4.231,1.99841,3.76804,20.0,0.0,0.0,-6.365,0.0,0.0,199.23,0.60198,-0.20439,-6.347,0.63573,8.94525,26.4
277.78,9.48076,0.85117,11.454,9.51889,41.15001,30.0,1.96425,0.11465,4.151,1.9676,3.79804,20.0,0.0,0.0,-6.391,0.0,0.0,200.98,0.56663,-0.21232,-6.382,0.60511,8.98154,30.0
278.03,9.45044,0.83101,13.05,9.48691,41.1866,30.0,1.93213,0.11231,4.259,1.93539,3.83107,20.0,0.0,0.0,-6.331,0.0,0.0,200.98,0.53149,-0.22188,-6.306,0.57594,9.01813,30.0
278.28,9.41274,0.81338,13.784,9.44782,41.23286,30.0,1.89921,0.11,3.937,1.90239,3.86408,20.0,0.0,0.0,-6.326,0.0,0.0,200.98,0.49006,-0.2257,-6.335,0.53954,9.06438,30.0
278.53,9.38186,0.79342,15.035,9.41535,41.26978,30.0,1.86544,0.10774,3.739,1.86855,3.89792,20.0,0.0,0.0,-6.361,0.0,0.0,200.98,0.45412,-0.23353,-6.328,0.51065,9.1013,30.0
278.78,9.35132,0.77129,16.189,9.38308,41.30768,30.0,1.83081,0.10555,3.486,1.83385,3.93262,20.0,0.0,0.0,-6.377,0.0,0.0,200.98,0.41754,-0.24262,-6.37,0.48291,9.13921,30.0
279.03,9.3359,0.76604,16.056,9.36727,41.32041,29.6,1.81267,0.10449,3.235,1.81568,3.94939,20.0,0.0,0.0,-6.447,0.0,0.0,200.82,0.40129,-0.24152,-6.479,0.46836,9.15194,29.6
279.28,9.33415,0.76628,16.011,9.36555,41.32577,29.6,1.8118,0.10444,3.289,1.81481,3.94939,20.0,0.0,0.0,-6.437,0.0,0.0,200.82,0.39976,-0.24063,-6.439,0.4666,9.1573,29.6
279.53,9.33385,0.76663,15.96,9.36529,41.32577,29.6,1.8118,0.10444,3.289,1.81481,3.94939,20.0,0.0,0.0,-6.454,0.0,0.0,200.82,0.39963,-0.24019,-6.445,0.46626,9.1573,29.6
279.78,9.33385,0.76663,15.96,9.36529,41.32577,29.6,1.8118,0.10444,3.289,1.81481,3.94939,20.0,0.0,0.0,-6.466,0.0,0.0,200.82,0.39963,-0.24019,-6.466,0.46626,9.1573,29.6
280.03,9.33371,0.76744,15.894,9.3652,41.32577,29.6,1.8118,0.10444,3.289,1.81481,3.94939,20.0,0.0,0.0,-6.468,0.0,0.0,200.82,0.3998,-0.23939,-6.466,0.46599,9.1573,29.6
280.28,9.33371,0.76744,15.894,9.3652,41.32577,29.6,1.8118,0.10444,3.289,1.81481,3.94939,20.0,0.0,0.0,-6.466,0.0,0.0,199.2,0.3998,-0.23939,-6.466,0.46599,9.1573,29.6
280.531,9.33167,0.76669,15.989,9.36312,41.32577,29.6,1.80928,0.1043,3.308,1.81228,3.94939,20.0,0.0,0.0,-6.431,0.0,0.0,199.2,0.39764,-0.23931,-6.435,0.46409,9.1573,29.6
280.78,9.31882,0.76344,16.007,9.35004,41.33917,29.6,1.79771,0.10363,3.288,1.8007,3.96573,20.0,0.0,0.0,-6.419,0.0,0.0,199.2,0.38452,-0.23741,-6.427,0.45191,9.17069,29.6
281.03,9.29993,0.75987,15.926,9.33093,41.35782,29.6,1.77788,0.10249,3.297,1.78083,3.98171,20.0,0.0,0.0,-6.402,0.0,0.0,199.2,0.36569,-0.23352,-6.398,0.43389,9.18934,29.6
281.28,9.27461,0.75105,15.95,9.30497,41.38434,29.6,1.7526,0.10101,3.371,1.75551,4.01096,20.0,0.0,0.0,-6.517,0.0,0.0,199.2,0.33892,-0.232,-6.515,0.41072,9.21586,29.6
281.53,9.24854,0.74434,15.84,9.27845,41.41468,29.6,1.7261,0.09947,3.29,1.72897,4.0375,20.0,0.0,0.0,-6.691,0.0,0.0,201.6,0.31227,-0.22824,-6.659,0.38679,9.2462,29.6
281.78,9.2175,0.73687,15.59,9.24691,41.44663,29.6,1.69861,0.09794,3.111,1.70143,4.06504,20.0,0.0,0.0,-6.846,0.0,0.0,201.6,0.28073,-0.22329,-6.83,0.3587,9.27815,29.6
282.03,9.18849,0.73158,15.213,9.21756,41.47206,29.6,1.66808,0.09635,2.892,1.67086,4.09561,20.0,0.0,0.0,-7.159,0.0,0.0,201.6,0.25189,-0.21709,-7.137,0.33253,9.30358,29.6
282.28,9.15258,0.72487,14.758,9.18123,41.5079,29.6,1.63747,0.09488,2.706,1.64022,4.1261,20.0,0.0,0.0,-7.34,0.0,0.0,201.6,0.21612,-0.20969,-7.336,0.30113,9.33942,29.6
282.53,9.12489,0.71688,14.786,9.15301,41.53753,29.6,1.61063,0.0937,2.438,1.61335,4.15312,20.0,0.0,0.0,-7.364,0.0,0.0,201.6,0.18747,-0.20666,-7.344,0.27902,9.36905,29.6
282.78,9.0796,0.7076,14.71,9.10713,41.5886,29.6,1.57044,0.09214,2.202,1.57314,4.19334,20.0,0.0,0.0,-7.23,0.0,0.0,199.19,0.14201,-0.1983,-7.255,0.2439,9.42012,29.6
283.031,9.0436,0.70097,15.166,9.07072,41.62069,29.6,1.53549,0.09061,2.775,1.53816,4.22832,20.0,0.0,0.0,-6.732,0.0,0.0,199.19,0.10611,-0.19112,-6.715,0.2186,9.45221,29.6
283.28,9.0076,0.69318,15.01,9.03423,41.65851,29.6,1.50419,0.08906,2.844,1.50682,4.25967,20.0,0.0,0.0,-6.795,0.0,0.0,199.19,0.06981,-0.1849,-6.797,0.19764,9.49003,29.6
283.53,8.97753,0.68459,15.109,9.00359,41.6943,29.6,1.47349,0.0875,3.01,1.47609,4.2904,20.0,0.0,0.0,-6.724,0.0,0.0,199.19,0.0387,-0.18171,-6.724,0.18579,9.52581,29.6
283.78,8.9479,0.67721,15.146,8.97349,41.72484,29.6,1.44608,0.08605,3.046,1.44864,4.31766,20.0,0.0,0.0,-6.632,0.0,0.0,199.19,0.00845,-0.17757,-6.626,0.17777,9.55636,29.6
284.03,8.9224,0.67025,15.249,8.94753,41.74729,29.6,1.41827,0.08453,3.172,1.42079,4.3457,20.0,0.0,0.0,-6.542,0.0,0.0,201.61,-0.01782,-0.17459,-6.536,0.17549,9.57881,29.6
284.28,8.89017,0.66136,15.277,8.91474,41.78038,29.6,1.38868,0.0829,3.138,1.39116,4.37533,20.0,0.0,0.0,-6.529,0.0,0.0,201.61,-0.05104,-0.17087,-6.534,0.17833,9.61189,29.6
284.53,8.85855,0.65273,15.315,8.88257,41.81757,29.6,1.35622,0.08123,2.812,1.35865,4.40784,20.0,0.0,0.0,-6.457,0.0,0.0,201.61,-0.0836,-0.16716,-6.469,0.1869,9.64909,29.6
284.78,8.82143,0.64274,15.318,8.84482,41.85115,29.6,1.32252,0.07976,2.287,1.32492,4.44157,20.0,0.0,0.0,-6.429,0.0,0.0,201.61,-0.12178,-0.16269,-6.426,0.20322,9.68267,29.6
285.03,8.78768,0.63208,15.434,8.81038,41.88659,30.0,1.28962,0.07854,2.127,1.29201,4.47449,20.0,0.0,0.0,-6.475,0.0,0.0,199.98,-0.15708,-0.16004,-6.46,0.22425,9.7181,30.0
285.28,8.74945,0.62176,15.274,8.77152,41.93117,30.0,1.25571,0.07729,2.092,1.25809,4.50769,20.0,0.0,0.0,-6.675,0.0,0.0,199.98,-0.19639,-0.15532,-6.67,0.25039,9.76268,30.0
285.53,8.7167,0.61272,15.359,8.7382,41.96035,30.0,1.2288,0.07634,1.914,1.23117,4.53535,20.0,0.0,0.0,-6.628,0.0,0.0,199.98,-0.23015,-0.15146,-6.622,0.27552,9.79187,30.0
285.781,8.67405,0.60154,15.41,8.69489,42.00932,30.0,1.18554,0.07511,1.556,1.18792,4.57863,20.0,0.0,0.0,-6.569,0.0,0.0,199.98,-0.27388,-0.14586,-6.557,0.3103,9.84084,30.0
286.031,8.63547,0.59161,15.378,8.65571,42.04918,29.99,1.14749,0.07411,1.377,1.14988,4.61669,19.99,0.0,0.0,-6.618,0.0,0.0,200.95,-0.31337,-0.14059,-6.632,0.34346,9.8807,29.99
286.28,8.5913,0.58025,15.588,8.61087,42.09482,29.99,1.11012,0.07333,1.031,1.11254,4.65408,19.99,0.0,0.0,-6.29,0.0,0.0,200.95,-0.35859,-0.13462,-6.323,0.38302,9.92634,29.99
286.53,8.55389,0.5709,15.88,8.57292,42.13364,29.99,1.07326,0.07274,0.784,1.07572,4.69094,19.99,0.0,0.0,-6.068,0.0,0.0,200.95,-0.39678,-0.12936,-6.083,0.41734,9.96516,29.99
286.78,8.51357,0.55979,16.027,8.53195,42.1755,29.99,1.03809,0.07232,0.601,1.04061,4.72589,19.99,0.0,0.0,-5.788,0.0,0.0,200.95,-0.43834,-0.12466,-5.8,0.45572,10.00702,29.99
287.03,8.48054,0.55086,16.266,8.49841,42.20973,29.99,1.00461,0.07191,0.679,1.00718,4.75959,19.99,0.0,0.0,-5.549,0.0,0.0,200.95,-0.47233,-0.12069,-5.571,0.48751,10.04125,29.99
287.28,8.43948,0.53883,16.585,8.45667,42.25253,29.61,0.96928,0.07149,0.695,0.97191,4.79493,20.01,0.0,0.0,-5.271,0.0,0.0,199.26,-0.51492,-0.11661,-5.283,0.52796,10.08405,29.61
287.53,8.4037,0.52942,16.784,8.42036,42.28954,29.61,0.93307,0.07104,0.77,0.93577,4.83114,20.01,0.0,0.0,-5.02,0.0,0.0,199.26,-0.55164,-0.11206,-5.042,0.5629,10.12106,29.61
287.78,8.36313,0.51749,16.932,8.37912,42.33186,29.61,0.89748,0.07062,0.587,0.90026,4.86673,20.01,0.0,0.0,-4.825,0.0,0.0,199.26,-0.59374,-0.10809,-4.842,0.6035,10.16338,29.61
288.03,8.32669,0.50642,17.339,8.34208,42.37,29.61,0.86218,0.07022,0.696,0.86504,4.90203,20.01,0.0,0.0,-4.372,0.0,0.0,199.26,-0.63168,-0.1049,-4.418,0.64034,10.20152,29.61
288.28,8.28903,0.49508,17.82,8.3038,42.40945,29.61,0.82445,0.06962,1.047,0.82739,4.93968,20.01,0.0,0.0,-3.902,0.0,0.0,199.26,-0.67087,-0.10149,-3.925,0.6785,10.24097,29.61
288.53,8.25366,0.48318,18.481,8.26779,42.44196,29.6,0.80184,0.06916,1.243,0.80482,4.96238,19.2,0.0,0.0,-3.14,0.0,0.0,201.61,-0.70813,-0.09953,-3.259,0.71509,10.27348,29.6
288.78,8.21211,0.469,19.186,8.22549,42.49078,29.6,0.75885,0.06807,1.636,0.76189,5.00539,19.2,0.0,0.0,-2.367,0.0,0.0,201.61,-0.75199,-0.09744,-2.416,0.75827,10.32229,29.6
289.03,8.18384,0.45862,19.743,8.19668,42.5209,29.6,0.72849,0.06714,1.829,0.73158,5.03576,19.2,0.0,0.0,-1.878,0.0,0.0,201.61,-0.78209,-0.09671,-1.922,0.78805,10.35242,29.6
289.28,8.15343,0.44904,20.138,8.16579,42.55279,29.6,0.70058,0.06622,1.974,0.70371,5.06368,19.2,0.0,0.0,-1.502,0.0,0.0,201.61,-0.81389,-0.09442,-1.519,0.81935,10.38431,29.6
289.53,8.12525,0.43881,20.394,8.13709,42.57834,30.0,0.67105,0.06513,2.264,0.6742,5.09324,21.0,0.0,0.0,-1.228,0.0,0.0,199.98,-0.84386,-0.09355,-1.257,0.84903,10.40986,30.0
289.78,8.09316,0.4259,20.583,8.10436,42.61318,30.0,0.64079,0.06391,2.299,0.64397,5.12344,21.0,0.0,0.0,-1.13,0.0,0.0,199.98,-0.87845,-0.0937,-1.136,0.88343,10.44469,30.0
290.03,8.06674,0.41641,20.397,8.07748,42.64551,30.0,0.61199,0.06289,1.897,0.61522,5.15234,21.0,0.0,0.0,-1.384,0.0,0.0,199.98,-0.9065,-0.09272,-1.355,0.91123,10.47703,30.0
290.28,8.035,0.4047,20.099,8.04519,42.6794,30.0,0.58362,0.06201,1.635,0.5869,5.18073,21.0,0.0,0.0,-1.765,0.0,0.0,199.98,-0.94032,-0.09178,-1.753,0.94479,10.51092,30.0
290.53,8.01202,0.39752,19.779,8.02187,42.70085,30.0,0.5583,0.06135,1.453,0.56166,5.20605,20.0,0.0,0.0,-1.921,0.0,0.0,199.99,-0.96433,-0.08989,-1.931,0.96851,10.53237,30.0
290.78,8.00608,0.3953,19.729,8.01583,42.7059,30.0,0.55299,0.06121,1.52,0.55637,5.21131,20.0,0.0,0.0,-1.9,0.0,0.0,199.99,-0.97067,-0.08976,-1.896,0.97481,10.53741,30.0
291.031,8.00626,0.39559,19.728,8.01603,42.7059,30.0,0.55299,0.06121,1.52,0.55637,5.21131,20.0,0.0,0.0,-1.902,0.0,0.0,199.99,-0.97039,-0.08957,-1.895,0.97452,10.53741,30.0
291.28,8.00556,0.39464,19.747,8.01528,42.7059,30.0,0.55299,0.06121,1.52,0.55637,5.21131,20.0,0.0,0.0,-1.915,0.0,0.0,199.99,-0.97139,-0.09019,-1.917,0.97557,10.53741,30.0
291.53,8.00525,0.39458,19.748,8.01497,42.71092,30.0,0.55299,0.06121,1.52,0.55637,5.21131,20.0,0.0,0.0,-1.928,0.0,0.0,199.99,-0.9717,-0.09013,-1.931,0.97587,10.54244,30.0
291.78,8.00527,0.39489,19.74,8.01501,42.71092,30.4,0.55299,0.06121,1.52,0.55637,5.21131,20.0,0.0,0.0,-1.951,0.0,0.0,199.98,-0.97156,-0.08985,-1.95,0.97571,10.54244,30.4
292.03,8.00608,0.39616,19.685,8.01588,42.71092,30.4,0.55299,0.06121,1.52,0.55637,5.21131,20.0,0.0,0.0,-1.943,0.0,0.0,199.98,-0.97035,-0.08897,-1.941,0.97442,10.54244,30.4
292.28,8.00611,0.39609,19.688,8.0159,42.71092,30.4,0.55299,0.06121,1.52,0.55637,5.21131,20.0,0.0,0.0,-1.953,0.0,0.0,199.98,-0.97034,-0.08904,-1.953,0.97442,10.54244,30.4
292.53,8.00595,0.39661,19.661,8.01577,42.71092,30.4,0.55299,0.06121,1.52,0.55637,5.21131,20.0,0.0,0.0,-1.962,0.0,0.0,199.98,-0.9703,-0.0885,-1.964,0.97433,10.54244,30.4
292.78,8.00534,0.39551,19.651,8.0151,42.71092,30.4,0.55299,0.06121,1.52,0.55637,5.21131,20.0,0.0,0.0,-2.037,0.0,0.0,199.98,-0.97128,-0.0893,-2.035,0.97537,10.54244,30.4
293.03,8.00502,0.39483,19.516,8.01475,42.71092,29.6,0.55227,0.06119,1.275,0.55565,5.21131,20.0,0.0,0.0,-2.363,0.0,0.0,200.82,-0.97183,-0.08981,-2.31,0.97597,10.54244,29.6
293.28,8.00328,0.39679,19.096,8.01311,42.71092,29.6,0.55094,0.06117,0.9,0.55432,5.21131,20.0,0.0,0.0,-2.723,0.0,0.0,200.82,-0.97271,-0.08734,-2.704,0.97663,10.54244,29.6
293.531,7.99874,0.39534,18.802,8.00851,42.7166,29.6,0.54554,0.0611,0.571,0.54895,5.21722,20.0,0.0,0.0,-3.154,0.0,0.0,200.82,-0.97746,-0.087,-3.07,0.98133,10.54812,29.6
293.782,7.98996,0.39136,18.408,7.99954,42.72275,29.6,0.5359,0.06107,-0.022,0.53937,5.22845,20.0,0.0,0.0,-3.663,0.0,0.0,200.82,-0.9871,-0.08739,-3.626,0.99096,10.55427,29.6
294.031,7.97838,0.38998,17.952,7.98791,42.73925,28.99,0.52345,0.06114,-0.452,0.52701,5.23881,19.99,0.0,0.0,-3.771,0.0,0.0,200.92,-0.99835,-0.08433,-3.88,1.0019,10.57077,28.99
294.28,7.97618,0.38904,18.1,7.98566,42.73925,28.99,0.52116,0.06115,-0.193,0.52473,5.23881,19.99,0.0,0.0,-3.69,0.0,0.0,200.92,-1.00074,-0.08439,-3.689,1.00429,10.57077,28.99
294.53,7.97571,0.38899,18.083,7.98519,42.73925,28.99,0.52116,0.06115,-0.193,0.52473,5.23881,19.99,0.0,0.0,-3.685,0.0,0.0,200.92,-1.00119,-0.08425,-3.684,1.00473,10.57077,28.99
294.78,7.97522,0.38949,18.047,7.98472,42.73925,28.99,0.52116,0.06115,-0.193,0.52473,5.23881,19.99,0.0,0.0,-3.688,0.0,0.0,200.92,-1.00147,-0.08361,-3.686,1.00495,10.57077,28.99
295.03,7.97482,0.38922,18.047,7.98431,42.73925,28.99,0.52116,0.06115,-0.193,0.52473,5.23881,19.99,0.0,0.0,-3.695,0.0,0.0,200.92,-1.00194,-0.08371,-3.695,1.00543,10.57077,28.99
295.28,7.97487,0.3905,17.982,7.98442,42.73925,30.41,0.52116,0.06115,-0.193,0.52473,5.23881,20.01,0.0,0.0,-3.696,0.0,0.0,199.27,-1.00142,-0.08255,-3.696,1.00482,10.57077,30.41
295.53,7.97485,0.38957,18.064,7.98436,42.73925,30.41,0.5211,0.06115,-0.174,0.52468,5.23881,20.01,0.0,0.0,-3.739,0.0,0.0,199.27,-1.00178,-0.0834,-3.727,1.00524,10.57077,30.41
295.78,7.96799,0.38621,17.942,7.97735,42.75036,30.41,0.5134,0.06119,-0.444,0.51703,5.25015,20.01,0.0,0.0,-4.15,0.0,0.0,199.27,-1.00939,-0.08393,-4.122,1.01288,10.58188,30.41
296.031,7.94707,0.37941,17.297,7.95612,42.76852,30.41,0.49076,0.06155,-1.126,0.49461,5.26893,20.01,0.0,0.0,-4.915,0.0,0.0,199.27,-1.03133,-0.08231,-4.831,1.03461,10.60004,30.41
296.28,7.91883,0.37106,16.735,7.92752,42.79844,29.0,0.46442,0.06216,-1.562,0.46856,5.29995,20.0,0.0,0.0,-5.549,0.0,0.0,199.97,-1.06063,-0.07937,-5.513,1.0636,10.62997,29.0
296.53,7.89755,0.36771,15.88,7.90611,42.82382,29.0,0.44055,0.06304,-2.477,0.44504,5.32383,20.0,0.0,0.0,-6.34,0.0,0.0,199.97,-1.08159,-0.07437,-6.275,1.08414,10.65535,29.0
296.78,7.87339,0.36184,15.475,7.8817,42.84882,29.0,0.41719,0.06414,-2.766,0.42209,5.34722,20.0,0.0,0.0,-6.705,0.0,0.0,199.97,-1.10618,-0.07067,-6.693,1.10844,10.68035,29.0
297.031,7.84463,0.35523,15.327,7.85267,42.87837,29.0,0.39079,0.06548,-2.989,0.39624,5.36905,20.0,0.0,0.0,-6.835,0.0,0.0,199.97,-1.13531,-0.06593,-6.835,1.13722,10.70989,29.0
297.28,7.81943,0.35115,15.476,7.82731,42.89971,29.0,0.3652,0.06678,-2.826,0.37126,5.39762,20.0,0.0,0.0,-6.526,0.0,0.0,199.97,-1.16019,-0.06026,-6.538,1.16175,10.73124,29.0
297.53,7.79267,0.34387,15.657,7.80026,42.93172,29.6,0.34275,0.06783,-2.588,0.34939,5.42175,19.2,0.0,0.0,-6.339,0.0,0.0,201.62,-1.18773,-0.05698,-6.367,1.18909,10.76325,29.6
297.78,7.76429,0.33663,15.787,7.77158,42.96102,29.6,0.31098,0.06917,-2.307,0.31858,5.44896,19.2,0.0,0.0,-6.319,0.0,0.0,201.62,-1.21675,-0.05302,-6.317,1.2179,10.79255,29.6
298.03,7.73764,0.32889,15.847,7.74462,42.98459,29.6,0.28383,0.07013,-1.798,0.29237,5.48071,19.2,0.0,0.0,-6.293,0.0,0.0,201.62,-1.24436,-0.05016,-6.289,1.24537,10.81611,29.6
298.28,7.70498,0.32049,15.964,7.71164,43.01863,29.6,0.25481,0.07083,-1.133,0.26447,5.50974,19.2,0.0,0.0,-6.139,0.0,0.0,201.62,-1.27778,-0.04565,-6.147,1.27859,10.85016,29.6
298.53,7.68106,0.31448,16.166,7.68749,43.04726,30.0,0.22887,0.07121,-0.645,0.23969,5.53569,21.0,0.0,0.0,-5.787,0.0,0.0,199.98,-1.30221,-0.04226,-5.84,1.30289,10.87879,30.0
298.78,7.65481,0.30689,16.595,7.66096,43.07461,30.0,0.2047,0.07138,-0.232,0.21678,5.55979,21.0,0.0,0.0,-5.284,0.0,0.0,199.98,-1.32939,-0.03951,-5.311,1.32998,10.90614,30.0
299.03,7.62967,0.29999,16.984,7.63556,43.09757,30.0,0.17761,0.07134,0.202,0.1914,5.58695,21.0,0.0,0.0,-4.792,0.0,0.0,199.98,-1.3553,-0.0366,-4.836,1.35579,10.92909,30.0
299.28,7.60975,0.29412,17.31,7.61543,43.12161,30.0,0.15939,0.07127,0.311,0.1746,5.60204,21.0,0.0,0.0,-4.485,0.0,0.0,199.98,-1.37598,-0.03465,-4.499,1.37641,10.95313,30.0
299.53,7.59629,0.29018,17.406,7.60183,43.13385,30.0,0.14486,0.0712,0.278,0.16141,5.6197,21.0,0.0,0.0,-4.384,0.0,0.0,199.98,-1.38993,-0.03329,-4.409,1.39033,10.96538,30.0
299.78,7.58335,0.2862,17.47,7.58875,43.14648,30.4,0.13119,0.07113,0.245,0.14923,5.63096,20.0,0.0,0.0,-4.368,0.0,0.0,199.98,-1.40342,-0.03218,-4.367,1.40379,10.97801,30.4
300.03,7.57842,0.28555,17.396,7.5838,43.15263,30.4,0.12559,0.07111,0.208,0.14432,5.637,20.0,0.0,0.0,-4.362,0.0,0.0,199.98,-1.40824,-0.03094,-4.358,1.40858,10.98416,30.4
300.28,7.57926,0.28564,17.383,7.58464,43.15263,30.4,0.12559,0.07111,0.208,0.14432,5.637,20.0,0.0,0.0,-4.389,0.0,0.0,199.98,-1.40743,-0.03117,-4.387,1.40777,10.98416,30.4
300.53,7.57861,0.28631,17.314,7.58402,43.15263,30.4,0.12559,0.07111,0.208,0.14432,5.637,20.0,0.0,0.0,-4.392,0.0,0.0,199.98,-1.40778,-0.03031,-4.392,1.40811,10.98416,30.4
300.781,7.57881,0.28577,17.335,7.5842,43.15263,29.99,0.12559,0.07111,0.208,0.14432,5.637,20.0,0.0,0.0,-4.398,0.0,0.0,199.95,-1.40779,-0.03088,-4.399,1.40813,10.98416,29.99
301.03,7.57814,0.28561,17.328,7.58352,43.15263,29.99,0.12559,0.07111,0.208,0.14432,5.637,20.0,0.0,0.0,-4.409,0.0,0.0,199.95,-1.40849,-0.03079,-4.412,1.40882,10.98416,29.99
301.28,7.57809,0.28526,17.338,7.58346,43.15263,29.99,0.12559,0.07111,0.208,0.14432,5.637,20.0,0.0,0.0,-4.41,0.0,0.0,199.95,-1.40866,-0.03109,-4.411,1.409,10.98416,29.99
301.531,7.57809,0.28526,17.338,7.58346,43.15263,29.99,0.12559,0.07111,0.208,0.14432,5.637,20.0,0.0,0.0,-4.418,0.0,0.0,199.95,-1.40866,-0.03109,-4.412,1.409,10.98416,29.99
301.78,7.57836,0.28224,17.46,7.58362,43.15263,29.99,0.12559,0.07111,0.208,0.14432,5.637,20.0,0.0,0.0,-4.428,0.0,0.0,199.95,-1.40952,-0.034,-4.429,1.40993,10.98416,29.99
302.03,7.57835,0.28245,17.446,7.58361,43.15263,29.61,0.12559,0.07111,0.208,0.14432,5.637,20.01,0.0,0.0,-4.426,0.0,0.0,201.68,-1.40946,-0.0338,-4.424,1.40986,10.98416,29.61
302.28,7.5784,0.28262,17.437,7.58367,43.15263,29.61,0.12559,0.07111,0.208,0.14432,5.637,20.01,0.0,0.0,-4.436,0.0,0.0,201.68,-1.40935,-0.03366,-4.437,1.40975,10.98416,29.61
302.531,7.57887,0.28281,17.433,7.58414,43.15263,29.61,0.12559,0.07111,0.208,0.14432,5.637,20.01,0.0,0.0,-4.429,0.0,0.0,201.68,-1.40884,-0.03366,-4.429,1.40925,10.98416,29.61
302.781,7.57893,0.28305,17.428,7.58421,43.15263,29.61,0.12559,0.07111,0.208,0.14432,5.637,20.01,0.0,0.0,-4.447,0.0,0.0,201.68,-1.4087,-0.03346,-4.448,1.4091,10.98416,29.61
303.03,7.57929,0.28332,17.431,7.58459,43.15263,30.0,0.12559,0.07111,0.208,0.14432,5.637,20.0,0.0,0.0,-4.456,0.0,0.0,199.98,-1.40826,-0.03334,-4.454,1.40865,10.98416,30.0
303.28,7.58037,0.28376,17.442,7.58568,43.15263,30.0,0.12559,0.07111,0.208,0.14432,5.637,20.0,0.0,0.0,-4.456,0.0,0.0,199.98,-1.40709,-0.03333,-4.459,1.40749,10.98416,30.0
303.53,7.58038,0.28358,17.446,7.58569,43.15263,30.0,0.12559,0.07111,0.208,0.14432,5.637,20.0,0.0,0.0,-4.48,0.0,0.0,199.98,-1.40715,-0.03351,-4.48,1.40755,10.98416,30.0
303.781,7.58034,0.28317,17.455,7.58563,43.15263,30.0,0.12559,0.07111,0.208,0.14432,5.637,20.0,0.0,0.0,-4.496,0.0,0.0,199.98,-1.40734,-0.03387,-4.496,1.40775,10.98416,30.0
304.03,7.5802,0.28263,17.461,7.58546,43.15263,31.0,0.12559,0.07111,0.208,0.14432,5.637,20.0,0.0,0.0,-4.515,0.0,0.0,199.98,-1.40768,-0.03432,-4.515,1.4081,10.98416,31.0
304.28,7.58007,0.28206,17.479,7.58531,43.15263,31.0,0.12559,0.07111,0.208,0.14432,5.637,20.0,0.0,0.0,-4.513,0.0,0.0,199.98,-1.40801,-0.0348,-4.517,1.40844,10.98416,31.0
304.531,7.58028,0.28226,17.476,7.58553,43.15263,31.0,0.12559,0.07111,0.208,0.14432,5.637,20.0,0.0,0.0,-4.513,0.0,0.0,199.98,-1.40774,-0.03469,-4.513,1.40817,10.98416,31.0
304.78,7.58005,0.28208,17.475,7.58529,43.15263,31.0,0.12559,0.07111,0.208,0.14432,5.637,20.0,0.0,0.0,-4.52,0.0,0.0,199.98,-1.40802,-0.03477,-4.521,1.40845,10.98416,31.0
305.031,7.58025,0.28182,17.488,7.58549,43.15263,29.99,0.12559,0.07111,0.208,0.14432,5.637,19.99,0.0,0.0,-4.51,0.0,0.0,200.94,-1.40793,-0.03509,-4.51,1.40837,10.98416,29.99
305.28,7.58015,0.28171,17.491,7.58539,43.15263,29.99,0.12559,0.07111,0.208,0.14432,5.637,19.99,0.0,0.0,-4.514,0.0,0.0,200.94,-1.40806,-0.03515,-4.517,1.4085,10.98416,29.99
305.53,7.58015,0.28171,17.491,7.58539,43.15263,29.99,0.12559,0.07111,0.208,0.14432,5.637,19.99,0.0,0.0,-4.511,0.0,0.0,200.94,-1.40806,-0.03515,-4.513,1.4085,10.98416,29.99
305.78,7.58015,0.28171,17.491,7.58539,43.15263,29.99,0.12559,0.07111,0.208,0.14432,5.637,19.99,0.0,0.0,-4.511,0.0,0.0,200.94,-1.40806,-0.03515,-4.517,1.4085,10.98416,29.99
306.03,7.58015,0.28171,17.491,7.58539,43.15263,29.99,0.12559,0.07111,0.208,0.14432,5.637,19.99,0.0,0.0,-4.517,0.0,0.0,200.94,-1.40806,-0.03515,-4.517,1.4085,10.98416,29.99
306.28,7.58015,0.28171,17.491,7.58539,43.15263,28.81,0.12559,0.07111,0.208,0.14432,5.637,20.01,0.0,0.0,-4.524,0.0,0.0,199.27,-1.40806,-0.03515,-4.524,1.4085,10.98416,28.81
306.531,7.58015,0.28171,17.491,7.58539,43.15263,28.81,0.12559,0.07111,0.208,0.14432,5.637,20.01,0.0,0.0,-4.53,0.0,0.0,199.27,-1.40806,-0.03515,-4.532,1.4085,10.98416,28.81
306.78,7.58015,0.28171,17.491,7.58539,43.15263,28.81,0.12559,0.07111,0.208,0.14432,5.637,20.01,0.0,0.0,-4.529,0.0,0.0,199.27,-1.40806,-0.03515,-4.529,1.4085,10.98416,28.81
307.031,7.58015,0.28171,17.491,7.58539,43.15263,28.81,0.12559,0.07111,0.208,0.14432,5.637,20.01,0.0,0.0,-4.537,0.0,0.0,199.27,-1.40806,-0.03515,-4.537,1.4085,10.98416,28.81
307.28,7.58015,0.28171,17.491,7.58539,43.15263,29.0,0.12559,0.07111,0.208,0.14432,5.637,20.0,0.0,0.0,-4.542,0.0,0.0,200.99,-1.40806,-0.03515,-4.541,1.4085,10.98416,29.0
307.531,7.58015,0.28171,17.491,7.58539,43.15263,29.0,0.12559,0.07111,0.208,0.14432,5.637,20.0,0.0,0.0,-4.566,0.0,0.0,200.99,-1.40806,-0.03515,-4.566,1.4085,10.98416,29.0
307.78,7.58015,0.28171,17.491,7.58539,43.15263,29.0,0.12559,0.07111,0.208,0.14432,5.637,20.0,0.0,0.0,-4.583,0.0,0.0,200.99,-1.40806,-0.03515,-4.58,1.4085,10.98416,29.0
308.031,7.58015,0.28171,17.491,7.58539,43.15263,29.0,0.12559,0.07111,0.208,0.14432,5.637,20.0,0.0,0.0,-4.58,0.0,0.0,200.99,-1.40806,-0.03515,-4.58,1.4085,10.98416,29.0
308.28,7.58015,0.28171,17.491,7.58539,43.15263,30.0,0.12559,0.07111,0.208,0.14432,5.637,20.0,0.0,0.0,-4.585,0.0,0.0,199.99,-1.40806,-0.03515,-4.584,1.4085,10.98416,30.0
308.53,7.58015,0.28171,17.491,7.58539,43.15263,30.0,0.12559,0.07111,0.208,0.14432,5.637,20.0,0.0,0.0,-4.599,0.0,0.0,199.99,-1.40806,-0.03515,-4.597,1.4085,10.98416,30.0
308.78,7.58015,0.28171,17.491,7.58539,43.15263,30.0,0.12559,0.07111,0.208,0.14432,5.637,20.0,0.0,0.0,-4.607,0.0,0.0,199.99,-1.40806,-0.03515,-4.608,1.4085,10.98416,30.0
309.031,7.58015,0.28171,17.491,7.58539,43.15263,30.0,0.12559,0.07111,0.208,0.14432,5.637,20.0,0.0,0.0,-4.618,0.0,0.0,199.99,-1.40806,-0.03515,-4.618,1.4085,10.98416,30.0
