t,cuvslam_x,cuvslam_y,cuvslam_th_deg,cuvslam_straight,cuvslam_path,cuvslam_hz,wheels_x,wheels_y,wheels_th_deg,wheels_straight,wheels_path,wheels_hz,gyro_x,gyro_y,gyro_th_deg,gyro_straight,gyro_path,gyro_hz,FUSED_x,FUSED_y,FUSED_th_deg,FUSED_straight,FUSED_path,FUSED_hz,roll_deg,pitch_deg,landmarks,accel_x,accel_y,accel_z,gyro_x,gyro_y,gyro_z,velL,velR,tick_LF,tick_LR,tick_RF,tick_RR
0.27,0.0,0.0,0.0,0.0,0.0,0.0,0.0,0.0,0.0,0.0,0.0,0.0,0.0,0.0,0.0,0.0,0.0,0.0,0.0,0.0,0.0,0.0,0.0,0.0,,,-1,0.0,0.0,0.0,0.0,0.0,0.0,0.0,0.0,0,0,0,0
0.52,0.0,0.0,0.0,0.0,0.0,0.0,0.0,0.0,0.0,0.0,0.0,0.0,0.0,0.0,0.0,0.0,0.0,0.0,0.0,0.0,0.0,0.0,0.0,0.0,,,-1,0.0,0.0,0.0,0.0,0.0,0.0,0.0,0.0,0,0,0,0
0.77,0.0,0.0,0.0,0.0,0.0,0.0,0.0,0.0,0.0,0.0,0.0,0.0,0.0,0.0,0.0,0.0,0.0,0.0,0.0,0.0,0.0,0.0,0.0,0.0,,,-1,0.0,0.0,0.0,0.0,0.0,0.0,0.0,0.0,0,0,0,0
1.021,0.0,0.0,0.0,0.0,0.0,0.0,0.0,0.0,0.0,0.0,0.0,0.0,0.0,0.0,0.0,0.0,0.0,0.0,0.0,0.0,0.0,0.0,0.0,0.0,,,-1,0.228,0.0359,9.7504,-0.00193,-0.00333,-0.00073,0.0,0.0,0,0,0,0
1.27,0.0,0.0,0.0,0.0,0.0,0.0,0.0,0.0,0.0,0.0,0.0,0.0,0.0,0.0,0.0,0.0,0.0,0.0,0.0,0.0,0.0,0.0,0.0,0.0,,,-1,0.2325,0.0979,9.7782,-0.0002,-0.00087,7e-05,0.0,0.0,0,0,0,0
1.521,-0.0,-0.0,0.0,0.0,0.0,2.4,0.0,0.0,0.0,0.0,0.0,18.4,0.0,0.0,0.0,0.0,0.0,115.98,0.0,0.0,0.0,0.0,0.0,0.0,,,-1,0.2209,0.0422,9.7324,-0.00419,0.00193,0.0034,0.0,0.0,0,0,0,0
1.77,0.00019,0.00018,-0.007,0.00026,0.0,2.4,0.0,0.0,0.0,0.0,0.0,18.4,0.0,0.0,0.0,0.0,0.0,115.98,0.0,0.0,0.0,0.0,0.0,0.0,,,-1,0.1885,0.0817,9.7692,-0.00226,0.0,0.0024,0.0,0.0,0,0,0,0
2.02,0.00031,0.00011,-0.004,0.00033,0.0,2.4,0.0,0.0,0.0,0.0,0.0,18.4,0.0,0.0,0.0,0.0,0.0,115.98,0.0,0.0,0.0,0.0,0.0,0.0,,,140,0.1921,0.0844,9.7863,-0.00759,-0.00426,0.00386,0.0,0.0,0,0,0,0
2.27,0.00053,0.00027,-0.005,0.00059,0.0,2.4,0.0,0.0,0.0,0.0,0.0,18.4,0.0,0.0,0.0,0.0,0.0,115.98,0.0,0.0,0.0,0.0,0.0,0.0,,,140,0.1993,0.0341,9.7405,-0.00519,-0.00186,0.00446,0.0,0.0,0,0,0,0
2.52,0.00064,0.00029,-0.004,0.0007,0.0,2.4,0.0,0.0,0.0,0.0,0.0,18.4,0.0,0.0,0.0,0.0,0.0,115.98,0.0,0.0,0.0,0.0,0.0,0.0,,,140,0.1993,0.1032,9.7432,-0.00479,-0.0038,0.00439,0.0,0.0,0,0,0,0
2.77,0.00092,0.00058,-0.015,0.00109,0.0,30.41,0.0,0.0,0.0,0.0,0.0,20.01,0.0,0.0,0.0,0.0,0.0,200.08,0.0,0.0,0.0,0.0,0.0,0.0,,,140,0.2002,0.1122,9.7477,0.001,-0.0018,-0.00047,0.0,0.0,0,0,0,0
3.02,0.00098,0.00059,-0.013,0.00115,0.0,30.41,0.0,0.0,0.0,0.0,0.0,20.01,0.0,0.0,0.0,0.0,0.0,200.08,0.0,0.0,0.0,0.0,0.0,0.0,,,137,0.105,0.158,9.7989,-0.00499,0.00047,0.00426,0.0,0.0,0,0,0,0
3.27,0.00097,0.00074,-0.017,0.00122,0.0,30.41,0.0,0.0,0.0,0.0,0.0,20.01,0.0,0.0,0.0,0.0,0.0,200.08,0.0,0.0,0.0,0.0,0.0,0.0,,,137,0.1921,0.0907,9.7351,-0.0018,0.00033,0.00586,0.0,0.0,0,0,0,0
3.52,0.00106,0.00071,-0.013,0.00127,0.0,30.41,0.0,0.0,0.0,0.0,0.0,20.01,0.0,0.0,0.0,0.0,0.0,200.08,0.0,0.0,0.0,0.0,0.0,0.0,,,137,0.2711,0.0655,9.7603,-0.00113,-0.00093,0.00133,0.0,0.0,0,0,0,0
3.77,0.00105,0.00073,-0.014,0.00128,0.0,30.41,0.0,0.0,0.0,0.0,0.0,20.01,0.0,0.0,0.0,0.0,0.0,200.08,0.0,0.0,0.0,0.0,0.0,0.0,,,137,0.1787,0.0961,9.7109,-0.00466,-0.00113,-0.00033,0.0,0.0,0,0,0,0
4.02,0.0013,0.00081,-0.017,0.00153,0.0,29.59,0.0,0.0,0.0,0.0,0.0,20.0,0.0,0.0,0.0,0.0,0.0,200.76,0.0,0.0,0.0,0.0,0.0,0.0,,,134,0.2209,0.0745,9.7342,-0.00493,-0.00213,0.00493,0.0,0.0,0,0,0,0
4.27,0.0013,0.0008,-0.013,0.00153,0.0,29.59,0.0,0.0,0.0,0.0,0.0,20.0,0.0,0.0,0.0,0.0,0.0,200.76,0.0,0.0,0.0,0.0,0.0,0.0,,,134,0.2056,0.0736,9.7863,-0.00093,-0.00087,0.00712,0.0,0.0,0,0,0,0
4.52,0.00128,0.00081,-0.012,0.00152,0.0,29.59,0.0,0.0,0.0,0.0,0.0,20.0,0.0,0.0,0.0,0.0,0.0,200.76,0.0,0.0,0.0,0.0,0.0,0.0,,,134,0.1948,0.0907,9.7217,-0.00073,0.00166,-0.00426,0.0,0.0,0,0,0,0
4.77,0.00129,0.00066,-0.005,0.00144,0.0,29.59,0.0,0.0,0.0,0.0,0.0,20.0,0.0,0.0,0.0,0.0,0.0,200.76,0.0,0.0,0.0,0.0,0.0,0.0,,,134,0.2002,0.1329,9.7477,-0.00433,-0.00333,-0.00173,0.0,0.0,0,0,0,0
5.02,0.00123,0.00049,0.003,0.00132,0.0,29.59,0.0,0.0,0.0,0.0,0.0,20.0,0.0,0.0,0.003,0.0,0.0,200.76,0.0,0.0,0.0,0.0,0.0,0.0,0.848,-0.974,130,0.167,0.1652,9.7755,-0.00539,-0.0004,0.00746,0.0,0.0,0,0,0,0
5.27,0.00119,0.00039,0.012,0.00126,0.0,29.61,0.0,0.0,0.0,0.0,0.0,20.0,0.0,0.0,-0.004,0.0,0.0,200.05,-3e-05,-0.0001,-0.004,0.00011,0.0,6.4,0.651,-1.067,130,0.2029,0.1041,9.7136,-0.00439,0.00027,0.00053,0.0,0.0,0,0,0,0
5.52,0.0012,0.00051,0.006,0.0013,0.0,29.61,0.0,0.0,0.0,0.0,0.0,20.0,0.0,0.0,0.004,0.0,0.0,200.05,-3e-05,2e-05,0.001,3e-05,0.0,6.4,0.539,-1.1,130,0.2002,0.0655,9.6974,-0.00393,-0.00499,0.00459,0.0,0.0,0,0,0,0
5.77,0.00112,0.00043,0.011,0.0012,0.0,29.61,0.0,0.0,0.0,0.0,0.0,20.0,0.0,0.0,0.003,0.0,0.0,200.05,-0.00011,-6e-05,0.004,0.00012,0.0,6.4,0.535,-1.082,130,0.1858,0.088,9.7719,-0.00266,-0.00047,-0.00166,0.0,0.0,0,0,0,0
6.02,0.0011,0.00036,0.02,0.00115,0.0,29.61,0.0,0.0,0.0,0.0,0.0,20.0,0.0,0.0,-0.002,0.0,0.0,200.05,-0.00013,-0.00013,-0.002,0.00019,0.0,6.4,0.554,-1.101,125,0.1975,0.0844,9.7917,-0.00619,-0.0022,-0.0012,0.0,0.0,0,0,0,0
6.27,0.00101,0.00034,0.025,0.00107,0.0,29.61,0.0,0.0,0.0,0.0,0.0,20.0,0.0,0.0,-0.007,0.0,0.0,200.05,-0.00021,-0.00015,-0.005,0.00026,0.0,6.4,0.486,-1.134,125,0.2254,0.0961,9.7199,-0.0012,-0.00087,-0.00093,0.0,0.0,0,0,0,0
6.521,0.00101,0.00039,0.019,0.00109,0.0,29.59,0.0,0.0,0.0,0.0,0.0,19.99,0.0,0.0,-0.015,0.0,0.0,200.73,-0.00021,-0.0001,-0.011,0.00024,0.0,29.59,0.503,-1.131,125,0.2451,0.0709,9.7351,0.0012,0.0032,-0.00186,0.0,0.0,0,0,0,0
6.77,0.0012,0.0007,0.007,0.00139,0.0,29.59,0.0,0.0,0.0,0.0,0.0,19.99,0.0,0.0,-0.013,0.0,0.0,200.73,-2e-05,0.00021,-0.011,0.00021,0.0,29.59,0.514,-1.146,125,0.1715,0.0907,9.6857,-0.00226,-0.00193,0.0016,0.0,0.0,0,0,0,0
7.021,0.0013,0.00072,0.008,0.00149,0.0,29.59,0.0,0.0,0.0,0.0,0.0,19.99,0.0,0.0,-0.011,0.0,0.0,200.73,8e-05,0.00022,-0.009,0.00024,0.0,29.59,0.505,-1.168,120,0.246,0.0754,9.7091,-0.00173,-0.00193,0.00193,0.0,0.0,0,0,0,0
7.27,0.00146,0.00077,0.001,0.00166,0.0,29.59,0.0,0.0,0.0,0.0,0.0,19.99,0.0,0.0,-0.018,0.0,0.0,200.73,0.00024,0.00028,-0.017,0.00037,0.0,29.59,0.48,-1.17,120,0.2254,0.1876,9.7764,-0.00346,0.00133,0.00513,0.0,0.0,0,0,0,0
7.521,0.00153,0.00103,-0.011,0.00185,0.0,29.99,0.0,0.0,0.0,0.0,0.0,20.0,0.0,0.0,-0.022,0.0,0.0,200.96,0.00031,0.00054,-0.017,0.00062,0.0,29.99,0.469,-1.168,120,0.1787,0.1185,9.7863,-0.00439,-0.0036,-0.0018,0.0,0.0,0,0,0,0
7.771,0.00166,0.00105,-0.009,0.00197,0.0,29.99,0.0,0.0,0.0,0.0,0.0,20.0,0.0,0.0,-0.015,0.0,0.0,200.96,0.00043,0.00056,-0.014,0.00071,0.0,29.99,0.517,-1.148,120,0.2245,0.1248,9.7513,-0.002,-0.00439,0.0006,0.0,0.0,0,0,0,0
8.02,0.00159,0.00099,-0.004,0.00187,0.0,29.99,0.0,0.0,0.0,0.0,0.0,20.0,0.0,0.0,-0.022,0.0,0.0,200.96,0.00036,0.00049,-0.013,0.00061,0.0,29.99,0.523,-1.141,116,0.1903,0.1419,9.745,-0.00053,-0.00193,-0.001,0.0,0.0,0,0,0,0
8.271,0.00177,0.0009,-0.003,0.00199,0.0,29.99,0.0,0.0,0.0,0.0,0.0,20.0,0.0,0.0,-0.024,0.0,0.0,200.96,0.00054,0.00041,-0.023,0.00068,0.0,29.99,0.542,-1.152,116,0.2379,0.0898,9.7226,-0.00812,-0.00166,0.00446,0.0,0.0,0,0,0,0
8.52,0.00178,0.001,-0.007,0.00204,0.0,29.99,0.0,0.0,0.0,0.0,0.0,20.0,0.0,0.0,-0.025,0.0,0.0,200.96,0.00056,0.00051,-0.023,0.00075,0.0,29.99,0.543,-1.135,116,0.1957,0.1068,9.7046,-0.0002,-0.00053,-7e-05,0.0,0.0,0,0,0,0
8.771,0.00191,0.00117,-0.013,0.00224,0.0,29.6,0.0,0.0,0.0,0.0,0.0,20.0,0.0,0.0,-0.009,0.0,0.0,200.02,0.00068,0.00067,-0.011,0.00096,0.0,29.6,0.553,-1.105,116,0.1589,0.0961,9.7217,-0.00353,-0.00087,0.00633,0.0,0.0,0,0,0,0
9.02,0.00175,0.00119,-0.012,0.00211,0.0,29.6,0.0,0.0,0.0,0.0,0.0,20.0,0.0,0.0,-0.002,0.0,0.0,200.02,0.00052,0.0007,-0.001,0.00087,0.0,29.6,0.518,-1.045,113,0.1885,0.1006,9.7701,-0.00107,-0.00393,-0.00087,0.0,0.0,0,0,0,0
9.27,0.00174,0.00117,-0.008,0.0021,0.0,29.6,0.0,0.0,0.0,0.0,0.0,20.0,0.0,0.0,0.015,0.0,0.0,200.02,0.00052,0.00068,0.014,0.00085,0.0,29.6,0.516,-1.163,113,0.2146,0.0144,9.6795,-0.00559,-0.00206,0.00719,0.0,0.0,0,0,0,0
9.52,0.00173,0.00133,-0.013,0.00218,0.0,29.6,0.0,0.0,0.0,0.0,0.0,20.0,0.0,0.0,0.011,0.0,0.0,200.02,0.0005,0.00084,0.01,0.00098,0.0,29.6,0.521,-1.159,113,0.2101,0.0961,9.7136,-0.00047,-0.00213,-0.00033,0.0,0.0,0,0,0,0
9.77,0.00183,0.00132,-0.013,0.00226,0.0,29.6,0.0,0.0,0.0,0.0,0.0,20.0,0.0,0.0,0.012,0.0,0.0,200.02,0.0006,0.00083,0.014,0.00102,0.0,29.6,0.496,-1.158,113,0.158,0.0979,9.7226,-0.00699,-0.0012,0.00107,0.0,0.0,0,0,0,0
10.021,0.00197,0.00141,-0.017,0.00243,0.0,28.0,0.0,0.0,0.0,0.0,0.0,20.0,0.0,0.0,0.01,0.0,0.0,199.99,0.00075,0.00092,0.009,0.00119,0.0,28.0,0.503,-1.163,113,0.2397,0.0826,9.7558,-0.00273,-0.002,-0.00686,0.0,0.0,0,0,0,0
10.27,0.0018,0.00116,-0.009,0.00214,0.0,28.0,0.0,0.0,0.0,0.0,0.0,20.0,0.0,0.0,0.009,0.0,0.0,199.99,0.00058,0.00067,0.009,0.00088,0.0,28.0,0.518,-1.113,113,0.2164,0.0853,9.692,-0.00413,0.00213,0.00593,0.0,0.0,0,0,0,0
10.52,0.00187,0.00132,-0.017,0.00229,0.0,28.0,0.0,0.0,0.0,0.0,0.0,20.0,0.0,0.0,0.008,0.0,0.0,199.99,0.00065,0.00083,0.01,0.00105,0.0,28.0,0.504,-1.083,113,0.1814,0.0422,9.736,-0.00233,-0.00286,0.00399,0.0,0.0,0,0,0,0
10.77,0.00208,0.00118,-0.007,0.00239,0.0,28.0,0.0,0.0,0.0,0.0,0.0,20.0,0.0,0.0,0.003,0.0,0.0,199.99,0.00085,0.00069,0.004,0.00109,0.0,28.0,0.495,-1.135,113,0.1841,0.1742,9.745,-0.00253,-0.0004,-0.0002,0.0,0.0,0,0,0,0
11.021,0.00223,0.00131,-0.006,0.00258,0.0,30.0,0.0,0.0,0.0,0.0,0.0,20.0,0.0,0.0,0.014,0.0,0.0,200.97,0.001,0.00081,0.011,0.00129,0.0,30.0,0.514,-1.169,113,0.176,0.088,9.7701,-0.00453,-0.00273,0.00453,0.0,0.0,0,0,0,0
11.27,0.00223,0.00139,-0.01,0.00263,0.0,30.0,0.0,0.0,0.0,0.0,0.0,20.0,0.0,0.0,0.017,0.0,0.0,200.97,0.001,0.0009,0.019,0.00135,0.0,30.0,0.483,-1.124,113,0.1993,0.0575,9.745,-0.00326,-0.00346,-0.002,0.0,0.0,0,0,0,0
11.521,0.00211,0.00138,-0.014,0.00252,0.0,30.0,0.0,0.0,0.0,0.0,0.0,20.0,0.0,0.0,0.026,0.0,0.0,200.97,0.00088,0.00089,0.026,0.00125,0.0,30.0,0.492,-1.137,113,0.1571,0.0727,9.7252,0.00093,-0.00027,0.0016,0.0,0.0,0,0,0,0
11.77,0.0022,0.00144,-0.011,0.00263,0.0,30.0,0.0,0.0,0.0,0.0,0.0,20.0,0.0,0.0,0.029,0.0,0.0,200.97,0.00097,0.00094,0.029,0.00136,0.0,30.0,0.515,-1.125,113,0.1993,0.0808,9.7639,-0.00333,-0.00306,0.0018,0.0,0.0,0,0,0,0
12.02,0.00218,0.0013,-0.006,0.00254,0.0,30.0,0.0,0.0,0.0,0.0,0.0,20.0,0.0,0.0,0.022,0.0,0.0,200.97,0.00095,0.0008,0.022,0.00125,0.0,30.0,0.522,-1.148,112,0.2209,0.1131,9.763,-0.00439,-0.00313,0.00613,0.0,0.0,0,0,0,0
12.27,0.00227,0.00129,-0.003,0.00261,0.0,30.42,0.0,0.0,0.0,0.0,0.0,20.01,0.0,0.0,0.036,0.0,0.0,200.12,0.00104,0.0008,0.034,0.00132,0.0,30.42,0.502,-1.119,112,0.22,0.0611,9.7199,-0.00599,0.00047,0.00453,0.0,0.0,0,0,0,0
12.52,0.00235,0.00124,-0.003,0.00266,0.0,30.42,0.0,0.0,0.0,0.0,0.0,20.01,0.0,0.0,0.027,0.0,0.0,200.12,0.00113,0.00075,0.027,0.00135,0.0,30.42,0.537,-1.125,112,0.1921,0.1275,9.7477,-0.0026,0.00047,0.00033,0.0,0.0,0,0,0,0
12.77,0.00238,0.00126,-0.003,0.00269,0.0,30.42,0.0,0.0,0.0,0.0,0.0,20.01,0.0,0.0,0.02,0.0,0.0,200.12,0.00115,0.00077,0.019,0.00139,0.0,30.42,0.536,-1.086,112,0.1796,0.1302,9.7782,-0.00486,-0.00146,0.00133,0.0,0.0,0,0,0,0
13.02,0.00245,0.0013,-0.003,0.00278,0.0,30.42,0.0,0.0,0.0,0.0,0.0,20.01,0.0,0.0,0.027,0.0,0.0,200.12,0.00123,0.00081,0.028,0.00147,0.0,30.42,0.538,-1.144,109,0.2271,0.1131,9.7998,-0.00053,-0.00013,-0.00439,0.0,0.0,0,0,0,0
13.27,0.00258,0.00135,-0.005,0.00291,0.0,30.0,0.0,0.0,0.0,0.0,0.0,19.0,0.0,0.0,0.034,0.0,0.0,199.99,0.00135,0.00086,0.032,0.0016,0.0,30.0,0.496,-1.141,109,0.1939,0.0368,9.7558,-0.00619,0.0008,0.00087,0.0,0.0,0,0,0,0
13.52,0.00272,0.00133,-0.004,0.00303,0.0,30.0,0.0,0.0,0.0,0.0,0.0,19.0,0.0,0.0,0.036,0.0,0.0,199.99,0.0015,0.00084,0.034,0.00171,0.0,30.0,0.477,-1.166,109,0.2487,0.0871,9.736,-0.00739,-0.00027,0.00133,0.0,0.0,0,0,0,0
13.77,0.00283,0.00156,-0.015,0.00323,0.0,30.0,0.0,0.0,0.0,0.0,0.0,19.0,0.0,0.0,0.031,0.0,0.0,199.99,0.00161,0.00107,0.029,0.00193,0.0,30.0,0.444,-1.162,109,0.1751,0.0781,9.8087,-0.00719,0.00073,0.0024,0.0,0.0,0,0,0,0
14.021,0.00279,0.00137,-0.009,0.00311,0.0,30.0,0.0,0.0,0.0,0.0,0.0,19.0,0.0,0.0,0.028,0.0,0.0,199.99,0.00156,0.00088,0.023,0.00179,0.0,30.0,0.54,-1.128,105,0.2586,0.1158,9.7477,-0.003,0.00027,0.00067,0.0,0.0,0,0,0,0
14.27,0.00301,0.00155,-0.013,0.00338,0.0,29.0,0.0,0.0,0.0,0.0,0.0,21.0,0.0,0.0,0.04,0.0,0.0,201.0,0.00178,0.00106,0.037,0.00207,0.0,29.0,0.502,-1.131,105,0.2316,0.0494,9.7504,-0.00746,-0.0008,0.00067,0.0,0.0,0,0,0,0
14.52,0.00298,0.00164,-0.017,0.0034,0.0,29.0,0.0,0.0,0.0,0.0,0.0,21.0,0.0,0.0,0.035,0.0,0.0,201.0,0.00176,0.00115,0.029,0.0021,0.0,29.0,0.539,-1.142,105,0.1463,0.0754,9.719,-0.00173,-0.00459,-0.00652,0.0,0.0,0,0,0,0
14.77,0.00298,0.00164,-0.017,0.0034,0.0,29.0,0.0,0.0,0.0,0.0,0.0,21.0,0.0,0.0,0.044,0.0,0.0,201.0,0.00176,0.00115,0.041,0.0021,0.0,29.0,0.537,-1.104,105,0.1607,0.1185,9.719,-0.00546,-0.0006,-0.00346,0.0,0.0,0,0,0,0
15.02,0.00298,0.00164,-0.017,0.0034,0.0,29.0,0.0,0.0,0.0,0.0,0.0,21.0,0.0,0.0,0.047,0.0,0.0,201.0,0.00176,0.00115,0.042,0.0021,0.0,29.0,0.532,-1.153,155,0.1778,0.114,9.7378,-0.00406,-0.0032,0.00113,0.0,0.0,0,0,0,0
15.271,0.00298,0.00164,-0.017,0.0034,0.0,27.99,0.0,0.0,0.0,0.0,0.0,19.99,0.0,0.0,0.055,0.0,0.0,199.91,0.00176,0.00115,0.05,0.0021,0.0,27.99,0.518,-1.118,155,0.1544,0.097,9.7755,-0.00626,-0.00226,-0.00133,0.0,0.0,0,0,0,0
15.521,0.00298,0.00164,-0.017,0.0034,0.0,27.99,0.0,0.0,0.0,0.0,0.0,19.99,0.0,0.0,0.054,0.0,0.0,199.91,0.00176,0.00115,0.043,0.0021,0.0,27.99,0.519,-1.125,155,0.1661,0.1347,9.763,-0.00373,-0.00113,0.00213,0.0,0.0,0,0,0,0
15.77,0.00298,0.00164,-0.017,0.0034,0.0,27.99,0.0,0.0,0.0,0.0,0.0,19.99,0.0,0.0,0.051,0.0,0.0,199.91,0.00176,0.00115,0.047,0.0021,0.0,27.99,0.485,-1.081,155,0.1796,0.0539,9.7576,-0.00606,-0.0004,-0.00273,0.0,0.0,0,0,0,0
16.02,0.00298,0.00164,-0.017,0.0034,0.0,27.99,0.0,0.0,0.0,0.0,0.0,19.99,0.0,0.0,0.048,0.0,0.0,199.91,0.00176,0.00115,0.046,0.0021,0.0,27.99,0.491,-1.099,147,0.2128,0.1122,9.6983,-0.0004,-0.0004,0.00027,0.0,0.0,0,0,0,0
16.271,0.00298,0.00164,-0.017,0.0034,0.0,27.99,0.0,0.0,0.0,0.0,0.0,19.99,0.0,0.0,0.041,0.0,0.0,199.91,0.00176,0.00115,0.034,0.0021,0.0,27.99,0.51,-1.121,147,0.2227,0.149,9.7315,-0.00546,-0.0018,0.00087,0.0,0.0,0,0,0,0
16.521,0.00298,0.00164,-0.017,0.0034,0.0,29.59,0.0,0.0,0.0,0.0,0.0,20.0,0.0,0.0,0.055,0.0,0.0,199.96,0.00176,0.00115,0.05,0.0021,0.0,29.59,0.539,-1.12,147,0.1921,0.114,9.7019,-0.00659,0.001,-0.00439,0.0,0.0,0,0,0,0
16.771,0.00298,0.00164,-0.017,0.0034,0.0,29.59,0.0,0.0,0.0,0.0,0.0,20.0,0.0,0.0,0.036,0.0,0.0,199.96,0.00176,0.00115,0.027,0.0021,0.0,29.59,0.531,-1.136,147,0.1751,0.0898,9.8096,-0.00626,0.00153,0.00965,0.0,0.0,0,0,0,0
17.02,0.00298,0.00164,-0.017,0.0034,0.0,29.59,0.0,0.0,0.0,0.0,0.0,20.0,0.0,0.0,0.044,0.0,0.0,199.96,0.00176,0.00115,0.028,0.0021,0.0,29.59,0.487,-1.114,142,0.246,0.0799,9.6947,-0.00699,0.0008,0.0026,0.0,0.0,0,0,0,0
17.27,0.00298,0.00164,-0.017,0.0034,0.0,29.59,0.0,0.0,0.0,0.0,0.0,20.0,0.0,0.0,0.045,0.0,0.0,199.96,0.00176,0.00115,0.038,0.0021,0.0,29.59,0.502,-1.076,142,0.1957,0.0754,9.7692,-0.00519,-0.00033,0.0038,0.0,0.0,0,0,0,0
17.521,0.00298,0.00164,-0.017,0.0034,0.0,29.59,0.0,0.0,0.0,0.0,0.0,20.0,0.0,0.0,0.037,0.0,0.0,199.96,0.00176,0.00115,0.034,0.0021,0.0,29.59,0.486,-1.127,142,0.193,0.1113,9.7854,-0.0034,-0.0024,0.00579,0.0,0.0,0,0,0,0
17.77,0.00298,0.00164,-0.017,0.0034,0.0,29.61,0.0,0.0,0.0,0.0,0.0,20.01,0.0,0.0,0.03,0.0,0.0,200.86,0.00176,0.00115,0.021,0.0021,0.0,29.61,0.527,-1.121,142,0.1508,0.0844,9.7127,-0.00146,-7e-05,0.0036,0.0,0.0,0,0,0,0
18.02,0.00298,0.00164,-0.017,0.0034,0.0,29.61,0.0,0.0,0.0,0.0,0.0,20.01,0.0,0.0,0.023,0.0,0.0,200.86,0.00176,0.00115,0.009,0.0021,0.0,29.61,0.541,-1.148,138,0.1724,0.1284,9.7342,-0.00087,0.00053,0.00426,0.0,0.0,0,0,0,0
18.27,0.00298,0.00164,-0.017,0.0034,0.0,29.61,0.0,0.0,0.0,0.0,0.0,20.01,0.0,0.0,0.028,0.0,0.0,200.86,0.00176,0.00115,0.018,0.0021,0.0,29.61,0.523,-1.139,138,0.1814,0.0862,9.7324,-0.002,-0.00353,0.0036,0.0,0.0,0,0,0,0
18.521,0.00296,0.00158,-0.015,0.00336,0.0,29.61,0.0,0.0,0.0,0.0,0.0,20.01,0.0,0.0,0.031,0.0,0.0,200.86,0.00174,0.00108,0.02,0.00205,0.0,29.61,0.533,-1.135,138,0.1796,0.1445,9.7701,-0.00539,-0.00113,0.00013,0.0,0.0,0,0,0,0
18.77,0.00303,0.00155,-0.015,0.00341,0.0,30.0,0.0,0.0,0.0,0.0,0.0,20.0,0.0,0.0,0.038,0.0,0.0,200.0,0.00181,0.00106,0.027,0.0021,0.0,30.0,0.531,-1.083,138,0.1607,0.1194,9.7127,-0.00586,-0.001,0.00366,0.0,0.0,0,0,0,0
19.02,0.00307,0.00155,-0.015,0.00344,0.0,30.0,0.0,0.0,0.0,0.0,0.0,20.0,0.0,0.0,0.051,0.0,0.0,200.0,0.00185,0.00106,0.042,0.00213,0.0,30.0,0.549,-1.087,137,0.1643,0.0799,9.771,-0.00599,-0.00406,0.00293,0.0,0.0,0,0,0,0
19.27,0.00316,0.00152,-0.016,0.0035,0.0,30.0,0.0,0.0,0.0,0.0,0.0,20.0,0.0,0.0,0.046,0.0,0.0,200.0,0.00193,0.00102,0.036,0.00219,0.0,30.0,0.549,-1.112,137,0.1383,0.1392,9.7118,-0.003,-0.00186,0.00286,0.0,0.0,0,0,0,0
19.52,0.00297,0.00149,-0.018,0.00332,0.0,30.0,0.0,0.0,0.0,0.0,0.0,20.0,0.0,0.0,0.046,0.0,0.0,200.0,0.00174,0.00099,0.037,0.00201,0.0,30.0,0.531,-1.092,137,0.2289,0.1248,9.7235,-0.00306,-0.002,-0.00286,0.0,0.0,0,0,0,0
19.77,0.00307,0.00152,-0.024,0.00343,0.0,30.0,0.0,0.0,0.0,0.0,0.0,20.0,0.0,0.0,0.06,0.0,0.0,200.0,0.00184,0.00103,0.051,0.00211,0.0,30.0,0.522,-1.102,137,0.1867,0.1024,9.7719,-0.00286,-0.00306,-0.00226,0.0,0.0,0,0,0,0
20.02,0.00314,0.00171,-0.033,0.00358,0.0,28.8,0.0,0.0,0.0,0.0,0.0,20.0,0.0,0.0,0.061,0.0,0.0,200.83,0.00192,0.00122,0.048,0.00227,0.0,28.8,0.514,-1.113,132,0.1975,0.0835,9.771,-0.0024,-0.0008,0.00945,0.0,0.0,0,0,0,0
20.27,0.00314,0.0016,-0.028,0.00352,0.0,28.8,0.0,0.0,0.0,0.0,0.0,20.0,0.0,0.0,0.065,0.0,0.0,200.83,0.00191,0.00111,0.053,0.00221,0.0,28.8,0.475,-1.085,132,0.2092,0.1086,9.7477,-0.002,7e-05,0.0014,0.0,0.0,0,0,0,0
20.521,0.0031,0.00152,-0.03,0.00345,0.0,28.8,0.0,0.0,0.0,0.0,0.0,20.0,0.0,0.0,0.068,0.0,0.0,200.83,0.00187,0.00103,0.056,0.00214,0.0,28.8,0.491,-1.124,132,0.1625,0.1293,9.7935,-0.00519,0.0,0.00719,0.0,0.0,0,0,0,0
20.771,0.00302,0.00134,-0.024,0.0033,0.0,28.8,0.0,0.0,0.0,0.0,0.0,20.0,0.0,0.0,0.068,0.0,0.0,200.83,0.00179,0.00085,0.054,0.00198,0.0,28.8,0.521,-1.107,132,0.1832,0.0934,9.6911,-0.00346,0.0008,0.001,0.0,0.0,0,0,0,0
21.021,0.00286,0.00147,-0.037,0.00322,0.0,29.99,0.0,0.0,0.0,0.0,0.0,19.99,0.0,0.0,0.072,0.0,0.0,199.93,0.00164,0.00097,0.054,0.0019,0.0,29.99,0.509,-1.141,129,0.2101,0.0503,9.763,-0.00253,0.0002,0.00519,0.0,0.0,0,0,0,0
21.271,0.00277,0.00127,-0.03,0.00305,0.0,29.99,0.0,0.0,0.0,0.0,0.0,19.99,0.0,0.0,0.083,0.0,0.0,199.93,0.00155,0.00078,0.068,0.00173,0.0,29.99,0.511,-1.125,129,0.1751,0.0763,9.7046,-0.00107,0.00027,0.0002,0.0,0.0,0,0,0,0
21.521,0.00259,0.00127,-0.03,0.00289,0.0,29.99,0.0,0.0,0.0,0.0,0.0,19.99,0.0,0.0,0.089,0.0,0.0,199.93,0.00137,0.00078,0.068,0.00157,0.0,29.99,0.468,-1.08,129,0.1939,0.0844,9.736,-0.00599,-0.0008,0.00186,0.0,0.0,0,0,0,0
21.77,0.00263,0.00124,-0.029,0.00291,0.0,29.99,0.0,0.0,0.0,0.0,0.0,19.99,0.0,0.0,0.083,0.0,0.0,199.93,0.0014,0.00075,0.066,0.00159,0.0,29.99,0.506,-1.097,129,0.237,0.0889,9.7297,-0.0016,0.0004,0.00266,0.0,0.0,0,0,0,0
22.02,0.00267,0.00135,-0.033,0.00299,0.0,29.99,0.0,0.0,0.0,0.0,0.0,19.99,0.0,0.0,0.079,0.0,0.0,199.93,0.00144,0.00085,0.064,0.00167,0.0,29.99,0.537,-1.08,125,0.1903,0.0952,9.7019,-0.00493,-0.00047,0.00033,0.0,0.0,0,0,0,0
22.27,0.0028,0.00158,-0.045,0.00321,0.0,28.81,0.0,0.0,0.0,0.0,0.0,19.21,0.0,0.0,0.08,0.0,0.0,200.89,0.00157,0.00108,0.063,0.00191,0.0,28.81,0.486,-1.082,125,0.176,0.0628,9.7495,-0.0036,0.00253,-0.001,0.0,0.0,0,0,0,0
22.521,0.00276,0.00142,-0.039,0.00311,0.0,28.81,0.0,0.0,0.0,0.0,0.0,19.21,0.0,0.0,0.083,0.0,0.0,200.89,0.00154,0.00093,0.064,0.0018,0.0,28.81,0.5,-1.095,125,0.2146,0.0557,9.7567,-0.0016,0.0032,0.00067,0.0,0.0,0,0,0,0
22.77,0.00291,0.00149,-0.047,0.00327,0.0,28.81,0.0,0.0,0.0,0.0,0.0,19.21,0.0,0.0,0.078,0.0,0.0,200.89,0.00169,0.001,0.058,0.00196,0.0,28.81,0.52,-1.13,125,0.2065,0.1015,9.7782,-0.0016,-0.0018,0.00366,0.0,0.0,0,0,0,0
23.02,0.00293,0.00144,-0.047,0.00326,0.0,28.81,0.0,0.0,0.0,0.0,0.0,19.21,0.0,0.0,0.061,0.0,0.0,200.89,0.0017,0.00095,0.045,0.00195,0.0,28.81,0.483,-1.101,121,0.167,0.0961,9.7432,-0.00033,-0.00047,0.00293,0.0,0.0,0,0,0,0
23.27,0.00312,0.00162,-0.06,0.00351,0.0,30.0,0.0,0.0,0.0,0.0,0.0,21.0,0.0,0.0,0.055,0.0,0.0,199.97,0.00189,0.00113,0.035,0.0022,0.0,30.0,0.496,-1.12,121,0.1885,0.1086,9.7612,-0.00366,-0.0014,-0.00173,0.0,0.0,0,0,0,0
23.52,0.0032,0.00157,-0.057,0.00357,0.0,30.0,0.0,0.0,0.0,0.0,0.0,21.0,0.0,0.0,0.056,0.0,0.0,199.97,0.00198,0.00108,0.031,0.00225,0.0,30.0,0.462,-1.19,121,0.1966,0.0637,9.6813,-0.00087,0.0034,-0.0018,0.0,0.0,0,0,0,0
23.77,0.00315,0.00161,-0.06,0.00354,0.0,30.0,0.0,0.0,0.0,0.0,0.0,21.0,0.0,0.0,0.057,0.0,0.0,199.97,0.00193,0.00112,0.034,0.00223,0.0,30.0,0.516,-1.11,121,0.1894,0.1311,9.7297,-0.00453,-0.00053,0.00333,0.0,0.0,0,0,0,0
24.021,0.00316,0.00165,-0.058,0.00357,0.0,30.0,0.0,0.0,0.0,0.0,0.0,21.0,0.0,0.0,0.048,0.0,0.0,199.97,0.00194,0.00116,0.024,0.00226,0.0,30.0,0.505,-1.101,117,0.132,0.1086,9.7199,-0.00366,-0.00146,-0.00473,0.0,0.0,0,0,0,0
24.27,0.00331,0.00153,-0.053,0.00365,0.0,30.0,0.0,0.0,0.0,0.0,0.0,21.0,0.0,0.0,0.052,0.0,0.0,199.97,0.00209,0.00104,0.027,0.00233,0.0,30.0,0.52,-1.084,117,0.1867,0.0916,9.7459,0.0008,-0.00127,0.002,0.0,0.0,0,0,0,0
24.52,0.0033,0.00172,-0.062,0.00372,0.0,29.6,0.0,0.0,0.0,0.0,0.0,20.0,0.0,0.0,0.034,0.0,0.0,199.98,0.00207,0.00123,0.011,0.00241,0.0,29.6,0.536,-1.102,117,0.1948,0.0781,9.789,-0.0016,0.00013,-0.00313,0.0,0.0,0,0,0,0
24.77,0.00315,0.00173,-0.063,0.0036,0.0,29.6,0.0,0.0,0.0,0.0,0.0,20.0,0.0,0.0,0.04,0.0,0.0,199.98,0.00192,0.00124,0.015,0.00229,0.0,29.6,0.544,-1.158,117,0.1966,0.0691,9.7199,-0.00439,0.00113,0.00366,0.0,0.0,0,0,0,0
25.02,0.00328,0.00174,-0.066,0.00372,0.0,29.6,0.0,0.0,0.0,0.0,0.0,20.0,0.0,0.0,0.047,0.0,0.0,199.98,0.00206,0.00125,0.02,0.00241,0.0,29.6,0.481,-1.087,116,0.1876,0.1131,9.754,-0.00513,0.0,0.00453,0.0,0.0,0,0,0,0
25.27,0.0034,0.00171,-0.065,0.0038,0.0,29.6,0.0,0.0,0.0,0.0,0.0,20.0,0.0,0.0,0.043,0.0,0.0,199.98,0.00217,0.00122,0.019,0.00249,0.0,29.6,0.502,-1.109,116,0.1652,0.1365,9.7755,-0.0028,-0.00013,-0.003,0.0,0.0,0,0,0,0
25.52,0.00355,0.00185,-0.071,0.00401,0.0,29.99,0.0,0.0,0.0,0.0,0.0,19.0,0.0,0.0,0.046,0.0,0.0,200.96,0.00233,0.00136,0.021,0.0027,0.0,29.99,0.497,-1.117,116,0.1939,0.0691,9.7387,-0.00306,-0.00153,-0.00173,0.0,0.0,0,0,0,0
25.77,0.00356,0.00193,-0.07,0.00405,0.0,29.99,0.0,0.0,0.0,0.0,0.0,19.0,0.0,0.0,0.05,0.0,0.0,200.96,0.00234,0.00144,0.024,0.00275,0.0,29.99,0.521,-1.123,116,0.2002,0.0646,9.7423,-0.00606,0.00226,0.00399,0.0,0.0,0,0,0,0
26.021,0.00367,0.00218,-0.081,0.00427,0.0,29.99,0.0,0.0,0.0,0.0,0.0,19.0,0.0,0.0,0.049,0.0,0.0,200.96,0.00244,0.00169,0.02,0.00297,0.0,29.99,0.5,-1.087,114,0.2065,0.1006,9.7656,-0.00326,0.00047,-0.003,0.0,0.0,0,0,0,0
26.27,0.00367,0.00231,-0.088,0.00434,0.0,29.99,0.0,0.0,0.0,0.0,0.0,19.0,0.0,0.0,0.051,0.0,0.0,200.96,0.00244,0.00182,0.023,0.00305,0.0,29.99,0.485,-1.139,114,0.1329,0.1086,9.7486,-0.0028,-0.00313,0.00093,0.0,0.0,0,0,0,0
26.52,0.00372,0.00253,-0.095,0.0045,0.0,29.99,0.0,0.0,0.0,0.0,0.0,19.0,0.0,0.0,0.05,0.0,0.0,200.96,0.00249,0.00204,0.021,0.00322,0.0,29.99,0.479,-1.122,114,0.1805,0.1024,9.736,-0.0028,-0.0004,-0.0022,0.0,0.0,0,0,0,0
26.77,0.00373,0.00239,-0.085,0.00443,0.0,30.4,0.0,0.0,0.0,0.0,0.0,20.8,0.0,0.0,0.043,0.0,0.0,200.02,0.00251,0.0019,0.013,0.00314,0.0,30.4,0.504,-1.146,114,0.2334,0.1059,9.7244,-0.001,-0.00313,0.00193,0.0,0.0,0,0,0,0
27.02,0.00379,0.00242,-0.088,0.00449,0.0,30.4,0.0,0.0,0.0,0.0,0.0,20.8,0.0,0.0,0.028,0.0,0.0,200.02,0.00256,0.00193,-0.002,0.0032,0.0,30.4,0.512,-1.137,110,0.149,0.0943,9.6723,-0.00453,0.00439,0.00053,0.0,0.0,0,0,0,0
27.27,0.00381,0.00257,-0.093,0.0046,0.0,30.4,0.0,0.0,0.0,0.0,0.0,20.8,0.0,0.0,0.035,0.0,0.0,200.02,0.00259,0.00208,0.003,0.00332,0.0,30.4,0.518,-1.12,110,0.2424,0.1131,9.7728,-0.00539,-0.00306,0.0004,0.0,0.0,0,0,0,0
27.52,0.0037,0.00236,-0.086,0.00439,0.0,30.4,0.0,0.0,0.0,0.0,0.0,20.8,0.0,0.0,0.018,0.0,0.0,200.02,0.00248,0.00187,-0.016,0.0031,0.0,30.4,0.524,-1.129,110,0.2173,0.1149,9.745,-0.00133,0.00013,0.00166,0.0,0.0,0,0,0,0
27.77,0.00355,0.00216,-0.08,0.00415,0.0,30.4,0.0,0.0,0.0,0.0,0.0,20.8,0.0,0.0,0.02,0.0,0.0,200.02,0.00232,0.00167,-0.013,0.00286,0.0,30.4,0.53,-1.126,110,0.2038,0.1194,9.719,-0.00373,0.00033,0.00619,0.0,0.0,0,0,0,0
28.02,0.00342,0.00216,-0.079,0.00404,0.0,29.6,0.0,0.0,0.0,0.0,0.0,20.0,0.0,0.0,0.024,0.0,0.0,200.0,0.00219,0.00167,-0.008,0.00275,0.0,29.6,0.542,-1.094,102,0.1149,0.1428,9.7369,-0.00333,-0.00526,0.00373,0.0,0.0,0,0,0,0
28.27,0.00347,0.0024,-0.085,0.00422,0.0,29.6,0.0,0.0,0.0,0.0,0.0,20.0,0.0,0.0,0.019,0.0,0.0,200.0,0.00225,0.00191,-0.015,0.00295,0.0,29.6,0.521,-1.073,102,0.1293,0.1167,9.7558,-0.00053,0.0024,0.0006,0.0,0.0,0,0,0,0
28.52,0.00335,0.00242,-0.085,0.00413,0.0,29.6,0.0,0.0,0.0,0.0,0.0,20.0,0.0,0.0,0.014,0.0,0.0,200.0,0.00212,0.00193,-0.021,0.00287,0.0,29.6,0.487,-1.118,102,0.1939,0.0817,9.7594,-0.00093,-0.00326,0.00273,0.0,0.0,0,0,0,0
28.77,0.00346,0.00235,-0.079,0.00418,0.0,29.6,0.0,0.0,0.0,0.0,0.0,20.0,0.0,0.0,0.022,0.0,0.0,200.0,0.00224,0.00186,-0.014,0.00291,0.0,29.6,0.538,-1.113,102,0.1697,0.1607,9.7315,-0.00759,-0.0014,0.0036,0.0,0.0,0,0,0,0
29.02,0.00334,0.0024,-0.079,0.00411,0.0,29.6,0.0,0.0,0.0,0.0,0.0,20.0,0.0,0.0,0.033,0.0,0.0,200.0,0.00211,0.00191,-0.002,0.00285,0.0,29.6,0.567,-1.132,100,0.2469,0.1086,9.7818,-0.00599,-0.00133,0.00406,0.0,0.0,0,0,0,0
29.271,0.00321,0.00246,-0.084,0.00405,0.0,30.39,0.0,0.0,0.0,0.0,0.0,19.99,0.0,0.0,0.025,0.0,0.0,200.73,0.00198,0.00197,-0.01,0.0028,0.0,30.39,0.525,-1.126,100,0.1751,0.123,9.7441,-0.0022,-0.00013,0.00013,0.0,0.0,0,0,0,0
29.521,0.00316,0.00277,-0.094,0.0042,0.0,30.39,0.0,0.0,0.0,0.0,0.0,19.99,0.0,0.0,0.034,0.0,0.0,200.73,0.00193,0.00228,-0.007,0.00299,0.0,30.39,0.499,-1.13,100,0.1939,0.0943,9.7226,-0.0024,-0.00266,0.00053,0.0,0.0,0,0,0,0
29.77,0.00322,0.00301,-0.102,0.00441,0.0,30.39,0.0,0.0,0.0,0.0,0.0,19.99,0.0,0.0,0.04,0.0,0.0,200.73,0.00199,0.00252,0.002,0.00321,0.0,30.39,0.539,-1.098,100,0.176,0.0754,9.7261,-0.00493,-0.0022,0.00533,0.0,0.0,0,0,0,0
30.021,0.00317,0.00302,-0.1,0.00438,0.0,30.39,0.0,0.0,0.0,0.0,0.0,19.99,0.0,0.0,0.033,0.0,0.0,200.73,0.00194,0.00253,-0.009,0.00319,0.0,30.39,0.555,-1.131,97,0.1912,0.1616,9.789,-0.00047,0.0024,0.00326,0.0,0.0,0,0,0,0
30.27,0.00304,0.00297,-0.099,0.00425,0.0,30.39,0.0,0.0,0.0,0.0,0.0,19.99,0.0,0.0,0.038,0.0,0.0,200.73,0.00181,0.00247,-0.001,0.00307,0.0,30.39,0.496,-1.141,97,0.22,0.0287,9.7746,-0.0018,-0.00173,0.00493,0.0,0.0,0,0,0,0
30.52,0.00297,0.00301,-0.1,0.00423,0.0,29.61,0.0,0.0,0.0,0.0,0.0,20.01,0.0,0.0,0.037,0.0,0.0,199.27,0.00174,0.00252,-0.001,0.00306,0.0,29.61,0.535,-1.191,97,0.2649,0.0682,9.7279,-0.00719,-0.0012,0.00193,0.0,0.0,0,0,0,0
30.771,0.00297,0.00301,-0.1,0.00423,0.0,29.61,0.0,0.0,0.0,0.0,0.0,20.01,0.0,0.0,0.041,0.0,0.0,199.27,0.00174,0.00252,0.001,0.00306,0.0,29.61,0.54,-1.124,97,0.1392,0.105,9.7441,-0.00067,-0.0012,-0.0008,0.0,0.0,0,0,0,0
31.02,0.00297,0.00301,-0.1,0.00423,0.0,29.61,0.0,0.0,0.0,0.0,0.0,20.01,0.0,0.0,0.046,0.0,0.0,199.27,0.00174,0.00252,0.009,0.00306,0.0,29.61,0.543,-1.108,166,0.1499,0.1544,9.763,-0.0026,0.00333,0.00399,0.0,0.0,0,0,0,0
31.27,0.00297,0.00301,-0.1,0.00423,0.0,29.61,0.0,0.0,0.0,0.0,0.0,20.01,0.0,0.0,0.052,0.0,0.0,199.27,0.00174,0.00252,0.012,0.00306,0.0,29.61,0.502,-1.167,166,0.2056,0.1257,9.7612,-0.0026,0.00053,-0.00047,0.0,0.0,0,0,0,0
31.52,0.00297,0.00301,-0.1,0.00423,0.0,29.61,0.0,0.0,0.0,0.0,0.0,20.01,0.0,0.0,0.055,0.0,0.0,199.27,0.00174,0.00252,0.013,0.00306,0.0,29.61,0.501,-1.111,166,0.1571,0.0817,9.7181,-0.00206,-0.0008,0.00133,0.0,0.0,0,0,0,0
31.77,0.00297,0.00301,-0.1,0.00423,0.0,23.21,0.0,0.0,0.0,0.0,0.0,20.0,0.0,0.0,0.06,0.0,0.0,197.65,0.00174,0.00252,0.018,0.00306,0.0,23.21,0.491,-1.138,166,0.1697,0.0745,9.7728,-0.00466,-0.00093,0.0014,0.0,0.0,0,0,0,0
32.02,0.00297,0.00301,-0.1,0.00423,0.0,23.21,0.0,0.0,0.0,0.0,0.0,20.0,0.0,0.0,0.067,0.0,0.0,197.65,0.00174,0.00252,0.025,0.00306,0.0,23.21,0.528,-1.152,153,0.2074,0.1454,9.7423,-0.00633,-0.00093,0.0034,0.0,0.0,0,0,0,0
32.27,0.00297,0.00301,-0.1,0.00423,0.0,23.21,0.0,0.0,0.0,0.0,0.0,20.0,0.0,0.0,0.064,0.0,0.0,197.65,0.00174,0.00252,0.021,0.00306,0.0,23.21,0.52,-1.168,153,0.1589,0.1356,9.7818,-0.0034,-0.00166,-0.00479,0.0,0.0,0,0,0,0
32.52,0.00297,0.00301,-0.1,0.00423,0.0,23.21,0.0,0.0,0.0,0.0,0.0,20.0,0.0,0.0,0.07,0.0,0.0,197.65,0.00174,0.00252,0.023,0.00306,0.0,23.21,0.522,-1.091,153,0.1481,0.0916,9.7261,-0.00746,-0.00127,0.00306,0.0,0.0,0,0,0,0
32.77,0.00297,0.00301,-0.1,0.00423,0.0,30.0,0.0,0.0,0.0,0.0,0.0,20.0,0.0,0.0,0.075,0.0,0.0,200.97,0.00174,0.00252,0.03,0.00306,0.0,30.0,0.547,-1.097,153,0.1481,0.0278,9.7333,-0.00213,0.00027,0.00093,0.0,0.0,0,0,0,0
33.021,0.00297,0.00301,-0.1,0.00423,0.0,30.0,0.0,0.0,0.0,0.0,0.0,20.0,0.0,0.0,0.062,0.0,0.0,200.97,0.00174,0.00252,0.013,0.00306,0.0,30.0,0.534,-1.151,147,0.149,0.1068,9.7612,-0.00579,0.00027,-0.00413,0.0,0.0,0,0,0,0
33.27,0.00297,0.00301,-0.1,0.00423,0.0,30.0,0.0,0.0,0.0,0.0,0.0,20.0,0.0,0.0,0.055,0.0,0.0,200.97,0.00174,0.00252,0.008,0.00306,0.0,30.0,0.52,-1.099,147,0.2065,0.0889,9.7423,-0.00346,0.0006,-0.00226,0.0,0.0,0,0,0,0
33.521,0.00297,0.00301,-0.1,0.00423,0.0,30.0,0.0,0.0,0.0,0.0,0.0,20.0,0.0,0.0,0.037,0.0,0.0,200.97,0.00174,0.00252,-0.008,0.00306,0.0,30.0,0.565,-1.121,147,0.211,0.123,9.7513,-0.00233,-0.00253,0.0038,0.0,0.0,0,0,0,0
33.77,0.00297,0.00301,-0.1,0.00423,0.0,30.0,0.0,0.0,0.0,0.0,0.0,20.0,0.0,0.0,0.041,0.0,0.0,200.97,0.00174,0.00252,-0.008,0.00306,0.0,30.0,0.502,-1.132,147,0.1966,0.0961,9.7288,-0.00852,-0.00166,0.0028,0.0,0.0,0,0,0,0
34.02,0.00297,0.00301,-0.1,0.00423,0.0,28.8,0.0,0.0,0.0,0.0,0.0,20.0,0.0,0.0,0.036,0.0,0.0,199.23,0.00174,0.00252,-0.007,0.00306,0.0,28.8,0.493,-1.123,143,0.1499,0.1365,9.7414,-0.00399,0.0014,-0.00186,0.0,0.0,0,0,0,0
34.27,0.00297,0.00301,-0.1,0.00423,0.0,28.8,0.0,0.0,0.0,0.0,0.0,20.0,0.0,0.0,0.027,0.0,0.0,199.23,0.00174,0.00252,-0.023,0.00306,0.0,28.8,0.437,-1.127,143,0.2442,0.0763,9.6615,-0.00393,-0.00273,-0.00087,0.0,0.0,0,0,0,0
34.52,0.00297,0.00301,-0.1,0.00423,0.0,28.8,0.0,0.0,0.0,0.0,0.0,20.0,0.0,0.0,0.035,0.0,0.0,199.23,0.00174,0.00252,-0.022,0.00306,0.0,28.8,0.417,-1.109,143,0.132,0.0233,9.7639,-0.00453,-0.00193,0.00333,0.0,0.0,0,0,0,0
34.771,0.00297,0.00301,-0.1,0.00423,0.0,28.8,0.0,0.0,0.0,0.0,0.0,20.0,0.0,0.0,0.031,0.0,0.0,199.23,0.00174,0.00252,-0.023,0.00306,0.0,28.8,0.513,-1.098,143,0.1769,0.0808,9.7486,-0.00013,-0.00186,0.00233,0.0,0.0,0,0,0,0
35.02,0.00297,0.00301,-0.1,0.00423,0.0,30.0,0.0,0.0,0.0,0.0,0.0,19.0,0.0,0.0,0.028,0.0,0.0,201.0,0.00174,0.00252,-0.028,0.00306,0.0,30.0,0.496,-1.15,141,0.2343,0.1472,9.7217,-0.00453,-0.00013,0.0038,0.0,0.0,0,0,0,0
35.27,0.00297,0.00301,-0.1,0.00423,0.0,30.0,0.0,0.0,0.0,0.0,0.0,19.0,0.0,0.0,0.029,0.0,0.0,201.0,0.00174,0.00252,-0.024,0.00306,0.0,30.0,0.513,-1.146,141,0.1858,0.123,9.7665,-0.00326,-0.00206,-7e-05,0.0,0.0,0,0,0,0
35.52,0.00297,0.00301,-0.1,0.00423,0.0,30.0,0.0,0.0,0.0,0.0,0.0,19.0,0.0,0.0,0.038,0.0,0.0,201.0,0.00174,0.00252,-0.018,0.00306,0.0,30.0,0.488,-1.149,141,0.1823,0.1814,9.71,-0.00579,-0.0008,0.00153,0.0,0.0,0,0,0,0
35.77,0.00297,0.00301,-0.1,0.00423,0.0,30.0,0.0,0.0,0.0,0.0,0.0,19.0,0.0,0.0,0.05,0.0,0.0,201.0,0.00174,0.00252,-0.004,0.00306,0.0,30.0,0.504,-1.114,141,0.1634,0.1284,9.7315,-0.0008,0.00133,0.00047,0.0,0.0,0,0,0,0
36.02,0.003,0.0033,-0.114,0.00446,0.0,29.99,0.0,0.0,0.0,0.0,0.0,19.99,0.0,0.0,0.042,0.0,0.0,200.91,0.00177,0.00281,-0.008,0.00332,0.0,29.99,0.494,-1.152,135,0.1374,0.1796,9.7827,-0.00153,-0.00047,-0.00033,0.0,0.0,0,0,0,0
36.27,0.00298,0.00336,-0.113,0.00449,0.0,29.99,0.0,0.0,0.0,0.0,0.0,19.99,0.0,0.0,0.06,0.0,0.0,200.91,0.00175,0.00287,0.005,0.00336,0.0,29.99,0.459,-1.138,135,0.1876,0.0727,9.7109,-0.00426,0.00087,-0.0038,0.0,0.0,0,0,0,0
36.52,0.00298,0.00336,-0.113,0.00449,0.0,29.99,0.0,0.0,0.0,0.0,0.0,19.99,0.0,0.0,0.066,0.0,0.0,200.91,0.00175,0.00287,0.006,0.00336,0.0,29.99,0.494,-1.114,135,0.2254,0.114,9.7181,-0.00593,-0.00193,0.00399,0.0,0.0,0,0,0,0
36.77,0.00298,0.00336,-0.113,0.00449,0.0,29.99,0.0,0.0,0.0,0.0,0.0,19.99,0.0,0.0,0.061,0.0,0.0,200.91,0.00175,0.00287,0.005,0.00336,0.0,29.99,0.449,-1.161,135,0.2101,0.1176,9.7208,-0.00133,-0.0016,-0.00246,0.0,0.0,0,0,0,0
37.021,0.00297,0.00345,-0.117,0.00455,0.0,29.98,0.0,0.0,0.0,0.0,0.0,20.99,0.0,0.0,0.069,0.0,0.0,200.89,0.00174,0.00296,0.004,0.00343,0.0,29.98,0.493,-1.162,129,0.1562,0.114,9.7728,-0.0002,-0.00186,0.00146,0.0,0.0,0,0,0,0
37.27,0.00305,0.00403,-0.144,0.00505,0.00505,29.98,0.0,0.0,0.0,0.0,0.0,20.99,0.0,0.0,0.08,0.0,0.0,200.89,0.00182,0.00353,0.018,0.00398,0.0,29.98,0.503,-1.143,129,0.1903,0.0871,9.7423,-0.00446,-0.00213,0.00439,0.0,0.0,0,0,0,0
37.52,0.00303,0.00411,-0.147,0.00511,0.00505,29.98,0.0,0.0,0.0,0.0,0.0,20.99,0.0,0.0,0.085,0.0,0.0,200.89,0.0018,0.00362,0.024,0.00404,0.0,29.98,0.505,-1.116,129,0.1724,0.1212,9.7405,-0.00806,0.00226,0.0022,0.0,0.0,0,0,0,0
37.77,0.00314,0.00425,-0.151,0.00528,0.00505,29.98,0.0,0.0,0.0,0.0,0.0,20.99,0.0,0.0,0.087,0.0,0.0,200.89,0.00191,0.00376,0.024,0.00421,0.0,29.98,0.546,-1.094,129,0.1437,0.0736,9.7594,-0.0006,0.00127,0.00246,0.0,0.0,0,0,0,0
38.021,0.00331,0.00459,-0.163,0.00566,0.00505,29.98,0.0,0.0,0.0,0.0,0.0,20.99,0.0,0.0,0.101,0.0,0.0,200.89,0.00208,0.0041,0.035,0.0046,0.0,29.98,0.533,-1.096,124,0.2245,0.0709,9.7136,-0.00506,0.00067,0.00486,0.0,0.0,0,0,0,0
38.27,0.00341,0.00465,-0.163,0.00577,0.00505,30.42,0.0,0.0,0.0,0.0,0.0,20.01,0.0,0.0,0.086,0.0,0.0,200.11,0.00218,0.00416,0.022,0.0047,0.0,30.42,0.543,-1.106,124,0.1948,0.0386,9.727,-0.00353,-0.001,0.00053,0.0,0.0,0,0,0,0
38.52,0.00338,0.00473,-0.165,0.00581,0.00505,30.42,0.0,0.0,0.0,0.0,0.0,20.01,0.0,0.0,0.08,0.0,0.0,200.11,0.00214,0.00424,0.012,0.00475,0.0,30.42,0.515,-1.116,124,0.1832,0.1329,9.7468,0.0038,0.00273,0.00093,0.0,0.0,0,0,0,0
38.77,0.00339,0.00484,-0.169,0.0059,0.00505,30.42,0.0,0.0,0.0,0.0,0.0,20.01,0.0,0.0,0.082,0.0,0.0,200.11,0.00215,0.00434,0.016,0.00485,0.0,30.42,0.552,-1.112,124,0.1562,0.1284,9.7701,-0.00406,-0.00193,-0.00246,0.0,0.0,0,0,0,0
39.021,0.00346,0.00502,-0.181,0.0061,0.00505,30.42,0.0,0.0,0.0,0.0,0.0,20.01,0.0,0.0,0.085,0.0,0.0,200.11,0.00222,0.00453,0.011,0.00505,0.00503,30.42,0.553,-1.166,120,0.2173,0.1419,9.7333,-0.00253,0.002,-0.00033,0.0,0.0,0,0,0,0
39.27,0.00335,0.00505,-0.181,0.00606,0.00505,30.0,0.0,0.0,0.0,0.0,0.0,20.0,0.0,0.0,0.084,0.0,0.0,199.98,0.00211,0.00456,0.013,0.00503,0.00503,30.0,0.556,-1.121,120,0.1481,0.1149,9.7279,-0.00586,0.00107,0.00586,0.0,0.0,0,0,0,0
39.521,0.00342,0.00498,-0.174,0.00604,0.00505,30.0,0.0,0.0,0.0,0.0,0.0,20.0,0.0,0.0,0.079,0.0,0.0,199.98,0.00218,0.00449,0.005,0.00499,0.00503,30.0,0.567,-1.083,120,0.1876,0.0593,9.7208,-0.00226,0.00127,-0.0002,0.0,0.0,0,0,0,0
39.77,0.00342,0.00496,-0.173,0.00603,0.00505,30.0,0.0,0.0,0.0,0.0,0.0,20.0,0.0,0.0,0.068,0.0,0.0,199.98,0.00219,0.00447,-0.006,0.00498,0.00503,30.0,0.525,-1.158,120,0.2164,0.0619,9.7495,-0.00373,-0.002,0.00473,0.0,0.0,0,0,0,0
40.021,0.00357,0.00532,-0.187,0.00641,0.00505,30.0,0.0,0.0,0.0,0.0,0.0,20.0,0.0,0.0,0.065,0.0,0.0,199.98,0.00234,0.00483,-0.007,0.00537,0.00503,30.0,0.547,-1.149,118,0.2227,0.1392,9.7531,-0.0028,0.00206,0.0026,0.0,0.0,0,0,0,0
40.27,0.00348,0.0052,-0.183,0.00626,0.00505,30.0,0.0,0.0,0.0,0.0,0.0,20.0,0.0,0.0,0.069,0.0,0.0,199.98,0.00224,0.00471,-0.006,0.00522,0.00503,30.0,0.522,-1.145,118,0.1948,0.0467,9.7288,-0.00419,0.00213,0.0006,0.0,0.0,0,0,0,0
40.521,0.00353,0.0053,-0.188,0.00637,0.00505,29.59,0.0,0.0,0.0,0.0,0.0,19.2,0.0,0.0,0.071,0.0,0.0,200.76,0.0023,0.00481,-0.01,0.00534,0.00503,29.59,0.479,-1.131,118,0.1679,0.1158,9.727,-0.00107,0.00047,0.0034,0.0,0.0,0,0,0,0
40.77,0.00352,0.00528,-0.188,0.00634,0.00505,29.59,0.0,0.0,0.0,0.0,0.0,19.2,0.0,0.0,0.064,0.0,0.0,200.76,0.00228,0.00479,-0.015,0.00531,0.00503,29.59,0.489,-1.099,118,0.1562,0.0772,9.771,-0.00539,-0.00186,0.003,0.0,0.0,0,0,0,0
41.021,0.00358,0.00536,-0.19,0.00645,0.00505,29.59,0.0,0.0,0.0,0.0,0.0,19.2,0.0,0.0,0.063,0.0,0.0,200.76,0.00235,0.00487,-0.017,0.00541,0.00503,29.59,0.538,-1.12,116,0.2155,0.0844,9.7055,-0.00559,-0.00153,0.00013,0.0,0.0,0,0,0,0
41.27,0.00381,0.0055,-0.192,0.00669,0.00505,29.59,0.0,0.0,0.0,0.0,0.0,19.2,0.0,0.0,0.079,0.0,0.0,200.76,0.00257,0.00501,-0.004,0.00563,0.00503,29.59,0.548,-1.109,116,0.1688,0.1131,9.7199,-0.00333,0.0008,0.00273,0.0,0.0,0,0,0,0
41.52,0.00395,0.00548,-0.193,0.00675,0.00505,29.59,0.0,0.0,0.0,0.0,0.0,19.2,0.0,0.0,0.073,0.0,0.0,200.76,0.00271,0.00499,-0.006,0.00568,0.00503,29.59,0.521,-1.168,116,0.237,0.0916,9.7567,-0.00293,0.0006,0.00166,0.0,0.0,0,0,0,0
41.77,0.0037,0.00514,-0.178,0.00634,0.00505,28.82,0.0,0.0,0.0,0.0,0.0,20.81,0.0,0.0,0.068,0.0,0.0,200.11,0.00247,0.00465,-0.015,0.00527,0.00503,28.82,0.476,-1.181,116,0.2083,0.158,9.771,-0.00087,-0.00113,-0.00246,0.0,0.0,0,0,0,0
42.021,0.00368,0.00516,-0.176,0.00634,0.00505,28.82,0.0,0.0,0.0,0.0,0.0,20.81,0.0,0.0,0.062,0.0,0.0,200.11,0.00245,0.00467,-0.024,0.00527,0.00503,28.82,0.485,-1.194,116,0.2191,0.0916,9.7432,-0.00266,-0.00666,-0.003,0.0,0.0,0,0,0,0
42.27,0.00374,0.00512,-0.172,0.00634,0.00505,28.82,0.0,0.0,0.0,0.0,0.0,20.81,0.0,0.0,0.074,0.0,0.0,200.11,0.0025,0.00463,-0.012,0.00526,0.00503,28.82,0.517,-1.169,116,0.1975,0.0862,9.7172,-0.00459,0.0008,0.00446,0.0,0.0,0,0,0,0
42.521,0.00363,0.00492,-0.164,0.00612,0.00505,28.82,0.0,0.0,0.0,0.0,0.0,20.81,0.0,0.0,0.078,0.0,0.0,200.11,0.0024,0.00443,-0.009,0.00504,0.00503,28.82,0.544,-1.196,116,0.2236,0.0745,9.7486,-0.003,0.00173,-0.00153,0.0,0.0,0,0,0,0
42.771,0.00356,0.00478,-0.153,0.00596,0.00505,29.97,0.0,0.0,0.0,0.0,0.0,18.98,0.0,0.0,0.082,0.0,0.0,200.81,0.00232,0.00429,-0.006,0.00488,0.00503,29.97,0.55,-1.164,116,0.2191,0.0709,9.7217,-0.00246,0.00226,0.00233,0.0,0.0,0,0,0,0
43.02,0.00343,0.00458,-0.144,0.00572,0.00505,29.97,0.0,0.0,0.0,0.0,0.0,18.98,0.0,0.0,0.071,0.0,0.0,200.81,0.0022,0.00409,-0.011,0.00464,0.00503,29.97,0.552,-1.123,114,0.2406,0.0907,9.6974,-0.0032,0.00033,7e-05,0.0,0.0,0,0,0,0
43.27,0.00359,0.00454,-0.138,0.00579,0.00505,29.97,0.0,0.0,0.0,0.0,0.0,18.98,0.0,0.0,0.074,0.0,0.0,200.81,0.00236,0.00405,-0.017,0.00469,0.00503,29.97,0.549,-1.075,114,0.1724,0.0979,9.7055,0.00013,-0.0006,0.00226,0.0,0.0,0,0,0,0
43.52,0.00353,0.00435,-0.127,0.00561,0.00505,29.97,0.0,0.0,0.0,0.0,0.0,18.98,0.0,0.0,0.082,0.0,0.0,200.81,0.0023,0.00386,-0.013,0.0045,0.00503,29.97,0.51,-1.116,114,0.2056,0.1463,9.7109,-0.00047,-0.00153,-0.0032,0.0,0.0,0,0,0,0
43.77,0.00355,0.00435,-0.124,0.00561,0.00505,29.97,0.0,0.0,0.0,0.0,0.0,18.98,0.0,0.0,0.085,0.0,0.0,200.81,0.00232,0.00386,-0.004,0.0045,0.00503,29.97,0.484,-1.119,114,0.1751,0.1149,9.7235,-0.00313,-0.00246,-0.0024,0.0,0.0,0,0,0,0
44.024,0.00375,0.00469,-0.139,0.00601,0.00505,29.53,0.0,0.0,0.0,0.0,0.0,19.95,0.0,0.0,0.078,0.0,0.0,197.93,0.00252,0.0042,-0.015,0.0049,0.00503,29.53,0.542,-1.101,112,0.1652,0.1428,9.7145,-0.00353,0.00153,0.00093,0.0,0.0,0,0,0,0
44.27,0.00364,0.00422,-0.115,0.00558,0.00505,29.53,0.0,0.0,0.0,0.0,0.0,19.95,0.0,0.0,0.074,0.0,0.0,197.93,0.00241,0.00373,-0.012,0.00444,0.00503,29.53,0.471,-1.123,112,0.167,0.1015,9.7315,-0.00566,-0.0014,0.00113,0.0,0.0,0,0,0,0
44.524,0.0036,0.00423,-0.115,0.00556,0.00505,29.53,0.0,0.0,0.0,0.0,0.0,19.95,0.0,0.0,0.066,0.0,0.0,197.93,0.00237,0.00374,-0.027,0.00443,0.00503,29.53,0.514,-1.143,112,0.2128,0.1113,9.7226,-0.00273,-0.00107,0.0018,0.0,0.0,0,0,0,0
44.77,0.00375,0.00407,-0.105,0.00554,0.00505,29.53,0.0,0.0,0.0,0.0,0.0,19.95,0.0,0.0,0.075,0.0,0.0,197.93,0.00252,0.00359,-0.018,0.00438,0.00503,29.53,0.483,-1.162,112,0.193,0.1006,9.7414,-0.00233,0.0034,-0.00373,0.0,0.0,0,0,0,0
45.02,0.0037,0.00384,-0.093,0.00533,0.00505,29.53,0.0,0.0,0.0,0.0,0.0,19.95,0.0,0.0,0.079,0.0,0.0,197.93,0.00247,0.00335,-0.021,0.00416,0.00503,29.53,0.501,-1.15,107,0.1912,0.0736,9.7091,-0.0008,-0.00013,0.00146,0.0,0.0,0,0,0,0
45.27,0.00363,0.00374,-0.086,0.00521,0.00505,27.28,0.0,0.0,0.0,0.0,0.0,20.06,0.0,0.0,0.077,0.0,0.0,202.23,0.0024,0.00325,-0.018,0.00404,0.00503,27.28,0.537,-1.133,107,0.1894,0.1428,9.7252,-0.00406,0.00087,0.00186,0.0,0.0,0,0,0,0
45.52,0.00364,0.00372,-0.087,0.0052,0.00505,27.28,0.0,0.0,0.0,0.0,0.0,20.06,0.0,0.0,0.071,0.0,0.0,202.23,0.00241,0.00323,-0.029,0.00403,0.00503,27.28,0.479,-1.122,107,0.1625,0.07,9.7261,-0.00466,-0.00226,0.00233,0.0,0.0,0,0,0,0
45.77,0.00377,0.0039,-0.092,0.00543,0.00505,27.28,0.0,0.0,0.0,0.0,0.0,20.06,0.0,0.0,0.073,0.0,0.0,202.23,0.00254,0.00341,-0.021,0.00426,0.00503,27.28,0.504,-1.113,107,0.176,0.0871,9.7764,-0.002,0.00073,-0.0024,0.0,0.0,0,0,0,0
46.02,0.00379,0.00391,-0.091,0.00545,0.00505,27.28,0.0,0.0,0.0,0.0,0.0,20.06,0.0,0.0,0.07,0.0,0.0,202.23,0.00256,0.00342,-0.023,0.00427,0.00503,27.28,0.476,-1.128,105,0.211,0.1068,9.7136,-0.00779,0.00166,0.00666,0.0,0.0,0,0,0,0
46.27,0.00406,0.00406,-0.098,0.00575,0.00505,30.0,0.0,0.0,0.0,0.0,0.0,20.0,0.0,0.0,0.064,0.0,0.0,199.99,0.00283,0.00357,-0.034,0.00456,0.00503,30.0,0.494,-1.118,105,0.2388,0.0655,9.7423,-0.00579,0.0006,0.00366,0.0,0.0,0,0,0,0
46.52,0.00438,0.00421,-0.103,0.00608,0.00505,30.0,0.0,0.0,0.0,0.0,0.0,20.0,0.0,0.0,0.066,0.0,0.0,199.99,0.00315,0.00372,-0.039,0.00488,0.00503,30.0,0.469,-1.068,105,0.1356,0.0763,9.7154,0.0002,0.00146,0.00233,0.0,0.0,0,0,0,0
46.77,0.0044,0.0041,-0.097,0.00601,0.00505,30.0,0.0,0.0,0.0,0.0,0.0,20.0,0.0,0.0,0.074,0.0,0.0,199.99,0.00317,0.00361,-0.024,0.0048,0.00503,30.0,0.482,-1.109,105,0.185,0.0961,9.7127,-7e-05,-0.00146,0.0004,0.0,0.0,0,0,0,0
47.02,0.00465,0.00407,-0.091,0.00618,0.00505,30.0,0.0,0.0,0.0,0.0,0.0,20.0,0.0,0.0,0.08,0.0,0.0,199.99,0.00342,0.00358,-0.018,0.00495,0.00503,30.0,0.508,-1.09,103,0.2137,0.1419,9.692,-0.0038,0.00253,0.00326,0.0,0.0,0,0,0,0
47.27,0.00479,0.00426,-0.103,0.00641,0.00505,30.0,0.0,0.0,0.0,0.0,0.0,20.0,0.0,0.0,0.087,0.0,0.0,199.99,0.00356,0.00377,-0.013,0.00519,0.00503,30.0,0.489,-1.135,103,0.2083,0.1167,9.7288,-0.00373,-0.0016,0.00406,0.0,0.0,0,0,0,0
47.52,0.0048,0.00408,-0.095,0.0063,0.00505,30.0,0.0,0.0,0.0,0.0,0.0,20.0,0.0,0.0,0.088,0.0,0.0,199.99,0.00357,0.00359,-0.013,0.00507,0.00503,30.0,0.486,-1.148,103,0.1957,0.0961,9.7648,-0.00513,-0.0014,0.0006,0.0,0.0,0,0,0,0
47.771,0.00492,0.00421,-0.095,0.00647,0.00505,30.0,0.0,0.0,0.0,0.0,0.0,20.0,0.0,0.0,0.1,0.0,0.0,199.99,0.00368,0.00372,-0.001,0.00523,0.00503,30.0,0.527,-1.113,103,0.1841,0.0916,9.7935,-0.00226,0.00113,0.00166,0.0,0.0,0,0,0,0
48.021,0.00499,0.00433,-0.103,0.00661,0.00505,30.0,0.0,0.0,0.0,0.0,0.0,20.0,0.0,0.0,0.095,0.0,0.0,199.99,0.00376,0.00385,-0.004,0.00538,0.00503,30.0,0.527,-1.118,102,0.1706,0.0503,9.7656,-0.00393,0.00186,0.00499,0.0,0.0,0,0,0,0
48.27,0.00498,0.00437,-0.111,0.00663,0.00505,30.0,0.0,0.0,0.0,0.0,0.0,20.0,0.0,0.0,0.113,0.0,0.0,200.99,0.00375,0.00388,0.01,0.0054,0.00503,30.0,0.51,-1.083,102,0.2209,0.1302,9.7567,-0.00286,0.00087,0.0014,0.0,0.0,0,0,0,0
48.52,0.00489,0.00426,-0.104,0.00649,0.00505,30.0,0.0,0.0,0.0,0.0,0.0,20.0,0.0,0.0,0.103,0.0,0.0,200.99,0.00366,0.00377,0.004,0.00526,0.00503,30.0,0.464,-1.142,102,0.1562,0.0584,9.771,-0.00266,-0.003,-0.00146,0.0,0.0,0,0,0,0
48.77,0.00488,0.00449,-0.116,0.00663,0.00505,30.0,0.0,0.0,0.0,0.0,0.0,20.0,0.0,0.0,0.099,0.0,0.0,200.99,0.00364,0.004,-0.008,0.00541,0.00503,30.0,0.508,-1.084,102,0.193,0.0826,9.754,-0.00193,-0.0034,0.00599,0.0,0.0,0,0,0,0
49.02,0.00467,0.00429,-0.104,0.00634,0.00505,30.0,0.0,0.0,0.0,0.0,0.0,20.0,0.0,0.0,0.115,0.0,0.0,200.99,0.00344,0.0038,0.014,0.00513,0.00503,30.0,0.532,-1.11,94,0.2263,0.1383,9.7567,-0.003,0.00033,0.0006,0.0,0.0,0,0,0,0
49.27,0.00455,0.00425,-0.102,0.00623,0.00505,30.0,0.0,0.0,0.0,0.0,0.0,20.0,0.0,0.0,0.116,0.0,0.0,199.98,0.00332,0.00376,0.011,0.00502,0.00503,30.0,0.559,-1.103,94,0.2442,0.0781,9.7764,-0.0016,0.0008,0.00133,0.0,0.0,0,0,0,0
49.52,0.00455,0.00425,-0.102,0.00623,0.00505,30.0,0.0,0.0,0.0,0.0,0.0,20.0,0.0,0.0,0.117,0.0,0.0,199.98,0.00332,0.00376,0.012,0.00502,0.00503,30.0,0.522,-1.127,94,0.2038,0.1616,9.7261,-0.00366,0.00206,-0.0014,0.0,0.0,0,0,0,0
49.77,0.00455,0.00425,-0.102,0.00623,0.00505,30.0,0.0,0.0,0.0,0.0,0.0,20.0,0.0,0.0,0.114,0.0,0.0,199.98,0.00332,0.00376,0.004,0.00502,0.00503,30.0,0.523,-1.107,94,0.2478,0.0943,9.6777,-0.00419,-0.00273,0.00739,0.0,0.0,0,0,0,0
50.021,0.00455,0.00425,-0.102,0.00623,0.00505,30.0,0.0,0.0,0.0,0.0,0.0,20.0,0.0,0.0,0.108,0.0,0.0,199.98,0.00332,0.00376,0.0,0.00502,0.00503,30.0,0.533,-1.112,160,0.1966,0.0853,9.7728,7e-05,-0.00093,0.00719,0.0,0.0,0,0,0,0
50.27,0.00455,0.00425,-0.102,0.00623,0.00505,30.0,0.0,0.0,0.0,0.0,0.0,20.0,0.0,0.0,0.113,0.0,0.0,199.98,0.00332,0.00376,-0.0,0.00502,0.00503,30.0,0.498,-1.133,160,0.1562,0.0862,9.7136,-0.00166,-0.0006,-0.00273,0.0,0.0,0,0,0,0
50.52,0.00455,0.00425,-0.102,0.00623,0.00505,27.2,0.0,0.0,0.0,0.0,0.0,20.0,0.0,0.0,0.112,0.0,0.0,199.23,0.00332,0.00376,0.0,0.00502,0.00503,27.2,0.53,-1.128,160,0.1796,0.0108,9.7863,-0.00446,0.00133,0.0004,0.0,0.0,0,0,0,0
50.77,0.00455,0.00425,-0.102,0.00623,0.00505,27.2,0.0,0.0,0.0,0.0,0.0,20.0,0.0,0.0,0.116,0.0,0.0,199.23,0.00332,0.00376,0.005,0.00502,0.00503,27.2,0.5,-1.125,160,0.264,0.0628,9.7387,-0.0022,-0.00173,0.00779,0.0,0.0,0,0,0,0
51.02,0.00455,0.00425,-0.102,0.00623,0.00505,27.2,0.0,0.0,0.0,0.0,0.0,20.0,0.0,0.0,0.109,0.0,0.0,199.23,0.00332,0.00376,0.002,0.00502,0.00503,27.2,0.485,-1.151,156,0.1778,0.0871,9.7154,-0.00146,-0.00246,0.00166,0.0,0.0,0,0,0,0
51.27,0.00455,0.00425,-0.102,0.00623,0.00505,27.2,0.0,0.0,0.0,0.0,0.0,20.0,0.0,0.0,0.115,0.0,0.0,199.23,0.00332,0.00376,0.005,0.00502,0.00503,27.2,0.52,-1.133,156,0.1589,0.1212,9.7432,-0.00113,0.001,-0.00373,0.0,0.0,0,0,0,0
51.52,0.00455,0.00425,-0.102,0.00623,0.00505,28.0,0.0,0.0,0.0,0.0,0.0,20.0,0.0,0.0,0.113,0.0,0.0,198.98,0.00332,0.00376,0.003,0.00502,0.00503,28.0,0.541,-1.154,156,0.2532,0.1015,9.6983,-0.00286,0.00153,0.00513,0.0,0.0,0,0,0,0
51.77,0.00455,0.00425,-0.102,0.00623,0.00505,28.0,0.0,0.0,0.0,0.0,0.0,20.0,0.0,0.0,0.122,0.0,0.0,198.98,0.00332,0.00376,0.01,0.00502,0.00503,28.0,0.499,-1.124,156,0.1679,0.1185,9.736,-0.00166,0.0002,-0.00073,0.0,0.0,0,0,0,0
52.02,0.00455,0.00425,-0.102,0.00623,0.00505,28.0,0.0,0.0,0.0,0.0,0.0,20.0,0.0,0.0,0.143,0.0,0.0,198.98,0.00332,0.00376,0.025,0.00502,0.00503,28.0,0.526,-1.109,153,0.2191,0.0628,9.7594,-0.00186,-0.00073,-0.00027,0.0,0.0,0,0,0,0
52.27,0.00455,0.00425,-0.102,0.00623,0.00505,28.0,0.0,0.0,0.0,0.0,0.0,20.0,0.0,0.0,0.148,0.0,0.0,198.98,0.00332,0.00376,0.032,0.00502,0.00503,28.0,0.475,-1.13,153,0.1679,0.0772,9.7531,-0.00013,0.00073,0.0006,0.0,0.0,0,0,0,0
52.52,0.00455,0.00425,-0.102,0.00623,0.00505,30.0,0.0,0.0,0.0,0.0,0.0,20.0,0.0,0.0,0.153,0.0,0.0,201.0,0.00332,0.00376,0.034,0.00502,0.00503,30.0,0.491,-1.17,153,0.1607,0.0871,9.7576,7e-05,-0.00133,0.00439,0.0,0.0,0,0,0,0
52.77,0.00455,0.00425,-0.102,0.00623,0.00505,30.0,0.0,0.0,0.0,0.0,0.0,20.0,0.0,0.0,0.159,0.0,0.0,201.0,0.00332,0.00376,0.042,0.00502,0.00503,30.0,0.498,-1.109,153,0.1454,0.079,9.771,-0.00839,-0.00033,0.0008,0.0,0.0,0,0,0,0
53.02,0.00455,0.00425,-0.102,0.00623,0.00505,30.0,0.0,0.0,0.0,0.0,0.0,20.0,0.0,0.0,0.16,0.0,0.0,201.0,0.00332,0.00376,0.041,0.00502,0.00503,30.0,0.491,-1.109,151,0.167,0.0584,9.7369,-0.0022,-0.00153,0.00433,0.0,0.0,0,0,0,0
53.271,0.00455,0.00425,-0.102,0.00623,0.00505,30.0,0.0,0.0,0.0,0.0,0.0,20.0,0.0,0.0,0.164,0.0,0.0,201.0,0.00332,0.00376,0.044,0.00502,0.00503,30.0,0.513,-1.137,151,0.1266,0.1275,9.7746,-0.00186,-0.00053,0.00226,0.0,0.0,0,0,0,0
53.52,0.00455,0.00425,-0.102,0.00623,0.00505,29.0,0.0,0.0,0.0,0.0,0.0,20.0,0.0,0.0,0.174,0.0,0.0,200.98,0.00332,0.00376,0.052,0.00502,0.00503,29.0,0.477,-1.076,151,0.202,0.0997,9.7342,-0.00286,-0.00226,-0.00186,0.0,0.0,0,0,0,0
53.77,0.00455,0.00425,-0.102,0.00623,0.00505,29.0,0.0,0.0,0.0,0.0,0.0,20.0,0.0,0.0,0.182,0.0,0.0,200.98,0.00332,0.00376,0.063,0.00502,0.00503,29.0,0.506,-1.111,151,0.2074,0.0736,9.7818,-0.0028,0.003,-0.00146,0.0,0.0,0,0,0,0
54.02,0.00455,0.00425,-0.102,0.00623,0.00505,29.0,0.0,0.0,0.0,0.0,0.0,20.0,0.0,0.0,0.173,0.0,0.0,200.98,0.00332,0.00376,0.057,0.00502,0.00503,29.0,0.512,-1.113,150,0.1652,0.1221,9.798,-0.00206,0.00173,0.00479,0.0,0.0,0,0,0,0
54.27,0.00455,0.00435,-0.106,0.00629,0.00505,29.0,0.0,0.0,0.0,0.0,0.0,20.0,0.0,0.0,0.181,0.0,0.0,200.98,0.00331,0.00386,0.056,0.00509,0.00503,29.0,0.477,-1.121,150,0.2083,0.1562,9.7791,-0.00053,-0.001,0.00107,0.0,0.0,0,0,0,0
54.521,0.0047,0.00481,-0.127,0.00673,0.00505,28.99,0.0,0.0,0.0,0.0,0.0,19.99,0.0,0.0,0.166,0.0,0.0,199.94,0.00346,0.00433,0.041,0.00554,0.00503,28.99,0.502,-1.174,150,0.2191,0.0431,9.745,-0.00499,0.001,0.00459,0.0,0.0,0,0,0,0
54.77,0.0049,0.00522,-0.15,0.00716,0.00505,28.99,0.0,0.0,0.0,0.0,0.0,19.99,0.0,0.0,0.172,0.0,0.0,199.94,0.00367,0.00473,0.046,0.00598,0.00503,28.99,0.515,-1.14,150,0.2245,0.0907,9.745,-0.00526,0.0,-0.0032,0.0,0.0,0,0,0,0
55.02,0.00487,0.00523,-0.149,0.00715,0.00505,28.99,0.0,0.0,0.0,0.0,0.0,19.99,0.0,0.0,0.185,0.0,0.0,199.94,0.00364,0.00474,0.056,0.00597,0.00503,28.99,0.52,-1.165,145,0.1733,0.1194,9.7773,-0.0038,-0.0014,0.00573,0.0,0.0,0,0,0,0
55.27,0.00496,0.00545,-0.158,0.00737,0.00505,28.99,0.0,0.0,0.0,0.0,0.0,19.99,0.0,0.0,0.186,0.0,0.0,199.94,0.00372,0.00496,0.058,0.0062,0.00503,28.99,0.488,-1.123,145,0.2451,0.1041,9.6911,-0.00107,-0.0022,-0.00413,0.0,0.0,0,0,0,0
55.52,0.00519,0.00576,-0.174,0.00775,0.00505,28.99,0.0,0.0,0.0,0.0,0.0,19.99,0.0,0.0,0.183,0.0,0.0,199.94,0.00395,0.00527,0.049,0.00659,0.00503,28.99,0.491,-1.181,145,0.1984,0.0925,9.719,0.00166,0.00366,-0.00313,0.0,0.0,0,0,0,0
55.771,0.00527,0.00598,-0.187,0.00797,0.00505,29.6,0.0,0.0,0.0,0.0,0.0,20.0,0.0,0.0,0.174,0.0,0.0,200.77,0.00404,0.00549,0.037,0.00682,0.00503,29.6,0.489,-1.182,145,0.1939,0.0242,9.727,-0.00726,-0.00113,0.00672,0.0,0.0,0,0,0,0
56.02,0.00531,0.00592,-0.181,0.00795,0.00505,29.6,0.0,0.0,0.0,0.0,0.0,20.0,0.0,0.0,0.183,0.0,0.0,200.77,0.00408,0.00543,0.049,0.00679,0.00503,29.6,0.498,-1.14,142,0.2011,0.1068,9.7755,0.00027,0.00373,0.00799,0.0,0.0,0,0,0,0
56.27,0.00534,0.00611,-0.192,0.00812,0.00505,29.6,0.0,0.0,0.0,0.0,0.0,20.0,0.0,0.0,0.168,0.0,0.0,200.77,0.00411,0.00562,0.034,0.00696,0.00503,29.6,0.512,-1.11,142,0.1841,0.1212,9.7845,-0.0036,0.00027,0.0,0.0,0.0,0,0,0,0
56.521,0.00526,0.006,-0.184,0.00798,0.00505,29.6,0.0,0.0,0.0,0.0,0.0,20.0,0.0,0.0,0.185,0.0,0.0,200.77,0.00403,0.00552,0.046,0.00683,0.00503,29.6,0.534,-1.062,142,0.2227,0.0709,9.7468,-0.00419,-0.00453,0.00186,0.0,0.0,0,0,0,0
56.77,0.0053,0.00612,-0.188,0.00809,0.00505,29.6,0.0,0.0,0.0,0.0,0.0,20.0,0.0,0.0,0.189,0.0,0.0,200.77,0.00406,0.00563,0.05,0.00694,0.00503,29.6,0.517,-1.081,142,0.2254,0.0925,9.7459,-0.00233,0.00087,0.00053,0.0,0.0,0,0,0,0
57.02,0.00531,0.00608,-0.188,0.00807,0.00505,29.61,0.0,0.0,0.0,0.0,0.0,20.01,0.0,0.0,0.186,0.0,0.0,200.06,0.00408,0.00559,0.046,0.00692,0.00503,29.61,0.525,-1.123,134,0.1939,0.1041,9.7235,-0.00266,7e-05,0.00406,0.0,0.0,0,0,0,0
57.27,0.00533,0.00612,-0.19,0.00812,0.00505,29.61,0.0,0.0,0.0,0.0,0.0,20.01,0.0,0.0,0.193,0.0,0.0,200.06,0.00409,0.00563,0.051,0.00696,0.00503,29.61,0.476,-1.127,134,0.1302,0.0988,9.7333,-0.00626,0.00013,-0.00053,0.0,0.0,0,0,0,0
57.521,0.00538,0.00622,-0.193,0.00823,0.00505,29.61,0.0,0.0,0.0,0.0,0.0,20.01,0.0,0.0,0.214,0.0,0.0,200.06,0.00415,0.00574,0.068,0.00708,0.00503,29.61,0.46,-1.099,134,0.228,0.0979,9.7118,-0.00233,-0.00213,0.00433,0.0,0.0,0,0,0,0
57.77,0.00545,0.00631,-0.196,0.00834,0.00505,29.61,0.0,0.0,0.0,0.0,0.0,20.01,0.0,0.0,0.213,0.0,0.0,200.06,0.00421,0.00583,0.067,0.00719,0.00503,29.61,0.505,-1.117,134,0.1661,0.141,9.71,-0.00047,-0.001,-0.00093,0.0,0.0,0,0,0,0
58.02,0.00533,0.00627,-0.196,0.00823,0.00505,29.61,0.0,0.0,0.0,0.0,0.0,20.01,0.0,0.0,0.22,0.0,0.0,200.06,0.00409,0.00578,0.069,0.00709,0.00503,29.61,0.507,-1.104,131,0.1392,0.1024,9.7908,7e-05,0.0006,0.00087,0.0,0.0,0,0,0,0
58.27,0.00533,0.00624,-0.199,0.0082,0.00505,29.6,0.0,0.0,0.0,0.0,0.0,20.0,0.0,0.0,0.227,0.0,0.0,200.03,0.00409,0.00575,0.076,0.00706,0.00503,29.6,0.513,-1.177,131,0.2289,0.1167,9.7513,-0.00573,-0.003,0.00553,0.0,0.0,0,0,0,0
58.52,0.00535,0.00623,-0.2,0.00821,0.00505,29.6,0.0,0.0,0.0,0.0,0.0,20.0,0.0,0.0,0.229,0.0,0.0,200.03,0.00411,0.00574,0.083,0.00706,0.00503,29.6,0.506,-1.137,131,0.2011,0.1176,9.7953,-0.00186,0.00166,-0.00213,0.0,0.0,0,0,0,0
58.77,0.00537,0.00627,-0.204,0.00825,0.00505,29.6,0.0,0.0,0.0,0.0,0.0,20.0,0.0,0.0,0.221,0.0,0.0,200.03,0.00413,0.00578,0.069,0.00711,0.00503,29.6,0.506,-1.11,131,0.2307,0.0952,9.7818,-0.00353,-0.00153,0.0018,0.0,0.0,0,0,0,0
59.02,0.00532,0.00608,-0.2,0.00808,0.00505,29.6,0.0,0.0,0.0,0.0,0.0,20.0,0.0,0.0,0.225,0.0,0.0,200.03,0.00408,0.0056,0.075,0.00693,0.00503,29.6,0.516,-1.091,130,0.1841,0.1266,9.7531,-0.0038,-0.00093,0.00206,0.0,0.0,0,0,0,0
59.27,0.00519,0.00615,-0.203,0.00805,0.00505,29.6,0.0,0.0,0.0,0.0,0.0,20.0,0.0,0.0,0.215,0.0,0.0,200.03,0.00395,0.00566,0.056,0.0069,0.00503,29.6,0.491,-1.151,130,0.2218,0.0602,9.8016,-0.00499,-0.0006,0.00373,0.0,0.0,0,0,0,0
59.52,0.00502,0.00603,-0.195,0.00785,0.00505,23.2,0.0,0.0,0.0,0.0,0.0,20.0,0.0,0.0,0.203,0.0,0.0,198.39,0.00378,0.00554,0.047,0.00671,0.00503,23.2,0.519,-1.124,130,0.2128,0.0709,9.7621,-0.00479,0.00067,0.00226,0.0,0.0,0,0,0,0
59.77,0.00521,0.00619,-0.204,0.00809,0.00505,23.2,0.0,0.0,0.0,0.0,0.0,20.0,0.0,0.0,0.21,0.0,0.0,198.39,0.00397,0.0057,0.05,0.00695,0.00503,23.2,0.529,-1.147,130,0.2406,0.0817,9.7692,-0.00353,-0.00153,-0.0024,0.0,0.0,0,0,0,0
60.02,0.00551,0.00638,-0.212,0.00842,0.00505,23.2,0.0,0.0,0.0,0.0,0.0,20.0,0.0,0.0,0.212,0.0,0.0,198.39,0.00427,0.00589,0.051,0.00727,0.00503,23.2,0.513,-1.173,127,0.1598,0.0943,9.6543,-0.00253,-0.00053,-0.00013,0.0,0.0,0,0,0,0
60.27,0.00561,0.00654,-0.221,0.00861,0.00505,23.2,0.0,0.0,0.0,0.0,0.0,20.0,0.0,0.0,0.216,0.0,0.0,198.39,0.00437,0.00605,0.049,0.00746,0.00503,23.2,0.529,-1.101,127,0.1912,0.0045,9.7495,-0.0012,0.00107,0.00606,0.0,0.0,0,0,0,0
60.521,0.00567,0.00661,-0.223,0.00871,0.00505,29.99,0.0,0.0,0.0,0.0,0.0,19.99,0.0,0.0,0.197,0.0,0.0,200.95,0.00443,0.00612,0.035,0.00756,0.00503,29.99,0.502,-1.085,127,0.1589,0.0799,9.7486,0.00033,0.0004,-0.0016,0.0,0.0,0,0,0,0
60.77,0.00571,0.00649,-0.218,0.00865,0.00505,29.99,0.0,0.0,0.0,0.0,0.0,19.99,0.0,0.0,0.185,0.0,0.0,200.95,0.00447,0.00601,0.017,0.00749,0.00503,29.99,0.491,-1.069,127,0.1715,0.0539,9.745,-0.00759,-0.00027,-0.00013,0.0,0.0,0,0,0,0
61.02,0.00572,0.00653,-0.22,0.00868,0.00505,29.99,0.0,0.0,0.0,0.0,0.0,19.99,0.0,0.0,0.179,0.0,0.0,200.95,0.00448,0.00605,0.006,0.00753,0.00503,29.99,0.488,-1.153,122,0.1966,0.1329,9.7701,-0.001,-0.00093,0.002,0.0,0.0,0,0,0,0
61.27,0.00575,0.00642,-0.215,0.00862,0.00505,29.99,0.0,0.0,0.0,0.0,0.0,19.99,0.0,0.0,0.187,0.0,0.0,200.95,0.00451,0.00594,0.014,0.00746,0.00503,29.99,0.512,-1.126,122,0.1841,0.0844,9.6875,-0.00473,-0.00206,0.00366,0.0,0.0,0,0,0,0
61.52,0.00581,0.00665,-0.223,0.00883,0.00505,29.99,0.0,0.0,0.0,0.0,0.0,19.99,0.0,0.0,0.186,0.0,0.0,200.95,0.00457,0.00616,0.013,0.00767,0.00503,29.99,0.505,-1.179,122,0.2155,0.0916,9.7118,-0.00293,-0.00027,0.001,0.0,0.0,0,0,0,0
61.77,0.00595,0.00687,-0.232,0.00909,0.00505,30.41,0.0,0.0,0.0,0.0,0.0,20.01,0.0,0.0,0.179,0.0,0.0,200.89,0.00471,0.00638,0.006,0.00793,0.00503,30.41,0.5,-1.114,122,0.1885,0.1275,9.7288,-0.00433,-0.00033,-0.00679,0.0,0.0,0,0,0,0
62.02,0.00613,0.00703,-0.239,0.00933,0.00505,30.41,0.0,0.0,0.0,0.0,0.0,20.01,0.0,0.0,0.191,0.0,0.0,200.89,0.00489,0.00655,0.009,0.00817,0.00503,30.41,0.475,-1.112,120,0.1598,0.0817,9.7737,-0.0038,-0.00353,0.00193,0.0,0.0,0,0,0,0
62.27,0.00622,0.00701,-0.237,0.00937,0.00505,30.41,0.0,0.0,0.0,0.0,0.0,20.01,0.0,0.0,0.193,0.0,0.0,200.89,0.00498,0.00653,0.014,0.00821,0.00503,30.41,0.488,-1.146,120,0.2325,0.0628,9.6983,-0.001,-0.00153,-0.00033,0.0,0.0,0,0,0,0
62.52,0.00635,0.00711,-0.243,0.00954,0.00505,30.41,0.0,0.0,0.0,0.0,0.0,20.01,0.0,0.0,0.195,0.0,0.0,200.89,0.00511,0.00663,0.009,0.00837,0.00503,30.41,0.538,-1.132,120,0.2236,0.0907,9.7701,-0.0036,-0.0008,0.00273,0.0,0.0,0,0,0,0
62.77,0.00643,0.00714,-0.246,0.00962,0.00505,30.0,0.0,0.0,0.0,0.0,0.0,20.0,0.0,0.0,0.2,0.0,0.0,199.99,0.00519,0.00666,0.018,0.00845,0.00503,30.0,0.529,-1.153,120,0.1876,0.0889,9.7719,-0.00633,0.00093,-0.0008,0.0,0.0,0,0,0,0
63.02,0.00635,0.00692,-0.237,0.0094,0.00505,30.0,0.0,0.0,0.0,0.0,0.0,20.0,0.0,0.0,0.195,0.0,0.0,199.99,0.00511,0.00644,0.008,0.00822,0.00503,30.0,0.506,-1.171,117,0.2191,0.0808,9.7387,-0.00313,0.00087,0.00672,0.0,0.0,0,0,0,0
63.27,0.00632,0.00684,-0.236,0.00931,0.00505,30.0,0.0,0.0,0.0,0.0,0.0,20.0,0.0,0.0,0.202,0.0,0.0,199.99,0.00508,0.00636,0.015,0.00814,0.00503,30.0,0.515,-1.147,117,0.1517,0.123,9.7495,-0.001,-0.001,0.0,0.0,0.0,0,0,0,0
63.52,0.00653,0.00706,-0.243,0.00962,0.00505,30.0,0.0,0.0,0.0,0.0,0.0,20.0,0.0,0.0,0.214,0.0,0.0,199.99,0.00529,0.00658,0.028,0.00844,0.00503,30.0,0.471,-1.124,117,0.123,0.1239,9.7881,-0.00213,0.00127,0.00233,0.0,0.0,0,0,0,0
63.77,0.00654,0.0071,-0.242,0.00966,0.00505,30.0,0.0,0.0,0.0,0.0,0.0,18.0,0.0,0.0,0.216,0.0,0.0,201.0,0.0053,0.00662,0.024,0.00848,0.00503,30.0,0.5,-1.157,117,0.1679,0.132,9.7567,-0.00493,-0.0014,0.00553,0.0,0.0,0,0,0,0
64.02,0.0065,0.00709,-0.24,0.00962,0.00505,30.0,0.0,0.0,0.0,0.0,0.0,18.0,0.0,0.0,0.225,0.0,0.0,201.0,0.00526,0.00661,0.04,0.00845,0.00503,30.0,0.542,-1.15,114,0.2083,0.0835,9.7324,-0.0034,-7e-05,0.0012,0.0,0.0,0,0,0,0
64.271,0.0065,0.00712,-0.241,0.00964,0.00505,30.0,0.0,0.0,0.0,0.0,0.0,18.0,0.0,0.0,0.22,0.0,0.0,201.0,0.00525,0.00664,0.026,0.00847,0.00503,30.0,0.511,-1.133,114,0.1499,0.1293,9.7324,-0.00426,0.00033,-0.00053,0.0,0.0,0,0,0,0
64.521,0.00648,0.00707,-0.239,0.00959,0.00505,30.0,0.0,0.0,0.0,0.0,0.0,18.0,0.0,0.0,0.221,0.0,0.0,201.0,0.00524,0.00658,0.026,0.00841,0.00503,30.0,0.461,-1.133,114,0.2155,0.0934,9.6848,0.0008,-0.00213,0.00353,0.0,0.0,0,0,0,0
64.77,0.00657,0.00715,-0.245,0.00971,0.00505,30.0,0.0,0.0,0.0,0.0,0.0,18.0,0.0,0.0,0.209,0.0,0.0,201.0,0.00533,0.00667,0.013,0.00854,0.00503,30.0,0.49,-1.125,114,0.167,0.0763,9.7387,-0.0024,-0.00399,0.00146,0.0,0.0,0,0,0,0
65.021,0.00659,0.00725,-0.251,0.0098,0.00505,27.99,0.0,0.0,0.0,0.0,0.0,21.59,0.0,0.0,0.219,0.0,0.0,199.1,0.00535,0.00677,0.017,0.00863,0.00503,27.99,0.504,-1.117,113,0.2101,0.0557,9.7252,-0.00533,-0.00053,0.0,0.0,0.0,0,0,0,0
65.27,0.00665,0.00723,-0.246,0.00982,0.00505,27.99,0.0,0.0,0.0,0.0,0.0,21.59,0.0,0.0,0.202,0.0,0.0,199.1,0.0054,0.00675,0.002,0.00865,0.00503,27.99,0.559,-1.128,113,0.2469,0.0566,9.6848,-0.00453,-0.00166,-0.00047,0.0,0.0,0,0,0,0
65.52,0.0068,0.0073,-0.246,0.00998,0.00505,27.99,0.0,0.0,0.0,0.0,0.0,21.59,0.0,0.0,0.208,0.0,0.0,199.1,0.00556,0.00682,0.01,0.0088,0.00503,27.99,0.52,-1.11,113,0.1858,0.0602,9.8007,-0.0006,-0.001,-0.0012,0.0,0.0,0,0,0,0
65.77,0.00682,0.00713,-0.239,0.00986,0.01006,27.99,0.0,0.0,0.0,0.0,0.0,21.59,0.0,0.0,0.205,0.0,0.0,199.1,0.00557,0.00665,-0.002,0.00867,0.00503,27.99,0.512,-1.107,113,0.1356,0.0512,9.798,-0.00679,0.00073,0.00506,0.0,0.0,0,0,0,0
66.02,0.00681,0.0071,-0.238,0.00984,0.01006,27.99,0.0,0.0,0.0,0.0,0.0,21.59,0.0,0.0,0.19,0.0,0.0,199.1,0.00557,0.00662,-0.014,0.00865,0.00503,27.99,0.476,-1.101,111,0.1598,0.0853,9.719,-0.00206,0.0026,0.0018,0.0,0.0,0,0,0,0
66.27,0.00702,0.00723,-0.248,0.01007,0.01006,29.61,0.0,0.0,0.0,0.0,0.0,20.01,0.0,0.0,0.18,0.0,0.0,200.08,0.00577,0.00675,-0.028,0.00888,0.00503,29.61,0.506,-1.132,111,0.1526,0.0602,9.7091,-0.00326,-0.0034,-0.0016,0.0,0.0,0,0,0,0
66.52,0.00707,0.00726,-0.246,0.01013,0.01006,29.61,0.0,0.0,0.0,0.0,0.0,20.01,0.0,0.0,0.178,0.0,0.0,200.08,0.00582,0.00678,-0.029,0.00894,0.00503,29.61,0.536,-1.093,111,0.1948,0.0907,9.6983,-0.00326,-0.002,0.00633,0.0,0.0,0,0,0,0
66.77,0.00689,0.00714,-0.24,0.00992,0.01006,29.61,0.0,0.0,0.0,0.0,0.0,20.01,0.0,0.0,0.169,0.0,0.0,200.08,0.00565,0.00667,-0.042,0.00873,0.00503,29.61,0.503,-1.108,111,0.2271,0.0898,9.7746,-0.00553,0.00166,-0.001,0.0,0.0,0,0,0,0
67.02,0.00674,0.0069,-0.229,0.00965,0.01006,29.61,0.0,0.0,0.0,0.0,0.0,20.01,0.0,0.0,0.16,0.0,0.0,200.08,0.0055,0.00642,-0.051,0.00846,0.00503,29.61,0.51,-1.118,111,0.2209,0.0476,9.7055,-0.00506,-0.00206,0.00539,0.0,0.0,0,0,0,0
67.27,0.00669,0.00672,-0.221,0.00948,0.01006,29.61,0.0,0.0,0.0,0.0,0.0,20.01,0.0,0.0,0.163,0.0,0.0,200.08,0.00544,0.00624,-0.052,0.00828,0.00503,29.61,0.547,-1.093,111,0.1643,0.1068,9.7055,-0.00373,0.0012,0.0012,0.0,0.0,0,0,0,0
67.521,0.00675,0.00658,-0.217,0.00943,0.01006,28.77,0.0,0.0,0.0,0.0,0.0,19.98,0.0,0.0,0.167,0.0,0.0,199.82,0.00551,0.0061,-0.042,0.00822,0.00503,28.77,0.53,-1.098,111,0.1858,0.1059,9.7486,-0.00613,-0.00033,-0.00353,0.0,0.0,0,0,0,0
67.77,0.00669,0.0064,-0.212,0.00926,0.01006,28.77,0.0,0.0,0.0,0.0,0.0,19.98,0.0,0.0,0.148,0.0,0.0,199.82,0.00545,0.00592,-0.07,0.00805,0.00503,28.77,0.495,-1.096,111,0.1508,0.0727,9.7477,-0.00393,0.00013,0.00027,0.0,0.0,0,0,0,0
68.02,0.00672,0.00642,-0.215,0.0093,0.01006,28.77,0.0,0.0,0.0,0.0,0.0,19.98,0.0,0.0,0.16,0.0,0.0,199.82,0.00548,0.00594,-0.057,0.00808,0.00503,28.77,0.449,-1.123,108,0.2011,0.1239,9.7477,-0.00346,-0.00213,-0.00107,0.0,0.0,0,0,0,0
68.27,0.00669,0.00643,-0.219,0.00928,0.01006,28.77,0.0,0.0,0.0,0.0,0.0,19.98,0.0,0.0,0.154,0.0,0.0,199.82,0.00545,0.00595,-0.057,0.00807,0.00503,28.77,0.502,-1.132,108,0.193,0.0763,9.7315,-0.00313,0.00127,-7e-05,0.0,0.0,0,0,0,0
68.52,0.0068,0.00617,-0.21,0.00918,0.01006,28.77,0.0,0.0,0.0,0.0,0.0,19.98,0.0,0.0,0.155,0.0,0.0,199.82,0.00556,0.00569,-0.064,0.00795,0.00503,28.77,0.459,-1.106,108,0.1939,0.0925,9.8186,-0.0022,-0.00419,0.00399,0.0,0.0,0,0,0,0
68.771,0.00707,0.00642,-0.221,0.00955,0.01006,29.61,0.0,0.0,0.0,0.0,0.0,20.01,0.0,0.0,0.164,0.0,0.0,201.69,0.00583,0.00595,-0.059,0.00832,0.00503,29.61,0.518,-1.13,108,0.2074,0.1383,9.7324,-0.00386,0.0004,0.00419,0.0,0.0,0,0,0,0
69.021,0.00701,0.00607,-0.204,0.00927,0.01006,29.61,0.0,0.0,0.0,0.0,0.0,20.01,0.0,0.0,0.161,0.0,0.0,201.69,0.00577,0.00559,-0.063,0.00804,0.00503,29.61,0.551,-1.119,104,0.1894,0.0619,9.7136,-0.00453,-0.00047,0.00013,0.0,0.0,0,0,0,0
69.27,0.00681,0.00566,-0.181,0.00885,0.01006,29.61,0.0,0.0,0.0,0.0,0.0,20.01,0.0,0.0,0.15,0.0,0.0,201.69,0.00557,0.00518,-0.073,0.00761,0.00503,29.61,0.552,-1.169,104,0.2155,0.1095,9.7199,-0.00619,-0.0016,0.00186,0.0,0.0,0,0,0,0
69.521,0.00681,0.00566,-0.181,0.00885,0.01006,29.61,0.0,0.0,0.0,0.0,0.0,20.01,0.0,0.0,0.154,0.0,0.0,201.69,0.00557,0.00518,-0.066,0.00761,0.00503,29.61,0.529,-1.139,104,0.2271,0.1122,9.7333,-0.00599,-0.00166,-0.00573,0.0,0.0,0,0,0,0
69.77,0.00681,0.00566,-0.181,0.00885,0.01006,29.61,0.0,0.0,0.0,0.0,0.0,20.01,0.0,0.0,0.156,0.0,0.0,201.69,0.00557,0.00518,-0.069,0.00761,0.00503,29.61,0.491,-1.172,104,0.2209,0.0925,9.7504,-0.00113,-0.00146,0.00333,0.0,0.0,0,0,0,0
70.02,0.00681,0.00566,-0.181,0.00885,0.01006,29.62,0.0,0.0,0.0,0.0,0.0,20.01,0.0,0.0,0.162,0.0,0.0,200.11,0.00557,0.00518,-0.067,0.00761,0.00503,29.62,0.528,-1.138,160,0.2119,0.0359,9.7082,-0.00619,0.0004,0.00193,0.0,0.0,0,0,0,0
70.27,0.00681,0.00566,-0.181,0.00885,0.01006,29.62,0.0,0.0,0.0,0.0,0.0,20.01,0.0,0.0,0.167,0.0,0.0,200.11,0.00557,0.00518,-0.058,0.00761,0.00503,29.62,0.524,-1.123,160,0.1939,0.114,9.7288,-0.00686,-0.00493,-0.0018,0.0,0.0,0,0,0,0
70.52,0.00681,0.00566,-0.181,0.00885,0.01006,29.62,0.0,0.0,0.0,0.0,0.0,20.01,0.0,0.0,0.162,0.0,0.0,200.11,0.00557,0.00518,-0.06,0.00761,0.00503,29.62,0.465,-1.121,160,0.1966,0.0467,9.7944,-0.00593,0.00113,-0.00373,0.0,0.0,0,0,0,0
70.77,0.00681,0.00566,-0.181,0.00885,0.01006,29.62,0.0,0.0,0.0,0.0,0.0,20.01,0.0,0.0,0.159,0.0,0.0,200.11,0.00557,0.00518,-0.067,0.00761,0.00503,29.62,0.508,-1.108,160,0.1383,0.1006,9.7109,0.00153,-0.00253,-0.0002,0.0,0.0,0,0,0,0
71.021,0.00681,0.00566,-0.181,0.00885,0.01006,29.97,0.0,0.0,0.0,0.0,0.0,19.98,0.0,0.0,0.152,0.0,0.0,200.82,0.00557,0.00518,-0.074,0.00761,0.00503,29.97,0.485,-1.118,154,0.2074,0.0907,9.78,-0.00113,-0.00253,0.00726,0.0,0.0,0,0,0,0
71.27,0.00681,0.00566,-0.181,0.00885,0.01006,29.97,0.0,0.0,0.0,0.0,0.0,19.98,0.0,0.0,0.151,0.0,0.0,200.82,0.00557,0.00518,-0.078,0.00761,0.00503,29.97,0.514,-1.117,154,0.1832,0.1068,9.7809,-0.002,0.001,-0.00373,0.0,0.0,0,0,0,0
71.52,0.0069,0.0053,-0.163,0.0087,0.01006,29.97,0.0,0.0,0.0,0.0,0.0,19.98,0.0,0.0,0.134,0.0,0.0,200.82,0.00567,0.00482,-0.095,0.00744,0.00503,29.97,0.521,-1.13,154,0.1885,0.1068,9.78,-0.00539,-0.00093,0.00053,0.0,0.0,0,0,0,0
71.77,0.00691,0.00517,-0.16,0.00863,0.01006,29.97,0.0,0.0,0.0,0.0,0.0,19.98,0.0,0.0,0.146,0.0,0.0,200.82,0.00567,0.00469,-0.084,0.00736,0.00503,29.97,0.54,-1.14,154,0.0853,0.1311,9.7656,-0.0038,-0.00173,0.0004,0.0,0.0,0,0,0,0
72.02,0.00683,0.00502,-0.156,0.00848,0.01006,29.97,0.0,0.0,0.0,0.0,0.0,19.98,0.0,0.0,0.143,0.0,0.0,200.82,0.0056,0.00454,-0.09,0.00721,0.00503,29.97,0.546,-1.115,150,0.1805,0.1257,9.7145,-0.01132,-0.00306,-0.001,0.0,0.0,0,0,0,0
72.27,0.00682,0.0047,-0.141,0.00828,0.01006,29.62,0.0,0.0,0.0,0.0,0.0,20.01,0.0,0.0,0.119,0.0,0.0,199.34,0.00558,0.00422,-0.113,0.007,0.00503,29.62,0.511,-1.143,150,0.1858,0.105,9.7073,-0.00546,-0.0006,0.00306,0.0,0.0,0,0,0,0
72.521,0.00679,0.00467,-0.143,0.00824,0.01006,29.62,0.0,0.0,0.0,0.0,0.0,20.01,0.0,0.0,0.114,0.0,0.0,199.34,0.00555,0.00419,-0.12,0.00696,0.00503,29.62,0.517,-1.099,150,0.1634,0.0952,9.7118,-0.00406,-0.0012,0.0034,0.0,0.0,0,0,0,0
72.77,0.00689,0.00445,-0.131,0.0082,0.01006,29.62,0.0,0.0,0.0,0.0,0.0,20.01,0.0,0.0,0.109,0.0,0.0,199.34,0.00565,0.00397,-0.124,0.00691,0.00503,29.62,0.453,-1.112,150,0.1463,0.0961,9.7576,-0.00766,-0.0008,0.00293,0.0,0.0,0,0,0,0
73.021,0.00677,0.00435,-0.129,0.00805,0.01006,29.62,0.0,0.0,0.0,0.0,0.0,20.01,0.0,0.0,0.1,0.0,0.0,199.34,0.00553,0.00387,-0.131,0.00675,0.00503,29.62,0.456,-1.144,146,0.2209,0.0431,9.7226,-0.0034,-0.00293,-7e-05,0.0,0.0,0,0,0,0
73.27,0.00682,0.0044,-0.129,0.00811,0.01006,30.0,0.0,0.0,0.0,0.0,0.0,20.0,0.0,0.0,0.094,0.0,0.0,200.0,0.00558,0.00392,-0.139,0.00682,0.00503,30.0,0.502,-1.112,146,0.2334,0.1257,9.727,-0.00599,0.0006,0.00413,0.0,0.0,0,0,0,0
73.52,0.00699,0.00448,-0.133,0.00831,0.01006,30.0,0.0,0.0,0.0,0.0,0.0,20.0,0.0,0.0,0.107,0.0,0.0,200.0,0.00575,0.004,-0.125,0.00701,0.00503,30.0,0.487,-1.073,146,0.2128,0.0575,9.7558,-0.00233,-0.00107,0.00206,0.0,0.0,0,0,0,0
73.77,0.00706,0.00455,-0.142,0.0084,0.01006,30.0,0.0,0.0,0.0,0.0,0.0,20.0,0.0,0.0,0.109,0.0,0.0,200.0,0.00582,0.00407,-0.123,0.0071,0.00503,30.0,0.509,-1.12,146,0.2011,0.0602,9.7046,-0.00113,0.00253,-0.0002,0.0,0.0,0,0,0,0
74.021,0.00705,0.00464,-0.148,0.00844,0.01006,30.0,0.0,0.0,0.0,0.0,0.0,20.0,0.0,0.0,0.111,0.0,0.0,200.0,0.00582,0.00416,-0.123,0.00715,0.00503,30.0,0.47,-1.134,141,0.1733,0.1068,9.7387,-0.00333,-0.00133,0.002,0.0,0.0,0,0,0,0
74.27,0.00689,0.00459,-0.146,0.00828,0.01006,28.0,0.0,0.0,0.0,0.0,0.0,20.0,0.0,0.0,0.099,0.0,0.0,199.99,0.00565,0.00411,-0.135,0.00699,0.00503,28.0,0.494,-1.152,141,0.2029,0.0916,9.6875,-0.00246,-0.0018,0.00373,0.0,0.0,0,0,0,0
74.521,0.00684,0.00454,-0.142,0.00821,0.01006,28.0,0.0,0.0,0.0,0.0,0.0,20.0,0.0,0.0,0.109,0.0,0.0,199.99,0.0056,0.00406,-0.124,0.00692,0.00503,28.0,0.504,-1.122,141,0.1517,0.026,9.7199,-0.0034,0.00087,0.00206,0.0,0.0,0,0,0,0
74.77,0.00687,0.00433,-0.134,0.00812,0.01006,28.0,0.0,0.0,0.0,0.0,0.0,20.0,0.0,0.0,0.111,0.0,0.0,199.99,0.00564,0.00385,-0.123,0.00682,0.00503,28.0,0.492,-1.152,141,0.1921,0.1149,9.6992,-0.003,0.00153,0.00013,0.0,0.0,0,0,0,0
75.02,0.00693,0.00431,-0.128,0.00816,0.01006,28.0,0.0,0.0,0.0,0.0,0.0,20.0,0.0,0.0,0.115,0.0,0.0,199.99,0.0057,0.00383,-0.122,0.00687,0.00503,28.0,0.509,-1.077,137,0.2011,0.1203,9.7028,-0.0024,0.0006,-0.00186,0.0,0.0,0,0,0,0
75.27,0.00701,0.00441,-0.13,0.00829,0.01006,28.0,0.0,0.0,0.0,0.0,0.0,20.0,0.0,0.0,0.129,0.0,0.0,199.99,0.00578,0.00393,-0.106,0.00699,0.00503,28.0,0.501,-1.117,137,0.228,0.0817,9.6741,-0.00226,-0.00419,0.00393,0.0,0.0,0,0,0,0
75.521,0.00715,0.00434,-0.129,0.00837,0.01006,29.59,0.0,0.0,0.0,0.0,0.0,19.99,0.0,0.0,0.131,0.0,0.0,199.93,0.00592,0.00386,-0.1,0.00707,0.00503,29.59,0.543,-1.089,137,0.193,0.1203,9.754,-0.00273,0.00113,0.00499,0.0,0.0,0,0,0,0
75.77,0.00691,0.00427,-0.129,0.00812,0.01006,29.59,0.0,0.0,0.0,0.0,0.0,19.99,0.0,0.0,0.14,0.0,0.0,199.93,0.00567,0.00379,-0.095,0.00682,0.00503,29.59,0.531,-1.094,137,0.1625,0.1203,9.6732,-0.00406,0.00087,0.00166,0.0,0.0,0,0,0,0
76.02,0.00688,0.00407,-0.121,0.008,0.01006,29.59,0.0,0.0,0.0,0.0,0.0,19.99,0.0,0.0,0.144,0.0,0.0,199.93,0.00565,0.00359,-0.093,0.00669,0.00503,29.59,0.483,-1.152,135,0.1975,0.0575,9.7773,-0.00273,-0.0002,-0.00113,0.0,0.0,0,0,0,0
76.27,0.00687,0.004,-0.12,0.00795,0.01006,29.59,0.0,0.0,0.0,0.0,0.0,19.99,0.0,0.0,0.141,0.0,0.0,199.93,0.00564,0.00352,-0.094,0.00664,0.00503,29.59,0.494,-1.095,135,0.2074,0.1059,9.7351,-0.00613,0.00047,0.00506,0.0,0.0,0,0,0,0
76.52,0.00694,0.00422,-0.125,0.00812,0.01006,29.59,0.0,0.0,0.0,0.0,0.0,19.99,0.0,0.0,0.136,0.0,0.0,199.93,0.0057,0.00374,-0.096,0.00682,0.00503,29.59,0.486,-1.12,135,0.228,0.0745,9.6786,-0.00593,-0.00399,0.00113,0.0,0.0,0,0,0,0
76.771,0.00701,0.0041,-0.122,0.00812,0.01006,30.39,0.0,0.0,0.0,0.0,0.0,19.99,0.0,0.0,0.134,0.0,0.0,201.52,0.00578,0.00362,-0.101,0.00682,0.00503,30.39,0.508,-1.092,135,0.2191,0.0862,9.7306,-0.00533,-0.00067,-0.0012,0.0,0.0,0,0,0,0
77.02,0.00685,0.00389,-0.109,0.00788,0.01006,30.39,0.0,0.0,0.0,0.0,0.0,19.99,0.0,0.0,0.141,0.0,0.0,201.52,0.00561,0.00341,-0.099,0.00657,0.00503,30.39,0.485,-1.086,132,0.1778,0.0754,9.7208,-0.00613,0.00406,-0.00013,0.0,0.0,0,0,0,0
77.271,0.00681,0.004,-0.116,0.0079,0.01006,30.39,0.0,0.0,0.0,0.0,0.0,19.99,0.0,0.0,0.138,0.0,0.0,201.52,0.00557,0.00352,-0.096,0.00659,0.00503,30.39,0.565,-1.052,132,0.2047,0.1068,9.736,-0.00353,0.00133,0.001,0.0,0.0,0,0,0,0
77.52,0.00689,0.00396,-0.114,0.00795,0.01006,30.39,0.0,0.0,0.0,0.0,0.0,19.99,0.0,0.0,0.146,0.0,0.0,201.52,0.00565,0.00349,-0.092,0.00664,0.00503,30.39,0.574,-1.097,132,0.1221,0.0835,9.7692,-0.00253,-0.00013,0.00413,0.0,0.0,0,0,0,0
77.77,0.0068,0.00384,-0.113,0.00781,0.01006,30.39,0.0,0.0,0.0,0.0,0.0,19.99,0.0,0.0,0.144,0.0,0.0,201.52,0.00556,0.00336,-0.092,0.0065,0.00503,30.39,0.536,-1.11,132,0.2541,0.0557,9.6911,-0.00473,0.0006,0.00213,0.0,0.0,0,0,0,0
78.02,0.00675,0.00392,-0.117,0.00781,0.01006,28.82,0.0,0.0,0.0,0.0,0.0,20.01,0.0,0.0,0.136,0.0,0.0,199.33,0.00551,0.00344,-0.097,0.0065,0.00503,28.82,0.541,-1.146,131,0.202,0.105,9.7935,-0.00486,-0.00173,0.00253,0.0,0.0,0,0,0,0
78.27,0.00688,0.0043,-0.132,0.00812,0.01006,28.82,0.0,0.0,0.0,0.0,0.0,20.01,0.0,0.0,0.138,0.0,0.0,199.33,0.00565,0.00382,-0.096,0.00682,0.00503,28.82,0.556,-1.141,131,0.2424,0.132,9.7378,-0.0032,0.00013,-0.00399,0.0,0.0,0,0,0,0
78.52,0.0069,0.00422,-0.126,0.00809,0.01006,28.82,0.0,0.0,0.0,0.0,0.0,20.01,0.0,0.0,0.129,0.0,0.0,199.33,0.00567,0.00374,-0.108,0.00679,0.00503,28.82,0.57,-1.103,131,0.1858,0.0943,9.745,-0.00393,-0.00519,0.00513,0.0,0.0,0,0,0,0
78.77,0.00682,0.00401,-0.122,0.00791,0.01006,28.82,0.0,0.0,0.0,0.0,0.0,20.01,0.0,0.0,0.125,0.0,0.0,199.33,0.00559,0.00353,-0.111,0.00661,0.00503,28.82,0.527,-1.151,131,0.2541,0.0359,9.7387,-0.00686,-0.001,0.00127,0.0,0.0,0,0,0,0
79.02,0.00694,0.00389,-0.116,0.00795,0.01006,28.82,0.0,0.0,0.0,0.0,0.0,20.01,0.0,0.0,0.138,0.0,0.0,199.33,0.0057,0.00341,-0.096,0.00664,0.00503,28.82,0.492,-1.128,123,0.1419,0.1293,9.7369,-0.00726,-0.00173,0.0008,0.0,0.0,0,0,0,0
79.27,0.00708,0.00397,-0.12,0.00811,0.01006,30.4,0.0,0.0,0.0,0.0,0.0,20.0,0.0,0.0,0.14,0.0,0.0,200.8,0.00584,0.00349,-0.096,0.0068,0.00503,30.4,0.52,-1.091,123,0.1535,0.1167,9.7665,-0.00712,-0.0018,0.0024,0.0,0.0,0,0,0,0
79.521,0.00716,0.00399,-0.12,0.0082,0.01006,30.4,0.0,0.0,0.0,0.0,0.0,20.0,0.0,0.0,0.163,0.0,0.0,200.8,0.00592,0.00351,-0.073,0.00689,0.00503,30.4,0.495,-1.133,123,0.1652,0.1257,9.7055,7e-05,0.00027,-0.0002,0.0,0.0,0,0,0,0
79.77,0.00711,0.00397,-0.122,0.00814,0.01006,30.4,0.0,0.0,0.0,0.0,0.0,20.0,0.0,0.0,0.166,0.0,0.0,200.8,0.00587,0.00349,-0.073,0.00683,0.00503,30.4,0.514,-1.096,123,0.1894,0.0548,9.7603,-0.00559,0.00226,0.00759,0.0,0.0,0,0,0,0
80.021,0.0072,0.00392,-0.121,0.0082,0.01006,30.4,0.0,0.0,0.0,0.0,0.0,20.0,0.0,0.0,0.174,0.0,0.0,200.8,0.00597,0.00344,-0.063,0.00689,0.00503,30.4,0.507,-1.12,117,0.185,0.035,9.7064,-0.00246,0.0,-0.00233,0.0,0.0,0,0,0,0
80.27,0.00718,0.00392,-0.121,0.00818,0.01006,30.4,0.0,0.0,0.0,0.0,0.0,20.0,0.0,0.0,0.164,0.0,0.0,200.8,0.00595,0.00344,-0.076,0.00687,0.00503,30.4,0.489,-1.092,117,0.1957,0.1113,9.7324,-0.00633,-0.00173,0.00266,0.0,0.0,0,0,0,0
80.521,0.00721,0.0039,-0.122,0.0082,0.01006,29.59,0.0,0.0,0.0,0.0,0.0,19.99,0.0,0.0,0.183,0.0,0.0,200.72,0.00597,0.00342,-0.057,0.00688,0.00503,29.59,0.509,-1.088,117,0.1823,0.0943,9.7522,-0.00579,-0.00107,0.00439,0.0,0.0,0,0,0,0
80.77,0.00705,0.00359,-0.109,0.00791,0.01006,29.59,0.0,0.0,0.0,0.0,0.0,19.99,0.0,0.0,0.172,0.0,0.0,200.72,0.00581,0.00311,-0.066,0.00659,0.00503,29.59,0.523,-1.08,117,0.2334,0.0386,9.7989,-0.0004,0.00087,0.00326,0.0,0.0,0,0,0,0
81.02,0.00716,0.00356,-0.107,0.008,0.01006,29.59,0.0,0.0,0.0,0.0,0.0,19.99,0.0,0.0,0.161,0.0,0.0,200.72,0.00592,0.00308,-0.08,0.00668,0.00503,29.59,0.476,-1.09,117,0.1598,0.1302,9.736,-0.0036,-0.0018,0.00133,0.0,0.0,0,0,0,0
81.27,0.00724,0.00322,-0.09,0.00792,0.01006,29.59,0.0,0.0,0.0,0.0,0.0,19.99,0.0,0.0,0.165,0.0,0.0,200.72,0.006,0.00274,-0.073,0.0066,0.00503,29.59,0.485,-1.156,117,0.1957,0.0979,9.745,-0.00453,-0.0004,-0.00113,0.0,0.0,0,0,0,0
81.521,0.00743,0.00329,-0.096,0.00813,0.01006,28.99,0.0,0.0,0.0,0.0,0.0,19.99,0.0,0.0,0.156,0.0,0.0,199.95,0.0062,0.00281,-0.082,0.0068,0.00503,28.99,0.487,-1.15,117,0.2361,0.0548,9.7701,-0.00699,0.00246,0.00413,0.0,0.0,0,0,0,0
81.77,0.00754,0.00319,-0.094,0.00819,0.01006,28.99,0.0,0.0,0.0,0.0,0.0,19.99,0.0,0.0,0.155,0.0,0.0,199.95,0.0063,0.00271,-0.084,0.00686,0.00503,28.99,0.54,-1.117,117,0.1823,0.0413,9.7513,-0.0038,0.0018,0.0022,0.0,0.0,0,0,0,0
82.02,0.00767,0.00343,-0.107,0.0084,0.01006,28.99,0.0,0.0,0.0,0.0,0.0,19.99,0.0,0.0,0.157,0.0,0.0,199.95,0.00643,0.00295,-0.081,0.00708,0.00503,28.99,0.507,-1.122,111,0.2352,0.0925,9.7226,-0.00699,7e-05,0.00479,0.0,0.0,0,0,0,0
82.271,0.00787,0.00351,-0.112,0.00862,0.01006,28.99,0.0,0.0,0.0,0.0,0.0,19.99,0.0,0.0,0.146,0.0,0.0,199.95,0.00664,0.00303,-0.094,0.0073,0.00503,28.99,0.573,-1.078,111,0.123,0.1445,9.7701,-0.00439,0.0,0.00366,0.0,0.0,0,0,0,0
82.521,0.00806,0.00359,-0.115,0.00883,0.01006,28.99,0.0,0.0,0.0,0.0,0.0,19.99,0.0,0.0,0.147,0.0,0.0,199.95,0.00683,0.00311,-0.092,0.0075,0.00503,28.99,0.53,-1.165,111,0.2649,0.0844,9.7468,-0.00786,0.00047,0.00473,0.0,0.0,0,0,0,0
82.77,0.00816,0.00343,-0.114,0.00885,0.01006,30.42,0.0,0.0,0.0,0.0,0.0,20.01,0.0,0.0,0.153,0.0,0.0,200.95,0.00692,0.00295,-0.088,0.00753,0.00503,30.42,0.491,-1.156,111,0.211,0.1239,9.7019,-0.00133,-0.00013,0.00293,0.0,0.0,0,0,0,0
83.02,0.00813,0.00341,-0.115,0.00881,0.01006,30.42,0.0,0.0,0.0,0.0,0.0,20.01,0.0,0.0,0.154,0.0,0.0,200.95,0.00689,0.00293,-0.088,0.00749,0.00503,30.42,0.537,-1.11,106,0.2164,0.123,9.7073,-0.00073,0.0022,0.00067,0.0,0.0,0,0,0,0
83.27,0.00844,0.00349,-0.127,0.00914,0.01006,30.42,0.0,0.0,0.0,0.0,0.0,20.01,0.0,0.0,0.131,0.0,0.0,200.95,0.0072,0.00301,-0.109,0.00781,0.01009,30.42,0.528,-1.163,106,0.2182,0.07,9.7477,-0.00925,0.00087,-0.00127,0.0,0.0,0,0,0,0
83.521,0.00863,0.00337,-0.124,0.00926,0.01006,30.42,0.0,0.0,0.0,0.0,0.0,20.01,0.0,0.0,0.139,0.0,0.0,200.95,0.00739,0.00289,-0.1,0.00793,0.01009,30.42,0.469,-1.137,106,0.2155,0.088,9.7504,-0.00486,-0.00127,0.0034,0.0,0.0,0,0,0,0
83.77,0.009,0.00362,-0.141,0.0097,0.01006,30.0,0.0,0.0,0.0,0.0,0.0,20.0,0.0,0.0,0.136,0.0,0.0,199.98,0.00776,0.00314,-0.104,0.00837,0.01009,30.0,0.52,-1.12,106,0.1912,0.1311,9.7773,-0.00373,-0.00479,0.0002,0.0,0.0,0,0,0,0
84.02,0.00907,0.0035,-0.139,0.00972,0.01006,30.0,0.0,0.0,0.0,0.0,0.0,20.0,0.0,0.0,0.122,0.0,0.0,199.98,0.00783,0.00302,-0.119,0.0084,0.01009,30.0,0.548,-1.091,103,0.1607,0.1643,9.7719,-0.00459,0.0012,0.00573,0.0,0.0,0,0,0,0
84.27,0.00939,0.00342,-0.137,0.00999,0.01006,30.0,0.0,0.0,0.0,0.0,0.0,20.0,0.0,0.0,0.125,0.0,0.0,199.98,0.00815,0.00294,-0.117,0.00867,0.01009,30.0,0.518,-1.132,103,0.1805,0.1428,9.7468,-0.00393,-0.00073,0.00772,0.0,0.0,0,0,0,0
84.521,0.00951,0.00323,-0.133,0.01004,0.01006,30.0,0.0,0.0,0.0,0.0,0.0,20.0,0.0,0.0,0.137,0.0,0.0,199.98,0.00827,0.00275,-0.101,0.00872,0.01009,30.0,0.495,-1.139,103,0.1984,0.0781,9.7477,-0.00313,0.0012,-0.00173,0.0,0.0,0,0,0,0
84.77,0.0095,0.00328,-0.133,0.01005,0.01006,30.0,0.0,0.0,0.0,0.0,0.0,20.0,0.0,0.0,0.143,0.0,0.0,199.98,0.00827,0.0028,-0.098,0.00873,0.01009,30.0,0.524,-1.151,103,0.2164,0.0691,9.6866,-0.00166,-7e-05,-7e-05,0.0,0.0,0,0,0,0
85.02,0.00959,0.00318,-0.13,0.01011,0.01507,29.6,0.0,0.0,0.0,0.0,0.0,20.0,0.0,0.0,0.153,0.0,0.0,200.0,0.00836,0.0027,-0.088,0.00878,0.01009,29.6,0.558,-1.135,96,0.1742,0.1365,9.7513,-0.0036,-0.00273,0.00193,0.0,0.0,0,0,0,0
85.271,0.00963,0.00308,-0.118,0.01012,0.01507,29.6,0.0,0.0,0.0,0.0,0.0,20.0,0.0,0.0,0.16,0.0,0.0,200.0,0.0084,0.0026,-0.082,0.00879,0.01009,29.6,0.513,-1.111,96,0.1437,0.1374,9.7342,-0.00593,-0.00013,0.0028,0.0,0.0,0,0,0,0
85.52,0.00963,0.00308,-0.118,0.01012,0.01507,29.6,0.0,0.0,0.0,0.0,0.0,20.0,0.0,0.0,0.168,0.0,0.0,200.0,0.0084,0.00261,-0.075,0.00879,0.01009,29.6,0.496,-1.146,96,0.2586,0.1212,9.7486,-0.0026,-0.00107,-0.00173,0.0,0.0,0,0,0,0
85.77,0.00963,0.00308,-0.118,0.01012,0.01507,29.6,0.0,0.0,0.0,0.0,0.0,20.0,0.0,0.0,0.15,0.0,0.0,200.0,0.0084,0.00261,-0.093,0.00879,0.01009,29.6,0.556,-1.134,96,0.1733,0.1068,9.7953,-0.002,-0.001,0.00386,0.0,0.0,0,0,0,0
86.02,0.00963,0.00308,-0.118,0.01012,0.01507,29.6,0.0,0.0,0.0,0.0,0.0,20.0,0.0,0.0,0.148,0.0,0.0,200.0,0.0084,0.00261,-0.092,0.00879,0.01009,29.6,0.537,-1.119,160,0.1445,0.1454,9.7872,-0.00526,-0.00353,-0.00193,0.0,0.0,0,0,0,0
86.27,0.00963,0.00308,-0.118,0.01012,0.01507,30.4,0.0,0.0,0.0,0.0,0.0,20.0,0.0,0.0,0.15,0.0,0.0,200.81,0.0084,0.00261,-0.093,0.00879,0.01009,30.4,0.497,-1.194,160,0.2011,0.0072,9.7109,-0.00346,7e-05,-0.00113,0.0,0.0,0,0,0,0
86.52,0.00963,0.00308,-0.118,0.01012,0.01507,30.4,0.0,0.0,0.0,0.0,0.0,20.0,0.0,0.0,0.139,0.0,0.0,200.81,0.0084,0.00261,-0.105,0.00879,0.01009,30.4,0.49,-1.152,160,0.1805,0.1059,9.666,-0.00459,-0.00473,0.00553,0.0,0.0,0,0,0,0
86.77,0.00963,0.00308,-0.118,0.01012,0.01507,30.4,0.0,0.0,0.0,0.0,0.0,20.0,0.0,0.0,0.143,0.0,0.0,200.81,0.0084,0.00261,-0.101,0.00879,0.01009,30.4,0.5,-1.107,160,0.1733,0.0952,9.7665,-0.00246,-7e-05,0.00413,0.0,0.0,0,0,0,0
87.021,0.00963,0.00308,-0.118,0.01012,0.01507,30.4,0.0,0.0,0.0,0.0,0.0,20.0,0.0,0.0,0.142,0.0,0.0,200.81,0.0084,0.00261,-0.102,0.00879,0.01009,30.4,0.499,-1.101,153,0.158,0.1024,9.7674,-0.0026,-0.0008,-0.00053,0.0,0.0,0,0,0,0
87.27,0.00963,0.00308,-0.119,0.01012,0.01507,30.0,0.0,0.0,0.0,0.0,0.0,20.0,0.0,0.0,0.145,0.0,0.0,200.0,0.0084,0.00261,-0.099,0.00879,0.01009,30.0,0.444,-1.117,153,0.2218,0.1077,9.7109,-0.0038,0.00173,0.00526,0.0,0.0,0,0,0,0
87.52,0.00963,0.00308,-0.119,0.01012,0.01507,30.0,0.0,0.0,0.0,0.0,0.0,20.0,0.0,0.0,0.138,0.0,0.0,200.0,0.0084,0.00261,-0.106,0.00879,0.01009,30.0,0.526,-1.119,153,0.1589,0.0889,9.7558,-0.00506,-0.0008,0.00186,0.0,0.0,0,0,0,0
87.77,0.00963,0.00308,-0.119,0.01012,0.01507,30.0,0.0,0.0,0.0,0.0,0.0,20.0,0.0,0.0,0.124,0.0,0.0,200.0,0.0084,0.00261,-0.12,0.00879,0.01009,30.0,0.524,-1.137,153,0.2137,0.0718,9.727,-0.0022,-0.0032,0.001,0.0,0.0,0,0,0,0
88.02,0.00963,0.00308,-0.119,0.01012,0.01507,30.0,0.0,0.0,0.0,0.0,0.0,20.0,0.0,0.0,0.124,0.0,0.0,200.0,0.0084,0.00261,-0.121,0.00879,0.01009,30.0,0.505,-1.109,146,0.1374,0.1068,9.7235,-0.00313,-0.00073,0.0036,0.0,0.0,0,0,0,0
88.27,0.00963,0.00308,-0.119,0.01012,0.01507,30.0,0.0,0.0,0.0,0.0,0.0,20.0,0.0,0.0,0.118,0.0,0.0,200.97,0.0084,0.00261,-0.123,0.00879,0.01009,30.0,0.518,-1.159,146,0.1787,0.1113,9.7585,-0.00306,-0.0016,-0.0024,0.0,0.0,0,0,0,0
88.521,0.00963,0.00308,-0.119,0.01012,0.01507,30.0,0.0,0.0,0.0,0.0,0.0,20.0,0.0,0.0,0.119,0.0,0.0,200.97,0.0084,0.00261,-0.125,0.00879,0.01009,30.0,0.497,-1.136,146,0.2191,0.0655,9.7405,0.00067,-0.00073,0.00226,0.0,0.0,0,0,0,0
88.77,0.00963,0.00308,-0.119,0.01012,0.01507,30.0,0.0,0.0,0.0,0.0,0.0,20.0,0.0,0.0,0.115,0.0,0.0,200.97,0.0084,0.00261,-0.128,0.00879,0.01009,30.0,0.525,-1.111,146,0.1751,0.1347,9.692,-0.0024,0.00153,0.00253,0.0,0.0,0,0,0,0
89.02,0.00963,0.00308,-0.119,0.01012,0.01507,30.0,0.0,0.0,0.0,0.0,0.0,20.0,0.0,0.0,0.131,0.0,0.0,200.97,0.0084,0.00261,-0.116,0.00879,0.01009,30.0,0.509,-1.124,140,0.1867,0.097,9.7369,0.0,-0.00213,0.00593,0.0,0.0,0,0,0,0
89.27,0.00963,0.00308,-0.119,0.01012,0.01507,30.0,0.0,0.0,0.0,0.0,0.0,20.0,0.0,0.0,0.131,0.0,0.0,200.97,0.0084,0.00261,-0.113,0.00879,0.01009,30.0,0.545,-1.063,140,0.1517,0.0727,9.6911,-0.0024,0.0012,0.00419,0.0,0.0,0,0,0,0
89.521,0.00963,0.00308,-0.119,0.01012,0.01507,28.79,0.0,0.0,0.0,0.0,0.0,19.19,0.0,0.0,0.137,0.0,0.0,199.93,0.0084,0.00261,-0.108,0.00879,0.01009,28.79,0.513,-1.072,140,0.1948,0.0485,9.7603,-0.00413,-0.0024,0.00373,0.0,0.0,0,0,0,0
89.77,0.00963,0.00308,-0.119,0.01012,0.01507,28.79,0.0,0.0,0.0,0.0,0.0,19.19,0.0,0.0,0.143,0.0,0.0,199.93,0.0084,0.00261,-0.101,0.00879,0.01009,28.79,0.483,-1.113,140,0.1912,0.0718,9.745,-0.00726,-0.00073,0.00439,0.0,0.0,0,0,0,0
90.021,0.00966,0.00314,-0.122,0.01015,0.01507,28.79,0.0,0.0,0.0,0.0,0.0,19.19,0.0,0.0,0.13,0.0,0.0,199.93,0.00842,0.00266,-0.109,0.00883,0.01009,28.79,0.482,-1.108,139,0.1697,0.1086,9.7217,-0.00493,-0.00033,0.00626,0.0,0.0,0,0,0,0
90.272,0.00966,0.00314,-0.122,0.01015,0.01507,28.79,0.0,0.0,0.0,0.0,0.0,19.19,0.0,0.0,0.132,0.0,0.0,199.93,0.00842,0.00266,-0.112,0.00883,0.01009,28.79,0.461,-1.099,139,0.1823,0.0862,9.7181,-0.00732,-0.0006,-0.00173,0.0,0.0,0,0,0,0
90.52,0.00972,0.00307,-0.121,0.0102,0.01507,28.79,0.0,0.0,0.0,0.0,0.0,19.19,0.0,0.0,0.14,0.0,0.0,199.93,0.00849,0.00259,-0.104,0.00887,0.01009,28.79,0.523,-1.092,139,0.1329,0.1059,9.7154,-0.00253,-0.00226,0.00699,0.0,0.0,0,0,0,0
90.77,0.00972,0.00299,-0.119,0.01017,0.01507,30.41,0.0,0.0,0.0,0.0,0.0,20.81,0.0,0.0,0.118,0.0,0.0,200.89,0.00848,0.00251,-0.127,0.00885,0.01009,30.41,0.454,-1.16,139,0.202,0.0817,9.7261,-0.0014,0.00027,0.00366,0.0,0.0,0,0,0,0
91.02,0.00956,0.00294,-0.12,0.01,0.01507,30.41,0.0,0.0,0.0,0.0,0.0,20.81,0.0,0.0,0.117,0.0,0.0,200.89,0.00832,0.00246,-0.128,0.00868,0.01009,30.41,0.501,-1.128,136,0.2271,0.0727,9.7136,-0.00406,0.00133,0.00446,0.0,0.0,0,0,0,0
91.27,0.00964,0.00307,-0.125,0.01012,0.01507,30.41,0.0,0.0,0.0,0.0,0.0,20.81,0.0,0.0,0.122,0.0,0.0,200.89,0.0084,0.00259,-0.123,0.00879,0.01009,30.41,0.506,-1.102,136,0.1894,0.079,9.7001,-0.003,-0.0022,0.00373,0.0,0.0,0,0,0,0
91.52,0.00965,0.00315,-0.129,0.01015,0.01507,30.41,0.0,0.0,0.0,0.0,0.0,20.81,0.0,0.0,0.114,0.0,0.0,200.89,0.00841,0.00267,-0.126,0.00883,0.01009,30.41,0.474,-1.128,136,0.1742,0.0943,9.7199,-0.00346,-0.00113,0.00393,0.0,0.0,0,0,0,0
91.77,0.00965,0.00308,-0.126,0.01012,0.01507,30.41,0.0,0.0,0.0,0.0,0.0,20.81,0.0,0.0,0.109,0.0,0.0,200.89,0.00841,0.0026,-0.134,0.0088,0.01009,30.41,0.501,-1.075,136,0.1508,0.1086,9.7827,-0.00353,-0.0038,0.00186,0.0,0.0,0,0,0,0
92.02,0.00965,0.00308,-0.126,0.01012,0.01507,29.6,0.0,0.0,0.0,0.0,0.0,20.0,0.0,0.0,0.113,0.0,0.0,199.97,0.00841,0.0026,-0.131,0.0088,0.01009,29.6,0.482,-1.147,131,0.2074,0.1535,9.7432,-0.00067,-0.00313,0.00386,0.0,0.0,0,0,0,0
92.27,0.00954,0.00295,-0.123,0.00999,0.01507,29.6,0.0,0.0,0.0,0.0,0.0,20.0,0.0,0.0,0.105,0.0,0.0,199.97,0.0083,0.00247,-0.139,0.00866,0.01009,29.6,0.505,-1.137,131,0.1957,0.0943,9.7585,-0.00446,0.00107,0.00326,0.0,0.0,0,0,0,0
92.52,0.0094,0.00276,-0.117,0.00979,0.01507,29.6,0.0,0.0,0.0,0.0,0.0,20.0,0.0,0.0,0.101,0.0,0.0,199.97,0.00816,0.00228,-0.143,0.00847,0.01009,29.6,0.456,-1.134,131,0.1939,0.1059,9.7109,-0.00546,-0.00186,0.0,0.0,0.0,0,0,0,0
92.771,0.00923,0.00251,-0.109,0.00956,0.01507,29.6,0.0,0.0,0.0,0.0,0.0,20.0,0.0,0.0,0.112,0.0,0.0,199.97,0.00799,0.00203,-0.129,0.00824,0.01009,29.6,0.486,-1.131,131,0.2218,0.1068,9.7019,-0.00186,0.00033,0.00173,0.0,0.0,0,0,0,0
93.021,0.00922,0.00249,-0.111,0.00956,0.01507,28.99,0.0,0.0,0.0,0.0,0.0,19.99,0.0,0.0,0.111,0.0,0.0,199.94,0.00799,0.00202,-0.131,0.00824,0.01009,28.99,0.522,-1.08,128,0.167,0.1015,9.7477,-0.00606,0.00093,-0.00386,0.0,0.0,0,0,0,0
93.27,0.00919,0.00253,-0.11,0.00953,0.01507,28.99,0.0,0.0,0.0,0.0,0.0,19.99,0.0,0.0,0.099,0.0,0.0,199.94,0.00795,0.00205,-0.143,0.00821,0.01009,28.99,0.518,-1.122,128,0.2684,0.0781,9.7836,-0.00233,0.0006,0.00093,0.0,0.0,0,0,0,0
93.52,0.00911,0.0025,-0.105,0.00944,0.01507,28.99,0.0,0.0,0.0,0.0,0.0,19.99,0.0,0.0,0.097,0.0,0.0,199.94,0.00787,0.00202,-0.147,0.00813,0.01009,28.99,0.497,-1.099,128,0.1293,0.1149,9.7217,-0.00153,-0.00133,-0.0018,0.0,0.0,0,0,0,0
93.77,0.00893,0.00229,-0.097,0.00922,0.01507,28.99,0.0,0.0,0.0,0.0,0.0,19.99,0.0,0.0,0.107,0.0,0.0,199.94,0.00769,0.00181,-0.137,0.0079,0.01009,28.99,0.539,-1.162,128,0.2182,0.0916,9.7791,-0.00213,0.0002,0.00466,0.0,0.0,0,0,0,0
94.02,0.00887,0.00244,-0.105,0.0092,0.01507,28.99,0.0,0.0,0.0,0.0,0.0,19.99,0.0,0.0,0.105,0.0,0.0,199.94,0.00763,0.00197,-0.135,0.00788,0.01009,28.99,0.535,-1.125,125,0.1894,0.132,9.7046,-0.00206,0.0014,0.00146,0.0,0.0,0,0,0,0
94.27,0.00894,0.00242,-0.106,0.00926,0.01507,30.41,0.0,0.0,0.0,0.0,0.0,20.01,0.0,0.0,0.111,0.0,0.0,200.88,0.0077,0.00194,-0.13,0.00794,0.01009,30.41,0.512,-1.136,125,0.2227,0.141,9.7459,-0.00493,-0.00486,-0.00153,0.0,0.0,0,0,0,0
94.521,0.00886,0.00233,-0.103,0.00916,0.01507,30.41,0.0,0.0,0.0,0.0,0.0,20.01,0.0,0.0,0.114,0.0,0.0,200.88,0.00762,0.00185,-0.127,0.00785,0.01009,30.41,0.492,-1.133,125,0.1823,0.1203,9.7351,-0.00127,-7e-05,0.00093,0.0,0.0,0,0,0,0
94.77,0.00886,0.00233,-0.1,0.00916,0.01507,30.41,0.0,0.0,0.0,0.0,0.0,20.01,0.0,0.0,0.099,0.0,0.0,200.88,0.00762,0.00186,-0.14,0.00785,0.01009,30.41,0.543,-1.103,125,0.1616,0.0925,9.7728,-0.00453,0.00226,0.00166,0.0,0.0,0,0,0,0
95.02,0.00868,0.00222,-0.1,0.00896,0.01507,30.41,0.0,0.0,0.0,0.0,0.0,20.01,0.0,0.0,0.101,0.0,0.0,200.88,0.00744,0.00174,-0.139,0.00764,0.01009,30.41,0.504,-1.075,119,0.1921,0.0619,9.754,0.00087,0.00346,-0.00306,0.0,0.0,0,0,0,0
95.27,0.0087,0.00213,-0.098,0.00896,0.01507,30.0,0.0,0.0,0.0,0.0,0.0,20.0,0.0,0.0,0.101,0.0,0.0,199.98,0.00746,0.00166,-0.139,0.00764,0.01009,30.0,0.52,-1.091,119,0.202,0.0736,9.7899,-0.00113,0.00253,-0.00013,0.0,0.0,0,0,0,0
95.52,0.00881,0.00221,-0.102,0.00908,0.01507,30.0,0.0,0.0,0.0,0.0,0.0,20.0,0.0,0.0,0.101,0.0,0.0,199.98,0.00757,0.00173,-0.139,0.00777,0.01009,30.0,0.506,-1.066,119,0.211,0.07,9.736,-0.00506,-0.00127,0.00107,0.0,0.0,0,0,0,0
95.77,0.00875,0.00206,-0.097,0.00899,0.01507,30.0,0.0,0.0,0.0,0.0,0.0,20.0,0.0,0.0,0.108,0.0,0.0,199.98,0.00751,0.00158,-0.134,0.00768,0.01009,30.0,0.539,-1.145,119,0.2191,0.0512,9.7244,-0.00546,0.00166,0.00726,0.0,0.0,0,0,0,0
96.02,0.00869,0.00219,-0.1,0.00896,0.01507,30.0,0.0,0.0,0.0,0.0,0.0,20.0,0.0,0.0,0.116,0.0,0.0,199.98,0.00745,0.00171,-0.122,0.00764,0.01009,30.0,0.547,-1.143,115,0.2137,0.1266,9.7656,-0.00333,-7e-05,0.00593,0.0,0.0,0,0,0,0
96.27,0.00877,0.00223,-0.104,0.00905,0.01507,30.0,0.0,0.0,0.0,0.0,0.0,20.0,0.0,0.0,0.113,0.0,0.0,199.98,0.00753,0.00175,-0.128,0.00773,0.01009,30.0,0.535,-1.174,115,0.237,0.0889,9.7064,-0.00386,-0.00326,0.00593,0.0,0.0,0,0,0,0
96.521,0.00887,0.00211,-0.099,0.00912,0.01507,29.58,0.0,0.0,0.0,0.0,0.0,19.99,0.0,0.0,0.126,0.0,0.0,199.89,0.00763,0.00163,-0.114,0.0078,0.01009,29.58,0.517,-1.097,115,0.1975,0.1239,9.7423,-0.00333,0.00286,0.0034,0.0,0.0,0,0,0,0
96.77,0.00905,0.00216,-0.098,0.00931,0.01507,29.58,0.0,0.0,0.0,0.0,0.0,19.99,0.0,0.0,0.14,0.0,0.0,199.89,0.00782,0.00168,-0.099,0.00799,0.01009,29.58,0.489,-1.118,115,0.1437,0.1077,9.7908,-0.00166,0.00399,0.00107,0.0,0.0,0,0,0,0
97.02,0.00924,0.00239,-0.105,0.00954,0.01507,29.58,0.0,0.0,0.0,0.0,0.0,19.99,0.0,0.0,0.132,0.0,0.0,199.89,0.008,0.00192,-0.107,0.00823,0.01009,29.58,0.53,-1.106,113,0.2352,0.0709,9.7459,-0.00559,-0.00193,0.00493,0.0,0.0,0,0,0,0
97.27,0.00929,0.00247,-0.107,0.00962,0.01507,29.58,0.0,0.0,0.0,0.0,0.0,19.99,0.0,0.0,0.134,0.0,0.0,199.89,0.00806,0.00199,-0.107,0.0083,0.01009,29.58,0.538,-1.099,113,0.2209,0.0413,9.7261,-0.00226,0.0022,0.00386,0.0,0.0,0,0,0,0
97.52,0.00909,0.00236,-0.106,0.00939,0.01507,29.58,0.0,0.0,0.0,0.0,0.0,19.99,0.0,0.0,0.134,0.0,0.0,199.89,0.00785,0.00188,-0.104,0.00807,0.01009,29.58,0.523,-1.115,113,0.2388,0.1015,9.6902,-0.00033,0.00186,0.00399,0.0,0.0,0,0,0,0
97.77,0.00916,0.00266,-0.122,0.00954,0.01507,30.42,0.0,0.0,0.0,0.0,0.0,20.01,0.0,0.0,0.121,0.0,0.0,200.92,0.00792,0.00218,-0.119,0.00821,0.01009,30.42,0.553,-1.131,113,0.1867,0.088,9.7558,-0.00353,0.00093,0.00113,0.0,0.0,0,0,0,0
98.02,0.0093,0.00265,-0.118,0.00967,0.01507,30.42,0.0,0.0,0.0,0.0,0.0,20.01,0.0,0.0,0.111,0.0,0.0,200.92,0.00806,0.00218,-0.125,0.00835,0.01009,30.42,0.517,-1.204,110,0.2352,0.0673,9.7181,-0.00779,0.00013,0.00613,0.0,0.0,0,0,0,0
98.27,0.00945,0.00288,-0.126,0.00987,0.01507,30.42,0.0,0.0,0.0,0.0,0.0,20.01,0.0,0.0,0.087,0.0,0.0,200.92,0.00821,0.0024,-0.152,0.00855,0.01009,30.42,0.517,-1.155,110,0.1885,0.0781,9.7558,-0.00326,0.00067,0.00127,0.0,0.0,0,0,0,0
98.521,0.00964,0.00301,-0.128,0.01009,0.01507,30.42,0.0,0.0,0.0,0.0,0.0,20.01,0.0,0.0,0.09,0.0,0.0,200.92,0.0084,0.00253,-0.151,0.00877,0.01009,30.42,0.486,-1.082,110,0.1598,0.1374,9.7522,-0.00439,-0.00153,0.00226,0.0,0.0,0,0,0,0
98.77,0.0097,0.00298,-0.125,0.01014,0.01507,30.42,0.0,0.0,0.0,0.0,0.0,20.01,0.0,0.0,0.083,0.0,0.0,200.92,0.00846,0.0025,-0.157,0.00882,0.01009,30.42,0.509,-1.128,110,0.2182,0.0584,9.7333,-0.0038,-0.00107,0.0016,0.0,0.0,0,0,0,0
99.021,0.00976,0.00311,-0.127,0.01025,0.01507,29.58,0.0,0.0,0.0,0.0,0.0,19.99,0.0,0.0,0.084,0.0,0.0,199.88,0.00853,0.00263,-0.149,0.00892,0.01009,29.58,0.489,-1.117,108,0.2065,0.1059,9.7459,0.00073,0.00186,0.00266,0.0,0.0,0,0,0,0
99.27,0.00984,0.00342,-0.142,0.01041,0.01507,29.58,0.0,0.0,0.0,0.0,0.0,19.99,0.0,0.0,0.083,0.0,0.0,199.88,0.0086,0.00294,-0.154,0.00909,0.01009,29.58,0.517,-1.145,108,0.1912,0.1275,9.7656,-0.00346,0.00992,-0.00433,0.0,0.0,0,0,0,0
99.521,0.02158,0.00277,-0.112,0.02176,0.02707,29.58,0.01652,-4e-05,-0.199,0.01652,0.01652,19.99,0.0,0.0,0.074,0.0,0.0,199.88,0.02035,0.00229,-0.178,0.02047,0.02342,29.58,0.509,0.413,108,-0.1858,0.0198,9.6247,-0.00093,-0.00852,0.00433,0.1091,-0.0378,114,117,112,111
99.77,0.05683,0.00236,-0.146,0.05688,0.06232,29.58,0.052,-0.00018,-0.232,0.052,0.05184,19.99,0.0,0.0,0.088,0.0,0.0,199.88,0.05559,0.00184,-0.15,0.05562,0.05867,29.58,0.569,-0.118,108,0.395,0.2263,10.0431,-0.0261,0.00107,0.0024,0.1648,0.0126,324,323,318,319
100.02,0.09517,0.00173,-0.116,0.09519,0.1007,29.58,0.09469,-0.00032,-0.145,0.09469,0.09469,19.99,0.0,0.0,0.091,0.0,0.0,199.88,0.09393,0.00119,-0.159,0.09394,0.09705,29.58,0.496,-0.742,149,0.3385,0.0718,9.7998,-0.00952,0.03482,0.01871,0.1712,0.0,583,580,576,580
100.27,0.14103,0.0013,-0.136,0.14103,0.14657,30.42,0.13835,-0.00037,-0.075,0.13836,0.13836,20.01,0.0,0.0,0.032,0.0,0.0,200.92,0.13978,0.0007,-0.204,0.13978,0.14291,30.42,0.493,-0.921,149,0.2271,0.0521,9.736,-0.0008,0.02064,-0.00526,0.1755,0.0,831,828,826,829
100.52,0.18254,0.00103,-0.228,0.18255,0.18809,30.42,0.1852,-0.00041,-0.018,0.1852,0.1852,20.01,0.0,0.0,-0.039,0.0,0.0,200.92,0.18129,0.00038,-0.272,0.18129,0.18443,30.42,0.447,-1.08,149,0.3618,-0.044,10.0709,-0.0012,-0.01898,0.01218,0.1862,0.0126,1109,1106,1100,1105
100.77,0.23033,-0.00025,-0.24,0.23033,0.2359,30.42,0.23015,-0.0004,-0.053,0.23015,0.23015,20.01,0.0,0.0,-0.093,0.0,0.0,200.92,0.22907,-0.00096,-0.325,0.22907,0.23223,30.42,0.457,-1.195,149,0.2613,-0.0619,9.7217,0.01791,0.0283,-0.0032,0.1819,-0.0126,1371,1367,1359,1366
101.02,0.2738,-0.00081,-0.267,0.27381,0.27939,30.42,0.27833,-0.00046,-0.053,0.27833,0.27833,20.01,0.0,0.0,-0.096,0.0,0.0,200.92,0.27253,-0.00157,-0.321,0.27254,0.27571,30.42,0.355,-1.164,156,0.4956,-0.0521,9.8096,0.0008,0.03003,0.01485,0.199,0.0126,1645,1637,1630,1637
101.27,0.31363,-0.00052,-0.334,0.31363,0.31773,28.0,0.31703,-0.00044,0.05,0.31703,0.31692,20.0,0.0,0.0,-0.119,0.0,0.0,200.99,0.31232,-0.00135,-0.353,0.31232,0.314,28.0,0.318,-3.777,156,0.457,0.1823,9.8474,-0.00719,0.0014,-0.00393,0.0193,-0.0126,1831,1823,1814,1821
101.52,0.31363,-0.00052,-0.334,0.31363,0.31773,28.0,0.31763,-0.00044,-0.004,0.31763,0.31692,20.0,0.0,0.0,-0.115,0.0,0.0,200.99,0.31232,-0.00135,-0.349,0.31232,0.314,28.0,0.413,-2.04,156,0.2325,0.0808,9.7064,-0.00366,-0.00686,0.00346,0.0,0.0,1831,1824,1815,1821
101.77,0.31363,-0.00052,-0.334,0.31363,0.31773,28.0,0.31763,-0.00044,-0.004,0.31763,0.31692,20.0,0.0,0.0,-0.12,0.0,0.0,200.99,0.31232,-0.00135,-0.356,0.31232,0.314,28.0,0.452,-1.46,156,0.2038,0.0889,9.7288,-0.00453,0.00013,0.00173,0.0,0.0,1831,1824,1815,1821
102.021,0.31363,-0.00052,-0.334,0.31363,0.31773,28.0,0.31763,-0.00044,-0.004,0.31763,0.31692,20.0,0.0,0.0,-0.115,0.0,0.0,200.99,0.31232,-0.00135,-0.352,0.31232,0.314,28.0,0.411,-1.266,150,0.1508,0.0835,9.7728,-0.00373,-0.00173,0.00426,0.0,0.0,1831,1824,1815,1821
102.27,0.31363,-0.00052,-0.334,0.31363,0.31773,29.0,0.31763,-0.00044,-0.004,0.31763,0.31692,20.0,0.0,0.0,-0.109,0.0,0.0,198.99,0.31232,-0.00135,-0.344,0.31232,0.314,29.0,0.416,-1.19,150,0.1975,0.0655,9.7154,-0.00253,0.0016,0.0038,0.0,0.0,1831,1824,1815,1821
102.52,0.31363,-0.00052,-0.334,0.31363,0.31773,29.0,0.31763,-0.00044,-0.004,0.31763,0.31692,20.0,0.0,0.0,-0.109,0.0,0.0,198.99,0.31232,-0.00135,-0.343,0.31232,0.314,29.0,0.405,-1.219,150,0.1984,0.123,9.7414,-0.00473,0.00067,0.0028,0.0,0.0,1831,1824,1815,1821
102.77,0.31363,-0.00052,-0.334,0.31363,0.31773,29.0,0.31763,-0.00044,-0.004,0.31763,0.31692,20.0,0.0,0.0,-0.096,0.0,0.0,198.99,0.31232,-0.00135,-0.331,0.31232,0.314,29.0,0.429,-1.19,150,0.2343,0.0799,9.7226,-0.00373,-0.00273,0.00333,0.0,0.0,1831,1824,1815,1821
103.02,0.31374,-0.00039,-0.346,0.31374,0.31773,29.0,0.31763,-0.00044,-0.004,0.31763,0.31692,20.0,0.0,0.0,-0.114,0.0,0.0,198.99,0.31242,-0.00122,-0.343,0.31243,0.314,29.0,0.406,-1.161,144,0.2316,0.0988,9.754,-0.00393,-0.00193,0.00413,0.0,0.0,1831,1824,1815,1821
103.271,0.31374,-0.00039,-0.346,0.31374,0.31773,29.97,0.31763,-0.00044,-0.004,0.31763,0.31692,19.98,0.0,0.0,-0.112,0.0,0.0,200.81,0.31242,-0.00122,-0.346,0.31243,0.314,29.97,0.432,-1.189,144,0.2496,0.0934,9.6992,-0.0032,-0.00067,0.0024,0.0,0.0,1831,1824,1815,1821
103.521,0.31383,-0.00024,-0.352,0.31383,0.31773,29.97,0.31763,-0.00044,-0.004,0.31763,0.31692,19.98,0.0,0.0,-0.11,0.0,0.0,200.81,0.31251,-0.00107,-0.346,0.31251,0.314,29.97,0.472,-1.146,144,0.1643,0.1032,9.7261,0.00047,-0.001,-0.002,0.0,0.0,1831,1824,1815,1821
103.77,0.31413,-0.0,-0.366,0.31413,0.31773,29.97,0.31763,-0.00044,-0.004,0.31763,0.31692,19.98,0.0,0.0,-0.105,0.0,0.0,200.81,0.31282,-0.00083,-0.341,0.31282,0.314,29.97,0.446,-1.188,144,0.2065,0.1356,9.7288,-0.00153,-0.00146,0.00506,0.0,0.0,1831,1824,1815,1821
104.021,0.31413,-0.0,-0.366,0.31413,0.31773,29.97,0.31763,-0.00044,-0.004,0.31763,0.31692,19.98,0.0,0.0,-0.115,0.0,0.0,200.81,0.31282,-0.00083,-0.355,0.31282,0.314,29.97,0.421,-1.166,139,0.1553,0.0907,9.7082,-0.00399,-0.00073,-0.0038,0.0,0.0,1831,1824,1815,1821
104.27,0.3142,-2e-05,-0.367,0.3142,0.31773,29.97,0.31763,-0.00044,-0.004,0.31763,0.31692,19.98,0.0,0.0,-0.113,0.0,0.0,200.81,0.31288,-0.00085,-0.347,0.31289,0.314,29.97,0.424,-1.154,139,0.2406,0.105,9.7549,-0.00466,0.002,0.00013,0.0,0.0,1831,1824,1815,1821
104.52,0.31428,9e-05,-0.37,0.31428,0.31773,29.62,0.31763,-0.00044,-0.004,0.31763,0.31692,19.21,0.0,0.0,-0.123,0.0,0.0,200.1,0.31297,-0.00074,-0.358,0.31297,0.314,29.62,0.465,-1.142,139,0.2056,0.1302,9.7872,-0.00333,-0.00093,0.00166,0.0,0.0,1831,1824,1815,1821
104.77,0.31466,0.00026,-0.378,0.31466,0.31773,29.62,0.31763,-0.00044,-0.004,0.31763,0.31692,19.21,0.0,0.0,-0.152,0.0,0.0,200.1,0.31335,-0.00056,-0.387,0.31335,0.314,29.62,0.469,-1.118,139,0.176,0.114,9.7612,0.0008,-0.00067,0.00766,0.0,0.0,1831,1824,1815,1821
105.02,0.31474,0.00014,-0.371,0.31474,0.31773,29.62,0.31763,-0.00044,-0.004,0.31763,0.31692,19.21,0.0,0.0,-0.148,0.0,0.0,200.1,0.31342,-0.00069,-0.382,0.31342,0.314,29.62,0.478,-1.166,139,0.2137,0.1284,9.7683,-0.00426,-0.00013,0.00213,0.0,0.0,1831,1824,1815,1821
105.27,0.31489,0.00043,-0.385,0.31489,0.31773,29.62,0.31763,-0.00044,-0.004,0.31763,0.31692,19.21,0.0,0.0,-0.15,0.0,0.0,200.1,0.31357,-0.00039,-0.384,0.31357,0.314,29.62,0.48,-1.126,139,0.1751,0.0853,9.6974,0.00113,0.00226,-0.00173,0.0,0.0,1831,1824,1815,1821
105.52,0.31505,0.00068,-0.396,0.31506,0.31773,29.62,0.31763,-0.00044,-0.004,0.31763,0.31692,19.21,0.0,0.0,-0.158,0.0,0.0,200.1,0.31374,-0.00015,-0.393,0.31374,0.314,29.62,0.462,-1.101,139,0.1365,0.0862,9.7728,-0.00499,0.00233,-0.0016,0.0,0.0,1831,1824,1815,1821
105.77,0.31499,0.00066,-0.398,0.31499,0.31773,30.41,0.31763,-0.00044,-0.004,0.31763,0.31692,20.81,0.0,0.0,-0.148,0.0,0.0,200.05,0.31368,-0.00016,-0.382,0.31368,0.314,30.41,0.439,-1.144,139,0.2649,0.1024,9.7576,-0.00652,-0.00113,-0.0014,0.0,0.0,1831,1824,1815,1821
106.021,0.31507,0.00067,-0.399,0.31507,0.31773,30.41,0.31763,-0.00044,-0.004,0.31763,0.31692,20.81,0.0,0.0,-0.154,0.0,0.0,200.05,0.31375,-0.00015,-0.387,0.31375,0.314,30.41,0.4,-1.042,133,0.2325,0.0099,9.7683,-0.00513,0.00053,0.00233,0.0,0.0,1831,1824,1815,1821
106.27,0.31485,0.0007,-0.4,0.31486,0.31773,30.41,0.31763,-0.00044,-0.004,0.31763,0.31692,20.81,0.0,0.0,-0.161,0.0,0.0,200.05,0.31354,-0.00013,-0.395,0.31354,0.314,30.41,0.367,-1.101,133,0.176,0.0817,9.7782,-0.00593,0.00273,-0.00526,0.0,0.0,1831,1824,1815,1821
106.521,0.31501,0.00074,-0.398,0.31501,0.31773,30.41,0.31763,-0.00044,-0.004,0.31763,0.31692,20.81,0.0,0.0,-0.15,0.0,0.0,200.05,0.31369,-8e-05,-0.383,0.31369,0.314,30.41,0.378,-1.107,133,0.2209,0.0925,9.7594,-0.0036,0.00253,0.00433,0.0,0.0,1831,1824,1815,1821
106.77,0.3151,0.00071,-0.401,0.3151,0.31773,30.41,0.31763,-0.00044,-0.004,0.31763,0.31692,20.81,0.0,0.0,-0.154,0.0,0.0,200.05,0.31378,-0.00011,-0.388,0.31378,0.314,30.41,0.439,-1.099,133,0.1957,0.0997,9.7845,-0.00493,-0.003,0.00173,0.0,0.0,1831,1824,1815,1821
107.02,0.3151,0.00058,-0.392,0.3151,0.31773,29.59,0.31763,-0.00044,-0.004,0.31763,0.31692,19.99,0.0,0.0,-0.151,0.0,0.0,200.74,0.31378,-0.00024,-0.39,0.31378,0.314,29.59,0.466,-1.134,130,0.1625,0.0889,9.7845,-0.00459,-0.00053,-0.00479,0.0,0.0,1831,1824,1815,1821
107.27,0.31525,0.00077,-0.397,0.31525,0.31773,29.59,0.31763,-0.00044,-0.004,0.31763,0.31692,19.99,0.0,0.0,-0.15,0.0,0.0,200.74,0.31393,-6e-05,-0.384,0.31393,0.314,29.59,0.419,-1.087,130,0.2164,0.0934,9.7863,-0.00553,0.001,0.00133,0.0,0.0,1831,1824,1815,1821
107.52,0.31529,0.00096,-0.401,0.31529,0.31773,29.59,0.31763,-0.00044,-0.004,0.31763,0.31692,19.99,0.0,0.0,-0.133,0.0,0.0,200.74,0.31397,0.00014,-0.371,0.31397,0.314,29.59,0.471,-1.082,130,0.1185,0.0979,9.833,-0.00399,0.00233,-0.00093,0.0,0.0,1831,1824,1815,1821
107.77,0.31534,0.00094,-0.394,0.31534,0.31773,29.59,0.31763,-0.00044,-0.004,0.31763,0.31692,19.99,0.0,0.0,-0.142,0.0,0.0,200.74,0.31403,0.00011,-0.377,0.31403,0.314,29.59,0.434,-1.114,130,0.1858,0.0682,9.7764,-0.00766,0.00213,-0.00293,0.0,0.0,1831,1824,1815,1821
108.021,0.31553,0.00095,-0.391,0.31553,0.31773,29.99,0.31763,-0.00044,-0.004,0.31763,0.31692,19.99,0.0,0.0,-0.14,0.0,0.0,200.91,0.31422,0.00013,-0.377,0.31422,0.314,29.99,0.454,-1.13,124,0.237,0.0458,9.7414,-0.002,-0.0012,-0.0004,0.0,0.0,1831,1824,1815,1821
108.27,0.31545,0.00093,-0.39,0.31545,0.31773,29.99,0.31763,-0.00044,-0.004,0.31763,0.31692,19.99,0.0,0.0,-0.13,0.0,0.0,200.91,0.31414,0.0001,-0.367,0.31414,0.314,29.99,0.463,-1.107,124,0.1481,0.1086,9.7648,-0.00306,0.00087,0.00599,0.0,0.0,1831,1824,1815,1821
108.52,0.31546,0.00095,-0.389,0.31546,0.31773,29.99,0.31763,-0.00044,-0.004,0.31763,0.31692,19.99,0.0,0.0,-0.137,0.0,0.0,200.91,0.31414,0.00013,-0.374,0.31414,0.314,29.99,0.467,-1.086,124,0.1688,0.114,9.7441,-0.00513,-0.0022,0.00473,0.0,0.0,1831,1824,1815,1821
108.77,0.31545,0.00089,-0.384,0.31545,0.31773,29.99,0.31763,-0.00044,-0.004,0.31763,0.31692,19.99,0.0,0.0,-0.144,0.0,0.0,200.91,0.31413,6e-05,-0.38,0.31413,0.314,29.99,0.439,-1.14,124,0.2074,0.053,9.7145,-0.00166,-0.00226,0.00206,0.0,0.0,1831,1824,1815,1821
109.021,0.31536,0.00088,-0.383,0.31536,0.31773,29.99,0.31763,-0.00044,-0.004,0.31763,0.31692,19.99,0.0,0.0,-0.156,0.0,0.0,200.91,0.31404,6e-05,-0.391,0.31404,0.314,29.99,0.439,-1.123,162,0.141,0.1015,9.7459,-0.002,-0.001,-0.00027,0.0,0.0,1831,1824,1815,1821
109.27,0.31536,0.00088,-0.383,0.31536,0.31773,30.42,0.31763,-0.00044,-0.004,0.31763,0.31692,20.01,0.0,0.0,-0.15,0.0,0.0,200.14,0.31404,6e-05,-0.387,0.31404,0.314,30.42,0.494,-1.158,162,0.1957,0.0664,9.7639,-0.0038,-0.00087,0.00426,0.0,0.0,1831,1824,1815,1821
109.52,0.31536,0.00088,-0.383,0.31536,0.31773,30.42,0.31763,-0.00044,-0.004,0.31763,0.31692,20.01,0.0,0.0,-0.154,0.0,0.0,200.14,0.31404,6e-05,-0.386,0.31404,0.314,30.42,0.478,-1.12,162,0.2586,0.0278,9.7414,-0.00326,-0.001,-0.00313,0.0,0.0,1831,1824,1815,1821
109.77,0.31536,0.00088,-0.383,0.31536,0.31773,30.42,0.31763,-0.00044,-0.004,0.31763,0.31692,20.01,0.0,0.0,-0.163,0.0,0.0,200.14,0.31404,6e-05,-0.399,0.31404,0.314,30.42,0.493,-1.193,162,0.1885,0.123,9.7441,-0.00453,-0.00246,0.00539,0.0,0.0,1831,1824,1815,1821
110.02,0.31536,0.00088,-0.383,0.31536,0.31773,30.42,0.31763,-0.00044,-0.004,0.31763,0.31692,20.01,0.0,0.0,-0.155,0.0,0.0,200.14,0.31404,6e-05,-0.393,0.31404,0.314,30.42,0.49,-1.185,151,0.1984,0.1248,9.719,-0.0018,-0.00113,0.00313,0.0,0.0,1831,1824,1815,1821
110.27,0.31536,0.00088,-0.383,0.31536,0.31773,30.0,0.31763,-0.00044,-0.004,0.31763,0.31692,20.0,0.0,0.0,-0.16,0.0,0.0,199.99,0.31404,6e-05,-0.398,0.31404,0.314,30.0,0.474,-1.142,151,0.1616,0.1481,9.7136,-0.00087,0.0008,0.001,0.0,0.0,1831,1824,1815,1821
110.521,0.31536,0.00088,-0.383,0.31536,0.31773,30.0,0.31763,-0.00044,-0.004,0.31763,0.31692,20.0,0.0,0.0,-0.161,0.0,0.0,199.99,0.31404,6e-05,-0.396,0.31404,0.314,30.0,0.449,-1.109,151,0.1616,0.1068,9.7845,-0.00306,-0.00107,7e-05,0.0,0.0,1831,1824,1815,1821
110.77,0.31536,0.00088,-0.383,0.31536,0.31773,30.0,0.31763,-0.00044,-0.004,0.31763,0.31692,20.0,0.0,0.0,-0.165,0.0,0.0,199.99,0.31404,6e-05,-0.401,0.31404,0.314,30.0,0.472,-1.125,151,0.1912,0.1266,9.7791,-0.00466,-0.00067,0.00087,0.0,0.0,1831,1824,1815,1821
111.02,0.31536,0.00088,-0.383,0.31536,0.31773,30.0,0.31763,-0.00044,-0.004,0.31763,0.31692,20.0,0.0,0.0,-0.186,0.0,0.0,199.99,0.31404,6e-05,-0.421,0.31404,0.314,30.0,0.499,-1.11,147,0.1598,0.0772,9.7656,-0.00433,-0.00053,0.00413,0.0,0.0,1831,1824,1815,1821
111.271,0.31533,0.00074,-0.375,0.31533,0.31773,29.98,0.31763,-0.00044,-0.004,0.31763,0.31692,19.99,0.0,0.0,-0.192,0.0,0.0,200.85,0.31401,-8e-05,-0.429,0.31401,0.314,29.98,0.445,-1.134,147,0.1885,0.0637,9.736,-0.00353,-0.00353,0.00113,0.0,0.0,1831,1824,1815,1821
111.52,0.31545,0.00069,-0.37,0.31545,0.31773,29.98,0.31763,-0.00044,-0.004,0.31763,0.31692,19.99,0.0,0.0,-0.192,0.0,0.0,200.85,0.31414,-0.00013,-0.426,0.31414,0.314,29.98,0.476,-1.102,147,0.1894,0.0952,9.7145,-0.00426,0.0014,-0.00107,0.0,0.0,1831,1824,1815,1821
111.77,0.31554,0.00072,-0.368,0.31554,0.31773,29.98,0.31763,-0.00044,-0.004,0.31763,0.31692,19.99,0.0,0.0,-0.185,0.0,0.0,200.85,0.31423,-0.00011,-0.421,0.31423,0.314,29.98,0.437,-1.145,147,0.2289,0.0808,9.7315,-0.00253,-0.00107,0.00399,0.0,0.0,1831,1824,1815,1821
112.02,0.31547,0.00066,-0.366,0.31547,0.31773,29.98,0.31763,-0.00044,-0.004,0.31763,0.31692,19.99,0.0,0.0,-0.192,0.0,0.0,200.85,0.31415,-0.00016,-0.424,0.31415,0.314,29.98,0.42,-1.142,146,0.1652,0.1383,9.789,-0.00346,0.0002,0.00206,0.0,0.0,1831,1824,1815,1821
112.27,0.31539,0.00057,-0.359,0.31539,0.31773,29.98,0.31763,-0.00044,-0.004,0.31763,0.31692,19.99,0.0,0.0,-0.183,0.0,0.0,200.85,0.31407,-0.00025,-0.417,0.31407,0.314,29.98,0.496,-1.124,146,0.185,0.0862,9.7423,-0.00559,0.00033,0.00726,0.0,0.0,1831,1824,1815,1821
112.52,0.31554,0.00051,-0.351,0.31554,0.31773,29.62,0.31763,-0.00044,-0.004,0.31763,0.31692,20.01,0.0,0.0,-0.184,0.0,0.0,200.1,0.31423,-0.00031,-0.417,0.31423,0.314,29.62,0.407,-1.168,146,0.2065,0.088,9.7109,-0.0006,0.00293,0.0028,0.0,0.0,1831,1824,1815,1821
112.77,0.31572,0.0005,-0.35,0.31572,0.31773,29.62,0.31763,-0.00044,-0.004,0.31763,0.31692,20.01,0.0,0.0,-0.184,0.0,0.0,200.1,0.31441,-0.00032,-0.418,0.31441,0.314,29.62,0.404,-1.176,146,0.2218,0.0503,9.7486,-0.00579,-0.00366,0.00326,0.0,0.0,1831,1824,1815,1821
113.021,0.31577,0.00032,-0.338,0.31577,0.31773,29.62,0.31763,-0.00044,-0.004,0.31763,0.31692,20.01,0.0,0.0,-0.181,0.0,0.0,200.1,0.31446,-0.0005,-0.411,0.31446,0.314,29.62,0.475,-1.164,142,0.1625,0.0593,9.7621,-0.00546,0.00393,0.0032,0.0,0.0,1831,1824,1815,1821
113.27,0.31587,0.0004,-0.341,0.31587,0.31773,29.62,0.31763,-0.00044,-0.004,0.31763,0.31692,20.01,0.0,0.0,-0.189,0.0,0.0,200.1,0.31455,-0.00042,-0.421,0.31455,0.314,29.62,0.443,-1.179,142,0.1526,0.0467,9.7612,-0.00033,0.00133,0.00033,0.0,0.0,1831,1824,1815,1821
113.521,0.3159,0.00025,-0.332,0.3159,0.31773,29.98,0.31763,-0.00044,-0.004,0.31763,0.31692,18.99,0.0,0.0,-0.175,0.0,0.0,200.89,0.31458,-0.00057,-0.411,0.31458,0.314,29.98,0.432,-1.232,142,0.193,0.0323,9.7235,-0.00286,-0.0026,0.0038,0.0,0.0,1831,1824,1815,1821
113.77,0.31603,0.0005,-0.342,0.31603,0.31773,29.98,0.31763,-0.00044,-0.004,0.31763,0.31692,18.99,0.0,0.0,-0.175,0.0,0.0,200.89,0.31471,-0.00032,-0.404,0.31471,0.314,29.98,0.402,-1.157,142,0.2586,0.1068,9.7091,0.00047,-0.002,-0.0024,0.0,0.0,1831,1824,1815,1821
114.02,0.31598,0.00049,-0.338,0.31598,0.31773,29.98,0.31763,-0.00044,-0.004,0.31763,0.31692,18.99,0.0,0.0,-0.181,0.0,0.0,200.89,0.31466,-0.00034,-0.409,0.31466,0.314,29.98,0.423,-1.075,134,0.1912,0.0988,9.7288,-0.00439,-0.00273,0.00127,0.0,0.0,1831,1824,1815,1821
114.27,0.3159,0.00039,-0.333,0.3159,0.31773,29.98,0.31763,-0.00044,-0.004,0.31763,0.31692,18.99,0.0,0.0,-0.173,0.0,0.0,200.89,0.31458,-0.00044,-0.402,0.31459,0.314,29.98,0.456,-1.127,134,0.2083,0.0916,9.7324,-0.00113,0.00233,0.00133,0.0,0.0,1831,1824,1815,1821
114.521,0.31592,0.00047,-0.336,0.31592,0.31773,29.98,0.31763,-0.00044,-0.004,0.31763,0.31692,18.99,0.0,0.0,-0.192,0.0,0.0,200.89,0.31461,-0.00036,-0.42,0.31461,0.314,29.98,0.481,-1.173,134,0.1805,0.0997,9.7226,-0.00399,0.00146,0.00027,0.0,0.0,1831,1824,1815,1821
114.77,0.31614,0.00073,-0.339,0.31614,0.31773,30.41,0.31763,-0.00044,-0.004,0.31763,0.31692,20.81,0.0,0.0,-0.2,0.0,0.0,200.1,0.31483,-0.0001,-0.428,0.31483,0.314,30.41,0.444,-1.163,134,0.1679,0.0817,9.7567,-0.00726,0.00233,0.0,0.0,0.0,1831,1824,1815,1821
115.02,0.3162,0.00073,-0.337,0.3162,0.31773,30.41,0.31763,-0.00044,-0.004,0.31763,0.31692,20.81,0.0,0.0,-0.2,0.0,0.0,200.1,0.31488,-0.0001,-0.429,0.31488,0.314,30.41,0.452,-1.14,129,0.1814,0.0997,9.7701,-0.0028,0.00073,0.0036,0.0,0.0,1831,1824,1815,1821
115.27,0.31632,0.00084,-0.338,0.31632,0.31773,30.41,0.31763,-0.00044,-0.004,0.31763,0.31692,20.81,0.0,0.0,-0.207,0.0,0.0,200.1,0.315,1e-05,-0.434,0.315,0.314,30.41,0.421,-1.155,129,0.1517,0.0943,9.7378,-0.00513,0.00206,0.0038,0.0,0.0,1831,1824,1815,1821
115.52,0.31632,0.00096,-0.341,0.31632,0.31773,30.41,0.31763,-0.00044,-0.004,0.31763,0.31692,20.81,0.0,0.0,-0.206,0.0,0.0,200.1,0.315,0.00014,-0.431,0.315,0.314,30.41,0.486,-1.111,129,0.1607,0.0655,9.7755,-0.00553,-0.00093,-0.00133,0.0,0.0,1831,1824,1815,1821
115.77,0.31648,0.00112,-0.343,0.31648,0.31773,30.41,0.31763,-0.00044,-0.004,0.31763,0.31692,20.81,0.0,0.0,-0.211,0.0,0.0,200.1,0.31517,0.00029,-0.436,0.31517,0.314,30.41,0.494,-1.106,129,0.2137,0.0835,9.6786,-0.00193,-0.00213,0.00193,0.0,0.0,1831,1824,1815,1821
116.02,0.31663,0.00128,-0.351,0.31663,0.32275,28.8,0.31763,-0.00044,-0.004,0.31763,0.31692,20.0,0.0,0.0,-0.211,0.0,0.0,200.02,0.31531,0.00045,-0.435,0.31531,0.31903,28.8,0.516,-1.088,127,0.193,0.1006,9.7746,-0.0036,0.00273,0.00526,0.0,0.0,1831,1824,1815,1821
116.27,0.3167,0.00143,-0.359,0.3167,0.32275,28.8,0.31763,-0.00044,-0.004,0.31763,0.31692,20.0,0.0,0.0,-0.226,0.0,0.0,200.02,0.31538,0.0006,-0.449,0.31538,0.31903,28.8,0.462,-1.149,127,0.1508,0.0709,9.7612,-0.00233,-0.00233,-0.00406,0.0,0.0,1831,1824,1815,1821
116.52,0.31687,0.00158,-0.36,0.31688,0.32275,28.8,0.31763,-0.00044,-0.004,0.31763,0.31692,20.0,0.0,0.0,-0.227,0.0,0.0,200.02,0.31556,0.00075,-0.453,0.31556,0.31903,28.8,0.39,-1.139,127,0.1921,0.0449,9.771,-0.00413,-0.00047,0.0,0.0,0.0,1831,1824,1815,1821
116.771,0.31681,0.00156,-0.361,0.31681,0.32275,28.8,0.31763,-0.00044,-0.004,0.31763,0.31692,20.0,0.0,0.0,-0.223,0.0,0.0,200.02,0.31549,0.00073,-0.446,0.31549,0.31903,28.8,0.404,-1.116,127,0.1679,0.0718,9.7755,-0.00326,0.0012,0.0016,0.0,0.0,1831,1824,1815,1821
117.02,0.31697,0.00162,-0.365,0.31697,0.32275,30.0,0.31763,-0.00044,-0.004,0.31763,0.31692,20.0,0.0,0.0,-0.221,0.0,0.0,199.97,0.31565,0.00079,-0.444,0.31565,0.31903,30.0,0.371,-1.14,123,0.1787,0.0799,9.7818,0.0002,-0.00273,-0.00393,0.0,0.0,1831,1824,1815,1821
117.27,0.31704,0.00177,-0.37,0.31704,0.32275,30.0,0.31763,-0.00044,-0.004,0.31763,0.31692,20.0,0.0,0.0,-0.213,0.0,0.0,199.97,0.31572,0.00094,-0.435,0.31572,0.31903,30.0,0.397,-1.154,123,0.2236,0.053,9.7513,0.00073,-0.0004,-0.00013,0.0,0.0,1831,1824,1815,1821
117.52,0.31705,0.00175,-0.369,0.31706,0.32275,30.0,0.31763,-0.00044,-0.004,0.31763,0.31692,20.0,0.0,0.0,-0.195,0.0,0.0,199.97,0.31574,0.00092,-0.416,0.31574,0.31903,30.0,0.413,-1.168,123,0.1841,0.0763,9.7118,-0.00246,0.0006,0.00613,0.0,0.0,1831,1824,1815,1821
117.77,0.31685,0.00151,-0.361,0.31685,0.32275,30.0,0.31763,-0.00044,-0.004,0.31763,0.31692,20.0,0.0,0.0,-0.196,0.0,0.0,199.97,0.31553,0.00068,-0.417,0.31553,0.31903,30.0,0.415,-1.094,123,0.1867,0.0754,9.7163,-0.00419,-0.00133,0.00726,0.0,0.0,1831,1824,1815,1821
118.02,0.31696,0.00166,-0.363,0.31697,0.32275,30.0,0.31763,-0.00044,-0.004,0.31763,0.31692,20.0,0.0,0.0,-0.197,0.0,0.0,200.98,0.31565,0.00084,-0.42,0.31565,0.31903,30.0,0.476,-1.131,120,0.2002,0.079,9.7692,-0.00553,0.00166,0.00519,0.0,0.0,1831,1824,1815,1821
118.27,0.31709,0.00164,-0.353,0.31709,0.32275,30.0,0.31763,-0.00044,-0.004,0.31763,0.31692,20.0,0.0,0.0,-0.194,0.0,0.0,200.98,0.31577,0.00081,-0.412,0.31577,0.31903,30.0,0.447,-1.143,120,0.1832,0.0916,9.7073,-0.00506,-0.00399,-0.00013,0.0,0.0,1831,1824,1815,1821
118.521,0.31705,0.00183,-0.362,0.31706,0.32275,30.0,0.31763,-0.00044,-0.004,0.31763,0.31692,20.0,0.0,0.0,-0.194,0.0,0.0,200.98,0.31574,0.001,-0.412,0.31574,0.31903,30.0,0.462,-1.102,120,0.2137,0.0171,9.7576,-0.00306,0.00493,-0.00326,0.0,0.0,1831,1824,1815,1821
118.77,0.32002,0.0018,-0.325,0.32002,0.32275,30.0,0.32429,-0.00043,0.119,0.32429,0.3243,20.0,0.0,0.0,-0.147,0.0,0.0,200.98,0.3187,0.00097,-0.366,0.31871,0.31903,30.0,0.429,0.627,120,0.2927,0.1589,10.3133,-0.01884,-0.00886,0.01505,0.092,0.0378,1876,1869,1862,1869
119.021,0.34598,0.00101,-0.296,0.34598,0.35217,29.99,0.35569,-0.00033,0.229,0.35569,0.35569,19.99,0.0,0.0,-0.129,0.0,0.0,199.92,0.34466,0.00016,-0.342,0.34466,0.34845,29.99,0.456,-0.011,145,0.0144,0.0467,9.6902,0.02597,0.02723,-0.00073,0.1477,0.0126,2073,2064,2057,2066
119.271,0.38687,0.00064,-0.284,0.38687,0.39307,29.99,0.39634,-0.00017,0.201,0.39634,0.39617,19.99,0.0,0.0,-0.119,0.0,0.0,199.92,0.38555,-0.00025,-0.335,0.38555,0.38935,29.99,0.359,-0.381,145,0.0709,-0.1104,9.4514,0.01485,-0.01445,0.00206,0.1691,-0.0126,2300,2290,2285,2293
119.52,0.42709,0.00012,-0.348,0.42709,0.43331,29.99,0.42941,-7e-05,0.187,0.42941,0.42554,19.99,0.0,0.0,-0.199,0.0,0.0,199.92,0.42577,-0.00081,-0.411,0.42577,0.42958,29.99,0.355,-0.692,145,0.1526,0.0817,9.8393,-0.00473,-0.00679,0.00459,0.1798,0.0,2505,2494,2490,2499
119.771,0.47452,-0.00021,-0.417,0.47452,0.48075,29.99,0.48547,0.0002,0.349,0.48547,0.48547,19.99,0.0,0.0,-0.253,0.0,0.0,199.92,0.47232,-0.00119,-0.468,0.47232,0.47114,29.99,0.513,-1.123,145,0.4696,0.1284,10.1804,-0.01258,0.01984,-0.00539,0.1862,-0.0126,2828,2817,2809,2821
120.02,0.51643,-0.00117,-0.439,0.51643,0.52268,29.99,0.53206,0.00046,0.332,0.53206,0.53206,19.99,0.0,0.0,-0.254,0.0,0.0,199.92,0.50816,-0.00204,-0.472,0.50817,0.512,29.99,0.617,-1.093,158,0.2254,0.3448,10.5073,-0.03822,-0.00446,0.00127,0.1926,0.0,3112,3098,3090,3101
120.27,0.56623,-0.00226,-0.469,0.56623,0.5725,29.61,0.57956,0.00068,0.204,0.57957,0.57957,20.01,0.0,0.0,-0.312,0.0,0.0,200.89,0.55126,-0.00303,-0.536,0.55126,0.55511,29.61,0.416,-1.13,158,0.1167,0.2245,10.1849,-0.03189,-0.04867,0.01292,0.1947,-0.0126,3385,3366,3356,3369
120.52,0.60924,-0.00383,-0.399,0.60926,0.61558,29.61,0.62727,0.00084,0.188,0.62727,0.62727,20.01,0.0,0.0,-0.27,0.0,0.0,200.89,0.58898,-0.00446,-0.5,0.589,0.59289,29.61,0.536,-1.408,158,0.0215,0.1778,9.7639,-0.02816,0.00306,0.01318,0.1883,0.0,3674,3653,3646,3661
120.77,0.65891,-0.00435,-0.422,0.65892,0.66527,29.61,0.67455,0.00096,0.088,0.67456,0.67395,20.01,0.0,0.0,-0.278,0.0,0.0,200.89,0.63292,-0.00498,-0.492,0.63293,0.63685,29.61,0.223,-1.327,158,0.2029,0.0961,9.5726,-0.01631,-0.01225,-0.01112,0.1905,0.0126,3943,3921,3917,3931
121.02,0.70359,-0.00525,-0.49,0.70361,0.70997,29.61,0.72349,0.00103,0.084,0.72349,0.72349,20.01,0.0,0.0,-0.399,0.0,0.0,200.89,0.67286,-0.00586,-0.602,0.67288,0.67681,29.61,0.352,-1.287,155,0.3726,0.2002,9.9273,-0.02503,-0.00633,0.00786,0.199,-0.0126,4243,4221,4214,4229
121.27,0.75458,-0.0058,-0.552,0.7546,0.76098,29.61,0.77208,0.00105,-0.021,0.77208,0.77209,20.01,0.0,0.0,-0.461,0.0,0.0,200.89,0.71881,-0.00646,-0.676,0.71884,0.72278,29.61,0.354,-1.102,155,0.1823,0.1688,9.8043,-0.03449,0.01431,0.00586,0.1905,-0.0378,4475,4453,4443,4461
121.52,0.79953,-0.00751,-0.482,0.79957,0.80597,29.6,0.82244,0.00094,-0.173,0.82244,0.82245,20.0,0.0,0.0,-0.475,0.0,0.0,199.97,0.75956,-0.00811,-0.678,0.7596,0.76357,29.6,0.346,-1.086,155,0.1661,0.0206,8.989,0.02663,0.00726,-0.00433,0.1947,-0.0126,4824,4797,4789,4805
121.77,0.85078,-0.00871,-0.456,0.85082,0.85732,29.6,0.87142,0.00083,-0.005,0.87142,0.87142,20.0,0.0,0.0,-0.463,0.0,0.0,199.97,0.80646,-0.00936,-0.674,0.80652,0.81057,29.6,0.13,-1.246,155,0.0925,0.2927,10.3591,-0.01864,-0.00366,0.0004,0.1926,0.0252,5103,5073,5066,5085
122.021,0.89521,-0.00986,-0.421,0.89526,0.90182,29.6,0.92138,0.00086,0.062,0.92138,0.92138,20.0,0.0,0.0,-0.48,0.0,0.0,199.97,0.84736,-0.01055,-0.677,0.84742,0.85153,29.6,0.327,-0.946,120,0.2523,-0.167,9.5493,0.01285,-0.03575,-7e-05,0.1926,0.0,5400,5369,5363,5383
122.27,0.94615,-0.01209,-0.423,0.94623,0.95294,29.6,0.96968,0.00095,0.096,0.96968,0.96949,20.0,0.0,0.0,-0.559,0.0,0.0,199.97,0.89453,-0.01284,-0.76,0.89463,0.89889,29.6,0.434,-1.012,120,0.1113,-0.0368,9.3957,0.02743,-0.00266,-0.01112,0.1969,0.0,5675,5644,5637,5657
122.52,0.9909,-0.01258,-0.489,0.99098,0.99772,29.6,1.00895,0.001,0.044,1.00896,1.00431,20.0,0.0,0.0,-0.575,0.0,0.0,199.97,0.93606,-0.01352,-0.772,0.93616,0.94045,29.6,0.454,-1.183,120,0.2379,0.2505,10.1068,-0.01585,-0.00166,-0.00453,0.1991,-0.0126,5907,5875,5866,5887
122.77,1.0419,-0.01333,-0.518,1.04198,1.04878,30.41,1.06822,0.00106,0.08,1.06822,1.06822,20.0,0.0,0.0,-0.592,0.0,0.0,200.85,0.98364,-0.01446,-0.794,0.98375,0.98809,30.41,0.294,-0.851,120,0.3528,-0.0602,9.9398,-0.00859,-0.00699,0.00426,0.2033,-0.0126,6255,6220,6210,6232
123.02,1.08713,-0.01489,-0.518,1.08723,1.09406,30.41,1.11885,0.00104,-0.048,1.11885,1.11885,20.0,0.0,0.0,-0.61,0.0,0.0,200.85,1.02604,-0.01616,-0.843,1.02617,1.03054,30.41,0.179,-1.008,95,0.1724,0.22,9.7297,-0.03382,-0.03822,0.03469,0.2011,0.0,6563,6523,6513,6536
123.27,1.11652,-0.01536,-0.477,1.11663,1.1214,30.41,1.13848,0.00104,0.062,1.13848,1.13438,20.0,0.0,0.0,-0.631,0.0,0.0,200.85,1.0536,-0.01674,-0.831,1.05373,1.05618,30.41,0.244,-3.551,95,-0.0898,0.044,9.5897,0.00093,-0.0038,0.00013,0.0,0.0,6653,6621,6609,6633
123.52,1.11629,-0.01555,-0.464,1.1164,1.1214,30.41,1.13848,0.00104,0.062,1.13848,1.13438,20.0,0.0,0.0,-0.629,0.0,0.0,200.85,1.05338,-0.01692,-0.826,1.05352,1.05618,30.41,0.303,-2.063,95,0.2307,0.0099,9.7244,-0.00553,0.00027,0.0008,0.0,0.0,6653,6621,6609,6633
123.77,1.11629,-0.01555,-0.464,1.1164,1.1214,29.0,1.13848,0.00104,0.062,1.13848,1.13438,20.0,0.0,0.0,-0.629,0.0,0.0,200.0,1.05338,-0.01692,-0.823,1.05352,1.05618,29.0,0.339,-1.526,95,0.1894,0.0081,9.7172,-0.00067,0.00027,-0.002,0.0,0.0,6653,6621,6609,6633
124.021,1.11629,-0.01555,-0.464,1.1164,1.1214,29.0,1.13848,0.00104,0.062,1.13848,1.13438,20.0,0.0,0.0,-0.637,0.0,0.0,200.0,1.05338,-0.01692,-0.829,1.05352,1.05618,29.0,0.29,-1.318,87,0.1751,0.105,9.7531,0.00013,-0.0014,0.00047,0.0,0.0,6653,6621,6609,6633
124.27,1.11629,-0.01555,-0.465,1.1164,1.1214,29.0,1.13848,0.00104,0.062,1.13848,1.13438,20.0,0.0,0.0,-0.644,0.0,0.0,200.0,1.05338,-0.01692,-0.832,1.05352,1.05618,29.0,0.273,-1.243,87,0.2227,-0.0036,9.745,-0.00386,0.0022,0.00013,0.0,0.0,6653,6621,6609,6633
124.52,1.11629,-0.01555,-0.465,1.1164,1.1214,29.0,1.13848,0.00104,0.062,1.13848,1.13438,20.0,0.0,0.0,-0.639,0.0,0.0,200.0,1.05338,-0.01692,-0.826,1.05352,1.05618,29.0,0.299,-1.188,87,0.1885,0.0287,9.789,-0.00439,-0.00206,-0.0038,0.0,0.0,6653,6621,6609,6633
124.77,1.11629,-0.01555,-0.465,1.1164,1.1214,29.0,1.13848,0.00104,0.062,1.13848,1.13438,19.0,0.0,0.0,-0.673,0.0,0.0,200.98,1.05338,-0.01692,-0.854,1.05352,1.05618,29.0,0.323,-1.201,87,0.1787,0.1024,9.8087,0.001,-0.0038,-0.00413,0.0,0.0,6653,6621,6609,6633
125.02,1.11629,-0.01555,-0.465,1.1164,1.1214,29.0,1.13848,0.00104,0.062,1.13848,1.13438,19.0,0.0,0.0,-0.671,0.0,0.0,200.98,1.05338,-0.01692,-0.855,1.05352,1.05618,29.0,0.342,-1.193,83,0.2146,0.0664,9.7199,-0.00739,-0.0026,0.00386,0.0,0.0,6653,6621,6609,6633
125.27,1.11629,-0.01555,-0.465,1.1164,1.1214,29.0,1.13848,0.00104,0.062,1.13848,1.13438,19.0,0.0,0.0,-0.671,0.0,0.0,200.98,1.05338,-0.01692,-0.848,1.05352,1.05618,29.0,0.373,-1.159,83,0.1867,0.0727,9.7791,-0.00399,0.0022,0.0008,0.0,0.0,6653,6621,6609,6633
125.521,1.11627,-0.01554,-0.465,1.11638,1.1214,29.0,1.13848,0.00104,0.062,1.13848,1.13438,19.0,0.0,0.0,-0.683,0.0,0.0,200.98,1.05336,-0.01692,-0.857,1.05349,1.05618,29.0,0.329,-1.215,83,0.2451,0.0269,9.7324,-0.00533,0.00293,-0.001,0.0,0.0,6653,6621,6609,6633
125.77,1.11627,-0.01554,-0.465,1.11638,1.1214,30.0,1.13848,0.00104,0.062,1.13848,1.13438,20.0,0.0,0.0,-0.688,0.0,0.0,199.97,1.05336,-0.01692,-0.858,1.05349,1.05618,30.0,0.372,-1.181,83,0.1661,0.0817,9.8177,-0.00566,0.00087,0.00087,0.0,0.0,6653,6621,6609,6633
126.02,1.11627,-0.01554,-0.465,1.11638,1.1214,30.0,1.13848,0.00104,0.062,1.13848,1.13438,20.0,0.0,0.0,-0.687,0.0,0.0,199.97,1.05336,-0.01692,-0.854,1.05349,1.05618,30.0,0.279,-1.185,82,0.1858,0.0458,9.7701,-0.00406,-0.00047,-0.00333,0.0,0.0,6653,6621,6609,6633
126.27,1.11627,-0.01555,-0.465,1.11638,1.1214,30.0,1.13848,0.00104,0.062,1.13848,1.13438,20.0,0.0,0.0,-0.693,0.0,0.0,199.97,1.05336,-0.01692,-0.857,1.05349,1.05618,30.0,0.329,-1.212,82,0.2173,0.0036,9.7854,-0.00133,7e-05,0.0016,0.0,0.0,6653,6621,6609,6633
126.522,1.11627,-0.01555,-0.465,1.11638,1.1214,30.0,1.13848,0.00104,0.062,1.13848,1.13438,20.0,0.0,0.0,-0.695,0.0,0.0,199.97,1.05336,-0.01692,-0.857,1.05349,1.05618,30.0,0.305,-1.17,82,0.1553,0.0799,9.7046,-0.00353,0.0006,-0.00466,0.0,0.0,6653,6621,6609,6633
126.77,1.11627,-0.01555,-0.465,1.11638,1.1214,30.0,1.13848,0.00104,0.062,1.13848,1.13438,20.0,0.0,0.0,-0.693,0.0,0.0,199.97,1.05336,-0.01692,-0.851,1.05349,1.05618,30.0,0.259,-1.178,82,0.2271,0.0772,9.7118,-0.00599,-0.00446,-0.0008,0.0,0.0,6653,6621,6609,6633
127.02,1.11627,-0.01555,-0.465,1.11638,1.1214,28.8,1.13848,0.00104,0.062,1.13848,1.13438,20.0,0.0,0.0,-0.689,0.0,0.0,200.03,1.05336,-0.01692,-0.843,1.05349,1.05618,28.8,0.3,-1.166,75,0.2191,0.0521,9.7827,-0.00426,-0.00146,-0.00306,0.0,0.0,6653,6621,6609,6633
127.27,1.11627,-0.01555,-0.465,1.11638,1.1214,28.8,1.13848,0.00104,0.062,1.13848,1.13438,20.0,0.0,0.0,-0.686,0.0,0.0,200.03,1.05336,-0.01692,-0.839,1.05349,1.05618,28.8,0.268,-1.132,75,0.211,0.0395,9.7226,-0.00133,0.00173,-0.001,0.0,0.0,6653,6621,6609,6633
127.52,1.11627,-0.01555,-0.465,1.11638,1.1214,28.8,1.13848,0.00104,0.062,1.13848,1.13438,20.0,0.0,0.0,-0.678,0.0,0.0,200.03,1.05336,-0.01692,-0.834,1.05349,1.05618,28.8,0.261,-1.181,75,0.2173,0.0826,9.7683,-0.00133,-0.002,-0.00013,0.0,0.0,6653,6621,6609,6633
127.77,1.11627,-0.01555,-0.465,1.11638,1.1214,28.8,1.13848,0.00104,0.062,1.13848,1.13438,20.0,0.0,0.0,-0.679,0.0,0.0,200.03,1.05336,-0.01692,-0.826,1.05349,1.05618,28.8,0.279,-1.231,75,0.1993,0.0871,9.7477,-0.0006,-0.00067,-0.00539,0.0,0.0,6653,6621,6609,6633
128.021,1.11627,-0.01545,-0.469,1.11638,1.1214,29.98,1.13848,0.00104,0.062,1.13848,1.13438,19.99,0.0,0.0,-0.672,0.0,0.0,199.9,1.05336,-0.01683,-0.815,1.05349,1.05618,29.98,0.313,-1.23,87,0.2289,0.0566,9.666,-0.00133,-0.0002,0.0034,0.0,0.0,6653,6621,6609,6633
128.27,1.11627,-0.01545,-0.469,1.11638,1.1214,29.98,1.13848,0.00104,0.062,1.13848,1.13438,19.99,0.0,0.0,-0.659,0.0,0.0,199.9,1.05336,-0.01683,-0.804,1.05349,1.05618,29.98,0.266,-1.179,87,0.2649,-0.0009,9.754,-0.00519,-0.0006,0.00553,0.0,0.0,6653,6621,6609,6633
128.52,1.11627,-0.01545,-0.469,1.11638,1.1214,29.98,1.13848,0.00104,0.062,1.13848,1.13438,19.99,0.0,0.0,-0.661,0.0,0.0,199.9,1.05336,-0.01683,-0.807,1.05349,1.05618,29.98,0.264,-1.197,87,0.1652,0.0494,9.6696,-0.00459,0.0014,0.00406,0.0,0.0,6653,6621,6609,6633
128.77,1.11627,-0.01545,-0.469,1.11638,1.1214,29.98,1.13848,0.00104,0.062,1.13848,1.13438,19.99,0.0,0.0,-0.66,0.0,0.0,199.9,1.05336,-0.01683,-0.798,1.05349,1.05618,29.98,0.233,-1.178,87,0.1607,0.0799,9.7683,-0.00107,-0.00067,-0.00173,0.0,0.0,6653,6621,6609,6633
129.02,1.11627,-0.01545,-0.469,1.11638,1.1214,29.98,1.13848,0.00104,0.062,1.13848,1.13438,19.99,0.0,0.0,-0.644,0.0,0.0,199.9,1.05336,-0.01683,-0.786,1.05349,1.05618,29.98,0.244,-1.2,75,0.2711,0.0646,9.7252,-0.00446,-0.0008,0.00166,0.0,0.0,6653,6621,6609,6633
129.27,1.11627,-0.01545,-0.469,1.11638,1.1214,30.41,1.13848,0.00104,0.062,1.13848,1.13438,20.01,0.0,0.0,-0.632,0.0,0.0,200.88,1.05336,-0.01683,-0.764,1.05349,1.05618,30.41,0.282,-1.195,75,0.2101,0.0314,9.7073,-0.0024,-0.002,-0.00127,0.0,0.0,6653,6621,6609,6633
129.52,1.11627,-0.01545,-0.469,1.11638,1.1214,30.41,1.13848,0.00104,0.062,1.13848,1.13438,20.01,0.0,0.0,-0.642,0.0,0.0,200.88,1.05336,-0.01683,-0.771,1.05349,1.05618,30.41,0.255,-1.195,75,0.2047,0.0593,9.7369,-0.00399,-0.00033,0.00067,0.0,0.0,6653,6621,6609,6633
129.77,1.11627,-0.01545,-0.469,1.11638,1.1214,30.41,1.13848,0.00104,0.062,1.13848,1.13438,20.01,0.0,0.0,-0.618,0.0,0.0,200.88,1.05336,-0.01683,-0.747,1.05349,1.05618,30.41,0.255,-1.2,75,0.1679,0.0691,9.7441,-0.00686,-0.00093,0.00186,0.0,0.0,6653,6621,6609,6633
130.021,1.11627,-0.01545,-0.469,1.11638,1.1214,30.41,1.13848,0.00104,0.062,1.13848,1.13438,20.01,0.0,0.0,-0.624,0.0,0.0,200.88,1.05336,-0.01683,-0.745,1.05349,1.05618,30.41,0.247,-1.185,72,0.1517,0.0691,9.7163,-0.00306,-0.0028,-0.00173,0.0,0.0,6653,6621,6609,6633
130.27,1.11627,-0.01545,-0.469,1.11638,1.1214,30.41,1.13848,0.00104,0.062,1.13848,1.13438,20.01,0.0,0.0,-0.621,0.0,0.0,200.88,1.05336,-0.01683,-0.747,1.05349,1.05618,30.41,0.322,-1.204,72,0.167,0.0682,9.7199,-0.00499,-0.00253,0.00473,0.0,0.0,6653,6621,6609,6633
130.52,1.11627,-0.01545,-0.469,1.11638,1.1214,29.6,1.13848,0.00104,0.062,1.13848,1.13438,20.0,0.0,0.0,-0.619,0.0,0.0,199.99,1.05336,-0.01683,-0.747,1.05349,1.05618,29.6,0.256,-1.197,72,0.1903,0.0503,9.7549,-0.00599,0.00313,0.001,0.0,0.0,6653,6621,6609,6633
130.77,1.11627,-0.01545,-0.469,1.11638,1.1214,29.6,1.13848,0.00104,0.062,1.13848,1.13438,20.0,0.0,0.0,-0.629,0.0,0.0,199.99,1.05336,-0.01683,-0.753,1.05349,1.05618,29.6,0.322,-1.169,72,0.1912,0.0925,9.7648,-0.0018,-0.00146,0.00566,0.0,0.0,6653,6621,6609,6633
131.02,1.11627,-0.01545,-0.469,1.11638,1.1214,29.6,1.13848,0.00104,0.062,1.13848,1.13438,20.0,0.0,0.0,-0.64,0.0,0.0,199.99,1.05336,-0.01683,-0.758,1.05349,1.05618,29.6,0.314,-1.141,71,0.211,0.0548,9.7324,-0.00193,0.00127,0.00553,0.0,0.0,6653,6621,6609,6633
131.27,1.11627,-0.01545,-0.469,1.11638,1.1214,29.6,1.13848,0.00104,0.062,1.13848,1.13438,20.0,0.0,0.0,-0.655,0.0,0.0,199.99,1.05336,-0.01683,-0.772,1.05349,1.05618,29.6,0.332,-1.191,71,0.1652,0.0494,9.7791,-0.00113,0.00047,0.002,0.0,0.0,6653,6621,6609,6633
131.52,1.11627,-0.01545,-0.469,1.11638,1.1214,29.6,1.13848,0.00104,0.062,1.13848,1.13438,20.0,0.0,0.0,-0.647,0.0,0.0,199.99,1.05336,-0.01683,-0.76,1.05349,1.05618,29.6,0.324,-1.193,71,0.1787,0.0566,9.7252,-0.00479,-0.00093,0.00166,0.0,0.0,6653,6621,6609,6633
131.77,1.11627,-0.01517,-0.483,1.11638,1.1214,30.4,1.13848,0.00104,0.062,1.13848,1.13438,20.0,0.0,0.0,-0.661,0.0,0.0,200.82,1.05336,-0.01656,-0.773,1.0535,1.05618,30.4,0.336,-1.238,71,0.2343,0.1158,9.7863,-0.0022,-0.0002,-0.00373,0.0,0.0,6653,6621,6609,6633
132.021,1.11616,-0.01489,-0.501,1.11626,1.1214,30.4,1.13848,0.00104,0.062,1.13848,1.13438,20.0,0.0,0.0,-0.649,0.0,0.0,200.82,1.05326,-0.0163,-0.762,1.05338,1.05618,30.4,0.322,-1.246,56,0.2307,0.0682,9.71,-0.00619,-0.002,0.01012,0.0,0.0,6653,6621,6609,6633
132.27,1.11611,-0.01545,-0.466,1.11622,1.1214,30.4,1.13848,0.00104,0.062,1.13848,1.13438,20.0,0.0,0.0,-0.649,0.0,0.0,200.82,1.05321,-0.01683,-0.757,1.05335,1.05618,30.4,0.361,-1.196,56,0.1778,0.1077,9.7414,-0.00759,-0.002,-0.00386,0.0,0.0,6653,6621,6609,6633
132.52,1.11611,-0.01545,-0.466,1.11622,1.1214,30.4,1.13848,0.00104,0.062,1.13848,1.13438,20.0,0.0,0.0,-0.651,0.0,0.0,200.82,1.05321,-0.01683,-0.762,1.05335,1.05618,30.4,0.336,-1.223,56,0.1903,0.0602,9.7809,-0.00313,-0.0008,-7e-05,0.0,0.0,6653,6621,6609,6633
132.77,1.11611,-0.01545,-0.466,1.11622,1.1214,29.99,1.13848,0.00104,0.062,1.13848,1.13438,19.99,0.0,0.0,-0.641,0.0,0.0,200.94,1.05321,-0.01683,-0.747,1.05335,1.05618,29.99,0.3,-1.193,56,0.1993,0.0781,9.7665,-0.00439,0.00193,0.00499,0.0,0.0,6653,6621,6609,6633
133.02,1.11611,-0.01545,-0.466,1.11622,1.1214,29.99,1.13848,0.00104,0.062,1.13848,1.13438,19.99,0.0,0.0,-0.637,0.0,0.0,200.94,1.05321,-0.01683,-0.739,1.05335,1.05618,29.99,0.265,-1.153,68,0.2227,-0.0054,9.7306,-0.00273,-0.00027,0.00506,0.0,0.0,6653,6621,6609,6633
133.27,1.11611,-0.01545,-0.466,1.11622,1.1214,29.99,1.13848,0.00104,0.062,1.13848,1.13438,19.99,0.0,0.0,-0.623,0.0,0.0,200.94,1.05321,-0.01683,-0.721,1.05335,1.05618,29.99,0.27,-1.191,68,0.2155,0.0566,9.7639,-0.00286,0.001,-0.00067,0.0,0.0,6653,6621,6609,6633
133.52,1.11611,-0.01545,-0.466,1.11622,1.1214,29.99,1.13848,0.00104,0.062,1.13848,1.13438,19.99,0.0,0.0,-0.604,0.0,0.0,200.94,1.05321,-0.01683,-0.708,1.05335,1.05618,29.99,0.332,-1.22,68,0.1625,0.105,9.7459,-0.00639,0.0024,0.0034,0.0,0.0,6653,6621,6609,6633
133.77,1.1162,-0.01536,-0.473,1.1163,1.1214,29.99,1.13848,0.00104,0.062,1.13848,1.13438,19.99,0.0,0.0,-0.593,0.0,0.0,200.94,1.05329,-0.01675,-0.689,1.05343,1.05618,29.99,0.322,-1.284,68,0.2074,0.0754,9.7244,-0.00453,-0.00027,-0.0028,0.0,0.0,6653,6621,6609,6633
134.02,1.1162,-0.01536,-0.473,1.1163,1.1214,28.81,1.13848,0.00104,0.062,1.13848,1.13438,20.01,0.0,0.0,-0.596,0.0,0.0,200.06,1.05329,-0.01675,-0.687,1.05343,1.05618,28.81,0.304,-1.232,67,0.1975,0.0934,9.6777,-0.0038,0.0012,0.00027,0.0,0.0,6653,6621,6609,6633
134.27,1.1162,-0.01536,-0.473,1.1163,1.1214,28.81,1.13848,0.00104,0.062,1.13848,1.13438,20.01,0.0,0.0,-0.592,0.0,0.0,200.06,1.05329,-0.01675,-0.686,1.05343,1.05618,28.81,0.319,-1.212,67,0.2155,0.0593,9.727,-0.00466,0.00113,0.00479,0.0,0.0,6653,6621,6609,6633
134.52,1.1162,-0.01536,-0.473,1.1163,1.1214,28.81,1.13848,0.00104,0.062,1.13848,1.13438,20.01,0.0,0.0,-0.579,0.0,0.0,200.06,1.05329,-0.01675,-0.67,1.05343,1.05618,28.81,0.301,-1.262,67,0.2487,0.0242,9.7127,-0.00499,-0.00127,0.00053,0.0,0.0,6653,6621,6609,6633
134.77,1.1162,-0.01536,-0.473,1.1163,1.1214,28.81,1.13848,0.00104,0.062,1.13848,1.13438,20.01,0.0,0.0,-0.581,0.0,0.0,200.06,1.05329,-0.01675,-0.671,1.05343,1.05618,28.81,0.255,-1.189,67,0.2002,-0.0045,9.7261,-0.00433,-0.0026,0.00013,0.0,0.0,6653,6621,6609,6633
135.02,1.1162,-0.01536,-0.473,1.1163,1.1214,30.0,1.13848,0.00104,0.062,1.13848,1.13438,20.0,0.0,0.0,-0.581,0.0,0.0,200.0,1.05329,-0.01675,-0.672,1.05343,1.05618,30.0,0.267,-1.151,63,0.2047,0.0144,9.7612,-0.00206,0.00113,0.00286,0.0,0.0,6653,6621,6609,6633
135.27,1.1162,-0.01536,-0.473,1.1163,1.1214,30.0,1.13848,0.00104,0.062,1.13848,1.13438,20.0,0.0,0.0,-0.587,0.0,0.0,200.0,1.05329,-0.01675,-0.674,1.05343,1.05618,30.0,0.32,-1.207,63,0.2029,0.0619,9.7719,-0.00127,0.0016,-7e-05,0.0,0.0,6653,6621,6609,6633
135.52,1.1162,-0.01536,-0.473,1.1163,1.1214,30.0,1.13848,0.00104,0.062,1.13848,1.13438,20.0,0.0,0.0,-0.602,0.0,0.0,200.0,1.05329,-0.01675,-0.684,1.05343,1.05618,30.0,0.269,-1.223,63,0.1589,0.0925,9.7486,-0.00346,0.0,-0.00053,0.0,0.0,6653,6621,6609,6633
135.77,1.1162,-0.01536,-0.473,1.1163,1.1214,30.0,1.13848,0.00104,0.062,1.13848,1.13438,20.0,0.0,0.0,-0.607,0.0,0.0,200.0,1.05329,-0.01675,-0.691,1.05343,1.05618,30.0,0.232,-1.216,63,0.2191,0.0189,9.719,-0.002,0.0,0.00033,0.0,0.0,6653,6621,6609,6633
136.02,1.1162,-0.01536,-0.473,1.1163,1.1214,29.99,1.13848,0.00104,0.062,1.13848,1.13438,20.0,0.0,0.0,-0.605,0.0,0.0,200.96,1.05329,-0.01675,-0.684,1.05343,1.05618,29.99,0.261,-1.243,61,0.2442,0.0691,9.6777,-0.00739,0.0036,0.00306,0.0,0.0,6653,6621,6609,6633
136.27,1.1162,-0.01536,-0.473,1.1163,1.1214,29.99,1.13848,0.00104,0.062,1.13848,1.13438,20.0,0.0,0.0,-0.611,0.0,0.0,200.96,1.05329,-0.01675,-0.691,1.05343,1.05618,29.99,0.299,-1.237,61,0.2092,0.0162,9.6956,-0.00366,-0.00206,0.0,0.0,0.0,6653,6621,6609,6633
136.52,1.1162,-0.01536,-0.473,1.1163,1.1214,29.99,1.13848,0.00104,0.062,1.13848,1.13438,20.0,0.0,0.0,-0.618,0.0,0.0,200.96,1.05329,-0.01675,-0.695,1.05343,1.05618,29.99,0.342,-1.182,61,0.2002,0.0961,9.7477,-0.00127,-0.00373,0.0004,0.0,0.0,6653,6621,6609,6633
136.77,1.1162,-0.01536,-0.473,1.1163,1.1214,29.99,1.13848,0.00104,0.062,1.13848,1.13438,20.0,0.0,0.0,-0.617,0.0,0.0,200.96,1.05329,-0.01675,-0.695,1.05343,1.05618,29.99,0.273,-1.222,61,0.2469,0.0269,9.7297,0.00073,-0.00013,0.00047,0.0,0.0,6653,6621,6609,6633
137.021,1.1162,-0.01536,-0.473,1.1163,1.1214,28.98,1.13848,0.00104,0.062,1.13848,1.13438,19.99,0.0,0.0,-0.635,0.0,0.0,199.89,1.05329,-0.01675,-0.707,1.05343,1.05618,28.98,0.357,-1.219,59,0.2101,0.0916,9.7172,-0.00226,-0.00067,-0.00433,0.0,0.0,6653,6621,6609,6633
137.27,1.1162,-0.01536,-0.473,1.1163,1.1214,28.98,1.13848,0.00104,0.062,1.13848,1.13438,19.99,0.0,0.0,-0.639,0.0,0.0,199.89,1.05329,-0.01675,-0.713,1.05343,1.05618,28.98,0.307,-1.25,59,0.2289,0.0799,9.7567,-0.00539,-0.0002,-7e-05,0.0,0.0,6653,6621,6609,6633
137.52,1.1162,-0.01536,-0.473,1.1163,1.1214,28.98,1.13848,0.00104,0.062,1.13848,1.13438,19.99,0.0,0.0,-0.64,0.0,0.0,199.89,1.05329,-0.01675,-0.716,1.05343,1.05618,28.98,0.275,-1.223,59,0.2765,0.0422,9.7306,-0.00266,0.00146,-0.00153,0.0,0.0,6653,6621,6609,6633
137.771,1.11619,-0.0153,-0.476,1.11629,1.1214,28.98,1.13848,0.00104,0.062,1.13848,1.13438,19.99,0.0,0.0,-0.64,0.0,0.0,199.89,1.05328,-0.01669,-0.711,1.05342,1.05618,28.98,0.262,-1.217,59,0.1885,0.0844,9.7594,-0.0026,0.0008,0.00206,0.0,0.0,6653,6621,6609,6633
138.02,1.11619,-0.0153,-0.476,1.11629,1.1214,28.98,1.13848,0.00104,0.062,1.13848,1.13438,19.99,0.0,0.0,-0.63,0.0,0.0,199.89,1.05328,-0.01669,-0.7,1.05342,1.05618,28.98,0.312,-1.236,67,0.1894,0.079,9.7522,-0.0012,-0.00253,0.00326,0.0,0.0,6653,6621,6609,6633
138.27,1.11619,-0.0153,-0.476,1.11629,1.1214,30.41,1.13848,0.00104,0.062,1.13848,1.13438,20.01,0.0,0.0,-0.631,0.0,0.0,200.86,1.05328,-0.01669,-0.699,1.05342,1.05618,30.41,0.25,-1.216,67,0.1571,0.1068,9.771,-0.00133,0.00127,0.0006,0.0,0.0,6653,6621,6609,6633
138.521,1.11619,-0.0153,-0.476,1.11629,1.1214,30.41,1.13848,0.00104,0.062,1.13848,1.13438,20.01,0.0,0.0,-0.632,0.0,0.0,200.86,1.05328,-0.01669,-0.698,1.05342,1.05618,30.41,0.297,-1.155,67,0.1589,0.1158,9.7773,-0.00419,0.0004,0.00386,0.0,0.0,6653,6621,6609,6633
138.77,1.11619,-0.0153,-0.476,1.11629,1.1214,30.41,1.13848,0.00104,0.062,1.13848,1.13438,20.01,0.0,0.0,-0.628,0.0,0.0,200.86,1.05328,-0.01669,-0.693,1.05342,1.05618,30.41,0.245,-1.223,67,0.1607,0.0233,9.6831,-0.00666,0.00293,-0.0006,0.0,0.0,6653,6621,6609,6633
139.02,1.11619,-0.0153,-0.476,1.11629,1.1214,30.41,1.13848,0.00104,0.062,1.13848,1.13438,20.01,0.0,0.0,-0.624,0.0,0.0,200.86,1.05328,-0.01669,-0.685,1.05342,1.05618,30.41,0.284,-1.202,63,0.2334,-0.0198,9.7217,-0.00406,-0.0014,0.00113,0.0,0.0,6653,6621,6609,6633
139.27,1.11619,-0.0153,-0.476,1.11629,1.1214,30.41,1.13848,0.00104,0.062,1.13848,1.13438,20.01,0.0,0.0,-0.617,0.0,0.0,200.86,1.05328,-0.01669,-0.679,1.05342,1.05618,30.41,0.305,-1.161,63,0.193,0.0305,9.7064,-0.00786,-0.0018,0.00047,0.0,0.0,6653,6621,6609,6633
139.52,1.11619,-0.0153,-0.476,1.11629,1.1214,29.61,1.13848,0.00104,0.062,1.13848,1.13438,20.0,0.0,0.0,-0.627,0.0,0.0,200.04,1.05328,-0.01669,-0.689,1.05342,1.05618,29.61,0.348,-1.187,63,0.246,0.0727,9.6741,-0.00513,0.00153,0.00633,0.0,0.0,6653,6621,6609,6633
139.77,1.11619,-0.0153,-0.476,1.11629,1.1214,29.61,1.13848,0.00104,0.062,1.13848,1.13438,20.0,0.0,0.0,-0.631,0.0,0.0,200.04,1.05328,-0.01669,-0.69,1.05342,1.05618,29.61,0.291,-1.205,63,0.1616,0.0144,9.7513,-0.00173,0.0014,0.00579,0.0,0.0,6653,6621,6609,6633
140.02,1.11619,-0.0153,-0.476,1.11629,1.1214,29.61,1.13848,0.00104,0.062,1.13848,1.13438,20.0,0.0,0.0,-0.627,0.0,0.0,200.04,1.05328,-0.01669,-0.684,1.05342,1.05618,29.61,0.311,-1.201,60,0.1975,0.0009,9.7252,-0.00027,0.0,0.00326,0.0,0.0,6653,6621,6609,6633
140.27,1.11619,-0.0153,-0.476,1.11629,1.1214,29.61,1.13848,0.00104,0.062,1.13848,1.13438,20.0,0.0,0.0,-0.635,0.0,0.0,200.04,1.05328,-0.01669,-0.69,1.05342,1.05618,29.61,0.311,-1.174,60,0.1832,0.0925,9.7648,-0.00213,-0.00133,0.00133,0.0,0.0,6653,6621,6609,6633
140.52,1.11619,-0.0153,-0.476,1.11629,1.1214,29.99,1.13848,0.00104,0.062,1.13848,1.13438,19.0,0.0,0.0,-0.619,0.0,0.0,199.96,1.05328,-0.01669,-0.676,1.05342,1.05618,29.99,0.29,-1.241,60,0.2514,0.0521,9.7414,-0.0026,-0.00213,-0.00073,0.0,0.0,6653,6621,6609,6633
140.77,1.11619,-0.0153,-0.476,1.11629,1.1214,29.99,1.13848,0.00104,0.062,1.13848,1.13438,19.0,0.0,0.0,-0.623,0.0,0.0,199.96,1.05328,-0.01669,-0.673,1.05342,1.05618,29.99,0.308,-1.163,60,0.1823,0.0135,9.7163,-0.00153,-0.00173,-0.00113,0.0,0.0,6653,6621,6609,6633
141.02,1.11619,-0.0153,-0.476,1.11629,1.1214,29.99,1.13848,0.00104,0.062,1.13848,1.13438,19.0,0.0,0.0,-0.627,0.0,0.0,199.96,1.05328,-0.01669,-0.68,1.05342,1.05618,29.99,0.317,-1.218,56,0.2254,0.0691,9.771,-0.00473,-0.00073,-0.00293,0.0,0.0,6653,6621,6609,6633
141.27,1.11603,-0.01533,-0.468,1.11613,1.1214,29.99,1.13848,0.00104,0.062,1.13848,1.13438,19.0,0.0,0.0,-0.632,0.0,0.0,199.96,1.05313,-0.01671,-0.679,1.05327,1.05618,29.99,0.291,-1.211,56,0.1634,0.0027,9.7764,-0.00539,0.0004,0.00186,0.0,0.0,6653,6621,6609,6633
141.52,1.11603,-0.01533,-0.468,1.11613,1.1214,29.99,1.13848,0.00104,0.062,1.13848,1.13438,19.0,0.0,0.0,-0.637,0.0,0.0,199.96,1.05313,-0.01671,-0.685,1.05327,1.05618,29.99,0.255,-1.195,56,0.2155,0.0395,9.7235,-0.00373,-0.0024,0.00186,0.0,0.0,6653,6621,6609,6633
141.77,1.11603,-0.01533,-0.468,1.11613,1.1214,30.41,1.13848,0.00104,0.062,1.13848,1.13438,20.8,0.0,0.0,-0.629,0.0,0.0,200.84,1.05313,-0.01671,-0.673,1.05327,1.05618,30.41,0.281,-1.203,56,0.1975,0.0467,9.7504,-0.0038,-0.0002,-0.00073,0.0,0.0,6653,6621,6609,6633
142.02,1.11603,-0.01533,-0.468,1.11613,1.1214,30.41,1.13848,0.00104,0.062,1.13848,1.13438,20.8,0.0,0.0,-0.637,0.0,0.0,200.84,1.05313,-0.01671,-0.678,1.05327,1.05618,30.41,0.252,-1.227,62,0.1903,0.009,9.7513,-0.0008,0.00093,-0.00313,0.0,0.0,6653,6621,6609,6633
142.27,1.11603,-0.01533,-0.468,1.11613,1.1214,30.41,1.13848,0.00104,0.062,1.13848,1.13438,20.8,0.0,0.0,-0.638,0.0,0.0,200.84,1.05313,-0.01671,-0.679,1.05327,1.05618,30.41,0.313,-1.135,62,0.2343,0.0413,9.7217,-0.00087,0.0014,-0.00333,0.0,0.0,6653,6621,6609,6633
142.52,1.11603,-0.01533,-0.468,1.11613,1.1214,30.41,1.13848,0.00104,0.062,1.13848,1.13438,20.8,0.0,0.0,-0.641,0.0,0.0,200.84,1.05313,-0.01671,-0.678,1.05327,1.05618,30.41,0.282,-1.171,62,0.1796,0.0943,9.7046,-0.00133,-0.00093,0.00626,0.0,0.0,6653,6621,6609,6633
142.77,1.11603,-0.01533,-0.468,1.11613,1.1214,30.0,1.13848,0.00104,0.062,1.13848,1.13438,20.0,0.0,0.0,-0.64,0.0,0.0,199.98,1.05313,-0.01671,-0.68,1.05327,1.05618,30.0,0.342,-1.178,62,0.2146,0.0709,9.7297,-0.00173,0.0014,0.00253,0.0,0.0,6653,6621,6609,6633
143.021,1.11603,-0.01533,-0.468,1.11613,1.1214,30.0,1.13848,0.00104,0.062,1.13848,1.13438,20.0,0.0,0.0,-0.617,0.0,0.0,199.98,1.05313,-0.01671,-0.662,1.05327,1.05618,30.0,0.298,-1.234,56,0.1472,0.1122,9.7522,-0.00133,-0.00133,0.00553,0.0,0.0,6653,6621,6609,6633
143.271,1.11603,-0.01533,-0.468,1.11613,1.1214,30.0,1.13848,0.00104,0.062,1.13848,1.13438,20.0,0.0,0.0,-0.622,0.0,0.0,199.98,1.05313,-0.01671,-0.66,1.05327,1.05618,30.0,0.324,-1.224,56,0.1652,0.1158,9.7594,0.0016,0.00273,0.00493,0.0,0.0,6653,6621,6609,6633
143.521,1.11603,-0.01533,-0.468,1.11613,1.1214,30.0,1.13848,0.00104,0.062,1.13848,1.13438,20.0,0.0,0.0,-0.622,0.0,0.0,199.98,1.05313,-0.01671,-0.655,1.05327,1.05618,30.0,0.268,-1.216,56,0.1679,0.053,9.7549,-0.00513,0.00306,0.0022,0.0,0.0,6653,6621,6609,6633
143.77,1.11603,-0.01533,-0.468,1.11613,1.1214,30.0,1.13848,0.00104,0.062,1.13848,1.13438,20.0,0.0,0.0,-0.604,0.0,0.0,199.98,1.05313,-0.01671,-0.639,1.05327,1.05618,30.0,0.287,-1.196,56,0.2649,0.0718,9.7288,-0.003,-0.00153,0.00413,0.0,0.0,6653,6621,6609,6633
144.02,1.11603,-0.01533,-0.468,1.11613,1.1214,27.99,1.13848,0.00104,0.062,1.13848,1.13438,20.0,0.0,0.0,-0.6,0.0,0.0,200.75,1.05313,-0.01671,-0.633,1.05327,1.05618,27.99,0.277,-1.227,55,0.2236,0.105,9.7163,-0.00792,-0.00013,0.00519,0.0,0.0,6653,6621,6609,6633
144.27,1.11599,-0.01544,-0.464,1.1161,1.1214,27.99,1.13848,0.00104,0.062,1.13848,1.13438,20.0,0.0,0.0,-0.601,0.0,0.0,200.75,1.0531,-0.01682,-0.632,1.05323,1.05618,27.99,0.251,-1.264,55,0.2038,0.0117,9.7324,-0.00419,0.00166,-0.00093,0.0,0.0,6653,6621,6609,6633
144.52,1.11599,-0.01544,-0.464,1.1161,1.1214,27.99,1.13848,0.00104,0.062,1.13848,1.13438,20.0,0.0,0.0,-0.598,0.0,0.0,200.75,1.0531,-0.01682,-0.63,1.05323,1.05618,27.99,0.29,-1.19,55,0.228,0.0691,9.7064,-0.00779,-0.00266,0.00053,0.0,0.0,6653,6621,6609,6633
144.77,1.11599,-0.01544,-0.464,1.1161,1.1214,27.99,1.13848,0.00104,0.062,1.13848,1.13438,20.0,0.0,0.0,-0.587,0.0,0.0,200.75,1.0531,-0.01682,-0.616,1.05323,1.05618,27.99,0.265,-1.223,55,0.2586,0.105,9.7145,-0.00419,0.00127,0.00153,0.0,0.0,6653,6621,6609,6633
145.02,1.11599,-0.01544,-0.464,1.1161,1.1214,27.99,1.13848,0.00104,0.062,1.13848,1.13438,20.0,0.0,0.0,-0.578,0.0,0.0,200.75,1.0531,-0.01682,-0.611,1.05323,1.05618,27.99,0.267,-1.153,61,0.1894,0.0718,9.7665,-0.00286,-0.001,-0.00087,0.0,0.0,6653,6621,6609,6633
145.27,1.11599,-0.01544,-0.464,1.1161,1.1214,30.41,1.13848,0.00104,0.062,1.13848,1.13438,19.21,0.0,0.0,-0.574,0.0,0.0,200.07,1.0531,-0.01682,-0.601,1.05323,1.05618,30.41,0.316,-1.146,61,0.2667,0.0611,9.7549,-0.00506,0.00253,0.00313,0.0,0.0,6653,6621,6609,6633
145.52,1.11599,-0.01544,-0.464,1.1161,1.1214,30.41,1.13848,0.00104,0.062,1.13848,1.13438,19.21,0.0,0.0,-0.58,0.0,0.0,200.07,1.0531,-0.01682,-0.605,1.05323,1.05618,30.41,0.337,-1.213,61,0.2289,0.0485,9.7055,-0.00306,0.001,0.0028,0.0,0.0,6653,6621,6609,6633
145.77,1.11602,-0.01554,-0.461,1.11613,1.1214,30.41,1.13848,0.00104,0.062,1.13848,1.13438,19.21,0.0,0.0,-0.577,0.0,0.0,200.07,1.05313,-0.01691,-0.602,1.05326,1.05618,30.41,0.291,-1.172,61,0.1912,0.0386,9.7387,-0.00499,0.00193,0.00186,0.0,0.0,6653,6621,6609,6633
146.02,1.11602,-0.01554,-0.461,1.11613,1.1214,30.41,1.13848,0.00104,0.062,1.13848,1.13438,19.21,0.0,0.0,-0.574,0.0,0.0,200.07,1.05313,-0.01691,-0.596,1.05326,1.05618,30.41,0.329,-1.169,58,0.193,0.0548,9.8096,-0.00486,-0.0016,0.0028,0.0,0.0,6653,6621,6609,6633
146.27,1.11602,-0.01554,-0.461,1.11613,1.1214,30.41,1.13848,0.00104,0.062,1.13848,1.13438,19.21,0.0,0.0,-0.577,0.0,0.0,200.07,1.05313,-0.01691,-0.598,1.05326,1.05618,30.41,0.285,-1.17,58,0.1787,0.0548,9.7486,-0.00246,-0.00273,0.0028,0.0,0.0,6653,6621,6609,6633
146.52,1.11602,-0.01554,-0.461,1.11613,1.1214,29.6,1.13848,0.00104,0.062,1.13848,1.13438,20.0,0.0,0.0,-0.586,0.0,0.0,200.82,1.05313,-0.01691,-0.602,1.05326,1.05618,29.6,0.267,-1.113,58,0.1383,0.0278,9.754,-0.0006,-0.00166,-0.001,0.0,0.0,6653,6621,6609,6633
146.77,1.11602,-0.01554,-0.461,1.11613,1.1214,29.6,1.13848,0.00104,0.062,1.13848,1.13438,20.0,0.0,0.0,-0.601,0.0,0.0,200.82,1.05313,-0.01691,-0.62,1.05326,1.05618,29.6,0.264,-1.168,58,0.193,0.0242,9.7342,-0.00453,0.00333,0.0016,0.0,0.0,6653,6621,6609,6633
147.02,1.11582,-0.01535,-0.466,1.11592,1.1214,29.6,1.13848,0.00104,0.062,1.13848,1.13438,20.0,0.0,0.0,-0.601,0.0,0.0,200.82,1.05294,-0.01673,-0.614,1.05307,1.05618,29.6,0.288,-1.178,63,0.1993,0.0072,9.7037,-0.00246,0.00286,-0.00067,0.0,0.0,6653,6621,6609,6633
147.27,1.11582,-0.01535,-0.466,1.11592,1.1214,29.6,1.13848,0.00104,0.062,1.13848,1.13438,20.0,0.0,0.0,-0.61,0.0,0.0,200.82,1.05294,-0.01673,-0.629,1.05307,1.05618,29.6,0.276,-1.163,63,0.1796,0.0898,9.7261,-0.00539,0.0006,0.0014,0.0,0.0,6653,6621,6609,6633
147.52,1.11582,-0.01535,-0.466,1.11592,1.1214,29.98,1.13848,0.00104,0.062,1.13848,1.13438,20.99,0.0,0.0,-0.618,0.0,0.0,198.9,1.05294,-0.01673,-0.634,1.05307,1.05618,29.98,0.313,-1.158,63,0.1867,0.1248,9.754,-0.00246,-7e-05,0.00213,0.0,0.0,6653,6621,6609,6633
147.77,1.11582,-0.01535,-0.466,1.11592,1.1214,29.98,1.13848,0.00104,0.062,1.13848,1.13438,20.99,0.0,0.0,-0.604,0.0,0.0,198.9,1.05294,-0.01673,-0.619,1.05307,1.05618,29.98,0.317,-1.133,63,0.2442,0.0952,9.7423,-0.00413,-0.0036,-0.00067,0.0,0.0,6653,6621,6609,6633
148.021,1.11582,-0.01535,-0.466,1.11592,1.1214,29.98,1.13848,0.00104,0.062,1.13848,1.13438,20.99,0.0,0.0,-0.604,0.0,0.0,198.9,1.05294,-0.01673,-0.614,1.05307,1.05618,29.98,0.24,-1.257,57,0.2047,0.1122,9.7513,-0.00346,-0.00373,0.00273,0.0,0.0,6653,6621,6609,6633
148.27,1.11576,-0.01522,-0.471,1.11586,1.1214,29.98,1.13848,0.00104,0.062,1.13848,1.13438,20.99,0.0,0.0,-0.601,0.0,0.0,198.9,1.05288,-0.01662,-0.614,1.05301,1.05618,29.98,0.291,-1.22,57,0.2263,0.0871,9.7809,-0.0004,-0.00047,0.0006,0.0,0.0,6653,6621,6609,6633
148.52,1.11552,-0.0151,-0.471,1.11562,1.1214,29.98,1.13848,0.00104,0.062,1.13848,1.13438,20.99,0.0,0.0,-0.616,0.0,0.0,198.9,1.05266,-0.0165,-0.627,1.05279,1.05618,29.98,0.309,-1.199,57,0.2289,0.0045,9.7549,-0.002,0.00033,0.0022,0.0,0.0,6653,6621,6609,6633
148.77,1.11545,-0.01504,-0.475,1.11555,1.1214,30.41,1.13848,0.00104,0.062,1.13848,1.13438,20.01,0.0,0.0,-0.632,0.0,0.0,201.67,1.05259,-0.01644,-0.643,1.05272,1.05618,30.41,0.315,-1.226,57,0.1867,0.0539,9.7423,-0.0022,-0.00087,0.00113,0.0,0.0,6653,6621,6609,6633
149.021,1.11545,-0.01504,-0.475,1.11555,1.1214,30.41,1.13848,0.00104,0.062,1.13848,1.13438,20.01,0.0,0.0,-0.628,0.0,0.0,201.67,1.05259,-0.01644,-0.643,1.05272,1.05618,30.41,0.276,-1.156,117,0.1338,0.1059,9.7621,-0.00712,-0.00206,0.00446,0.0,0.0,6653,6621,6609,6633
149.27,1.11545,-0.01504,-0.475,1.11555,1.1214,30.41,1.13848,0.00104,0.062,1.13848,1.13438,20.01,0.0,0.0,-0.644,0.0,0.0,201.67,1.05259,-0.01644,-0.65,1.05272,1.05618,30.41,0.262,-1.198,117,0.2029,0.0503,9.701,-0.00879,-0.0032,-0.00566,0.0,0.0,6653,6621,6609,6633
149.52,1.11545,-0.01504,-0.475,1.11555,1.1214,30.41,1.13848,0.00104,0.062,1.13848,1.13438,20.01,0.0,0.0,-0.64,0.0,0.0,201.67,1.05259,-0.01644,-0.646,1.05272,1.05618,30.41,0.303,-1.173,117,0.2137,0.0557,9.7396,-7e-05,-0.00087,0.00419,0.0,0.0,6653,6621,6609,6633
149.77,1.11545,-0.01504,-0.475,1.11555,1.1214,29.0,1.13848,0.00104,0.062,1.13848,1.13438,20.0,0.0,0.0,-0.624,0.0,0.0,199.99,1.05259,-0.01644,-0.63,1.05272,1.05618,29.0,0.313,-1.201,117,0.2307,-0.009,9.745,-0.00113,-0.00173,0.00593,0.0,0.0,6653,6621,6609,6633
150.021,1.11545,-0.01504,-0.475,1.11555,1.1214,29.0,1.13848,0.00104,0.062,1.13848,1.13438,20.0,0.0,0.0,-0.621,0.0,0.0,199.99,1.05259,-0.01644,-0.624,1.05272,1.05618,29.0,0.34,-1.212,92,0.2397,0.0709,9.7585,-0.00373,0.00127,0.00173,0.0,0.0,6653,6621,6609,6633
150.27,1.11545,-0.01504,-0.475,1.11555,1.1214,29.0,1.13848,0.00104,0.062,1.13848,1.13438,20.0,0.0,0.0,-0.616,0.0,0.0,199.99,1.05259,-0.01644,-0.62,1.05272,1.05618,29.0,0.342,-1.203,92,0.1975,0.1041,9.763,-0.00206,0.0,0.00266,0.0,0.0,6653,6621,6609,6633
150.52,1.11545,-0.01504,-0.475,1.11555,1.1214,29.0,1.13848,0.00104,0.062,1.13848,1.13438,20.0,0.0,0.0,-0.611,0.0,0.0,199.99,1.05259,-0.01644,-0.617,1.05272,1.05618,29.0,0.268,-1.218,92,0.1706,0.0153,9.7297,-0.0016,-0.0014,0.0034,0.0,0.0,6653,6621,6609,6633
150.77,1.11542,-0.01502,-0.474,1.11552,1.1214,30.0,1.13848,0.00104,0.062,1.13848,1.13438,20.0,0.0,0.0,-0.609,0.0,0.0,199.99,1.05257,-0.01642,-0.61,1.0527,1.05618,30.0,0.257,-1.177,92,0.1508,0.0988,9.7208,-0.0034,0.0006,0.00293,0.0,0.0,6653,6621,6609,6633
151.02,1.11542,-0.01502,-0.474,1.11552,1.1214,30.0,1.13848,0.00104,0.062,1.13848,1.13438,20.0,0.0,0.0,-0.607,0.0,0.0,199.99,1.05257,-0.01642,-0.605,1.0527,1.05618,30.0,0.276,-1.208,107,0.211,0.0494,9.7369,0.00013,-0.00067,-0.00033,0.0,0.0,6653,6621,6609,6633
151.271,1.11542,-0.01502,-0.474,1.11552,1.1214,30.0,1.13848,0.00104,0.062,1.13848,1.13438,20.0,0.0,0.0,-0.596,0.0,0.0,199.99,1.05257,-0.01642,-0.598,1.0527,1.05618,30.0,0.299,-1.19,107,0.1921,0.0763,9.7423,-0.00526,0.0022,0.00186,0.0,0.0,6653,6621,6609,6633
151.521,1.11542,-0.01502,-0.474,1.11552,1.1214,30.0,1.13848,0.00104,0.062,1.13848,1.13438,20.0,0.0,0.0,-0.591,0.0,0.0,199.99,1.05257,-0.01642,-0.589,1.0527,1.05618,30.0,0.287,-1.215,107,0.2469,0.0628,9.6938,-0.00233,-0.0004,-0.00047,0.0,0.0,6653,6621,6609,6633
151.77,1.11542,-0.01502,-0.474,1.11552,1.1214,30.0,1.13848,0.00104,0.062,1.13848,1.13438,20.0,0.0,0.0,-0.593,0.0,0.0,201.0,1.05257,-0.01642,-0.59,1.0527,1.05618,30.0,0.308,-1.237,107,0.2352,0.0027,9.727,-0.00499,0.0002,0.00093,0.0,0.0,6653,6621,6609,6633
152.021,1.11542,-0.01502,-0.474,1.11552,1.1214,30.0,1.13848,0.00104,0.062,1.13848,1.13438,20.0,0.0,0.0,-0.583,0.0,0.0,201.0,1.05257,-0.01642,-0.582,1.0527,1.05618,30.0,0.317,-1.197,102,0.2173,0.0575,9.736,-0.00266,-0.00233,-0.00619,0.0,0.0,6653,6621,6609,6633
152.27,1.11542,-0.01502,-0.474,1.11552,1.1214,30.0,1.13848,0.00104,0.062,1.13848,1.13438,20.0,0.0,0.0,-0.581,0.0,0.0,201.0,1.05257,-0.01642,-0.578,1.0527,1.05618,30.0,0.324,-1.205,102,0.2334,0.0144,9.7244,-0.00446,-0.0032,0.00579,0.0,0.0,6653,6621,6609,6633
152.521,1.11542,-0.01502,-0.474,1.11552,1.1214,30.0,1.13848,0.00104,0.062,1.13848,1.13438,20.0,0.0,0.0,-0.582,0.0,0.0,201.0,1.05257,-0.01642,-0.579,1.0527,1.05618,30.0,0.328,-1.203,102,0.1841,0.0593,9.7746,-0.00473,-0.00206,0.00606,0.0,0.0,6653,6621,6609,6633
152.77,1.11542,-0.01502,-0.474,1.11552,1.1214,30.0,1.13848,0.00104,0.062,1.13848,1.13438,20.0,0.0,0.0,-0.601,0.0,0.0,201.0,1.05257,-0.01642,-0.595,1.0527,1.05618,30.0,0.285,-1.178,102,0.1706,0.0386,9.7342,0.0004,-0.00186,0.0014,0.0,0.0,6653,6621,6609,6633
153.021,1.11542,-0.01502,-0.474,1.11552,1.1214,29.59,1.13848,0.00104,0.062,1.13848,1.13438,19.99,0.0,0.0,-0.609,0.0,0.0,199.92,1.05257,-0.01642,-0.601,1.0527,1.05618,29.59,0.333,-1.159,96,0.2298,0.0449,9.7342,-0.00613,-0.00366,0.00892,0.0,0.0,6653,6621,6609,6633
153.27,1.11542,-0.01502,-0.474,1.11552,1.1214,29.59,1.13848,0.00104,0.062,1.13848,1.13438,19.99,0.0,0.0,-0.598,0.0,0.0,199.92,1.05257,-0.01642,-0.592,1.0527,1.05618,29.59,0.353,-1.187,96,0.228,0.0952,9.7082,-0.00399,0.0016,0.00493,0.0,0.0,6653,6621,6609,6633
153.52,1.11542,-0.01502,-0.474,1.11552,1.1214,29.59,1.13848,0.00104,0.062,1.13848,1.13438,19.99,0.0,0.0,-0.602,0.0,0.0,199.92,1.05257,-0.01642,-0.594,1.0527,1.05618,29.59,0.359,-1.156,96,0.1823,0.0781,9.7288,-0.00453,-0.0022,0.00393,0.0,0.0,6653,6621,6609,6633
153.77,1.11542,-0.01502,-0.474,1.11552,1.1214,29.59,1.13848,0.00104,0.062,1.13848,1.13438,19.99,0.0,0.0,-0.594,0.0,0.0,199.92,1.05257,-0.01642,-0.586,1.0527,1.05618,29.59,0.366,-1.184,96,0.1535,0.0404,9.7351,-0.00127,-0.00493,0.00313,0.0,0.0,6653,6621,6609,6633
154.021,1.11542,-0.01502,-0.474,1.11552,1.1214,29.99,1.13848,0.00104,0.062,1.13848,1.13438,19.99,0.0,0.0,-0.587,0.0,0.0,200.94,1.05257,-0.01642,-0.578,1.0527,1.05618,29.99,0.335,-1.199,92,0.1841,0.0233,9.692,-0.0012,-0.0012,-0.00406,0.0,0.0,6653,6621,6609,6633
154.27,1.11542,-0.01502,-0.474,1.11552,1.1214,29.99,1.13848,0.00104,0.062,1.13848,1.13438,19.99,0.0,0.0,-0.572,0.0,0.0,200.94,1.05257,-0.01642,-0.561,1.0527,1.05618,29.99,0.267,-1.211,92,0.2263,-0.0135,9.7181,-0.0024,0.00246,0.00153,0.0,0.0,6653,6621,6609,6633
154.521,1.11539,-0.01501,-0.475,1.11549,1.1214,29.99,1.13848,0.00104,0.062,1.13848,1.13438,19.99,0.0,0.0,-0.567,0.0,0.0,200.94,1.05254,-0.01641,-0.557,1.05267,1.05618,29.99,0.295,-1.222,92,0.2289,0.0799,9.7495,-0.00566,0.00073,0.00053,0.0,0.0,6653,6621,6609,6633
154.77,1.11539,-0.01501,-0.475,1.11549,1.1214,29.99,1.13848,0.00104,0.062,1.13848,1.13438,19.99,0.0,0.0,-0.574,0.0,0.0,200.94,1.05254,-0.01641,-0.563,1.05267,1.05618,29.99,0.298,-1.183,92,0.2245,0.0557,9.7441,-0.00273,-0.00246,0.0032,0.0,0.0,6653,6621,6609,6633
155.02,1.11539,-0.01501,-0.475,1.11549,1.1214,29.99,1.13848,0.00104,0.062,1.13848,1.13438,19.99,0.0,0.0,-0.575,0.0,0.0,200.94,1.05254,-0.01641,-0.565,1.05267,1.05618,29.99,0.26,-1.168,96,0.1966,0.1068,9.7486,-0.00499,-0.00113,0.00013,0.0,0.0,6653,6621,6609,6633
155.27,1.11539,-0.01501,-0.475,1.11549,1.1214,30.42,1.13848,0.00104,0.062,1.13848,1.13438,20.01,0.0,0.0,-0.566,0.0,0.0,200.13,1.05254,-0.01641,-0.554,1.05267,1.05618,30.42,0.319,-1.153,96,0.202,-0.009,9.7217,-0.0036,0.00173,0.0034,0.0,0.0,6653,6621,6609,6633
155.521,1.11539,-0.01501,-0.475,1.11549,1.1214,30.42,1.13848,0.00104,0.062,1.13848,1.13438,20.01,0.0,0.0,-0.563,0.0,0.0,200.13,1.05254,-0.01641,-0.554,1.05267,1.05618,30.42,0.31,-1.183,96,0.237,0.0332,9.8159,-0.00546,-0.00233,0.00333,0.0,0.0,6653,6621,6609,6633
155.77,1.11539,-0.01501,-0.475,1.11549,1.1214,30.42,1.13848,0.00104,0.062,1.13848,1.13438,20.01,0.0,0.0,-0.572,0.0,0.0,200.13,1.05254,-0.01641,-0.558,1.05267,1.05618,30.42,0.258,-1.169,96,0.1939,0.0539,9.7558,-0.0028,0.00133,0.003,0.0,0.0,6653,6621,6609,6633
156.02,1.11539,-0.01501,-0.475,1.11549,1.1214,30.42,1.13848,0.00104,0.062,1.13848,1.13438,20.01,0.0,0.0,-0.576,0.0,0.0,200.13,1.05254,-0.01641,-0.564,1.05267,1.05618,30.42,0.285,-1.175,92,0.2038,0.0682,9.7432,-0.00559,-0.00087,-0.0006,0.0,0.0,6653,6621,6609,6633
156.271,1.11539,-0.01501,-0.475,1.11549,1.1214,29.98,1.13848,0.00104,0.062,1.13848,1.13438,19.99,0.0,0.0,-0.58,0.0,0.0,200.9,1.05254,-0.01641,-0.564,1.05267,1.05618,29.98,0.346,-1.172,92,0.1885,0.1015,9.7495,-0.00153,-0.0018,0.00127,0.0,0.0,6653,6621,6609,6633
156.52,1.11539,-0.01501,-0.475,1.11549,1.1214,29.98,1.13848,0.00104,0.062,1.13848,1.13438,19.99,0.0,0.0,-0.591,0.0,0.0,200.9,1.05254,-0.01641,-0.574,1.05267,1.05618,29.98,0.297,-1.229,92,0.1867,-0.0009,9.7639,-0.00153,-0.00333,0.003,0.0,0.0,6653,6621,6609,6633
156.77,1.11539,-0.01501,-0.475,1.11549,1.1214,29.98,1.13848,0.00104,0.062,1.13848,1.13438,19.99,0.0,0.0,-0.584,0.0,0.0,200.9,1.05254,-0.01641,-0.568,1.05267,1.05618,29.98,0.284,-1.24,92,0.1508,0.0772,9.7558,-0.00346,0.00127,0.002,0.0,0.0,6653,6621,6609,6633
157.021,1.11539,-0.01501,-0.475,1.11549,1.1214,29.98,1.13848,0.00104,0.062,1.13848,1.13438,19.99,0.0,0.0,-0.592,0.0,0.0,200.9,1.05254,-0.01641,-0.576,1.05267,1.05618,29.98,0.233,-1.214,90,0.1966,0.0099,9.7648,-0.00133,0.0014,0.00093,0.0,0.0,6653,6621,6609,6633
157.27,1.11539,-0.01501,-0.475,1.11549,1.1214,29.98,1.13848,0.00104,0.062,1.13848,1.13438,19.99,0.0,0.0,-0.593,0.0,0.0,200.9,1.05254,-0.01641,-0.574,1.05267,1.05618,29.98,0.269,-1.182,90,0.2065,0.0889,9.7477,-0.00206,0.00399,-0.00093,0.0,0.0,6653,6621,6609,6633
157.52,1.11539,-0.01501,-0.475,1.11549,1.1214,28.81,1.13848,0.00104,0.062,1.13848,1.13438,20.01,0.0,0.0,-0.581,0.0,0.0,199.28,1.05254,-0.01641,-0.563,1.05267,1.05618,28.81,0.318,-1.2,90,0.1912,0.1015,9.7746,-0.00533,0.00107,0.0034,0.0,0.0,6653,6621,6609,6633
157.77,1.11773,-0.01501,-0.469,1.11783,1.1214,28.81,1.14362,0.00105,0.083,1.14363,1.13976,20.01,0.0,0.0,-0.587,0.0,0.0,199.28,1.05473,-0.01642,-0.563,1.05485,1.05618,28.81,0.347,0.677,90,-0.3313,0.1356,9.1758,0.00366,-0.0516,-0.01139,0.0835,0.0126,6670,6636,6625,6651
158.02,1.1424,-0.01661,-0.399,1.14252,1.14951,28.81,1.17224,0.00111,0.138,1.17224,1.17225,20.01,0.0,0.0,-0.583,0.0,0.0,199.28,1.0778,-0.01798,-0.556,1.07795,1.08248,28.81,0.517,0.339,83,0.1257,0.0772,9.8833,-0.01898,0.00692,0.0032,0.1455,-0.0252,6869,6833,6823,6849
158.27,1.16599,-0.01642,-0.43,1.16611,1.17136,28.81,1.19182,0.00117,0.201,1.19182,1.1918,20.01,0.0,0.0,-0.605,0.0,0.0,199.28,1.09993,-0.01786,-0.582,1.10007,1.10023,28.81,0.19,-2.186,83,-0.1428,0.0772,9.7432,-0.00193,-0.0024,0.00706,0.0,0.0,6954,6920,6911,6937
158.52,1.16599,-0.01642,-0.43,1.16611,1.17136,29.99,1.19182,0.00117,0.201,1.19182,1.1918,19.0,0.0,0.0,-0.604,0.0,0.0,200.95,1.09993,-0.01786,-0.581,1.10007,1.10023,29.99,0.291,-1.52,83,0.1894,0.0916,9.7872,-0.00246,0.00186,0.001,0.0,0.0,6954,6920,6911,6937
158.771,1.16599,-0.01642,-0.43,1.16611,1.17136,29.99,1.19182,0.00117,0.201,1.19182,1.1918,19.0,0.0,0.0,-0.618,0.0,0.0,200.95,1.09993,-0.01786,-0.593,1.10007,1.10023,29.99,0.274,-1.234,83,0.1598,0.1383,9.7468,-0.00619,-0.0018,0.00293,0.0,0.0,6954,6920,6911,6937
159.021,1.16599,-0.01642,-0.43,1.16611,1.17136,29.99,1.19182,0.00117,0.201,1.19182,1.1918,19.0,0.0,0.0,-0.605,0.0,0.0,200.95,1.09993,-0.01786,-0.579,1.10007,1.10023,29.99,0.349,-1.129,75,0.1652,0.0476,9.7468,-0.00333,-0.00206,-7e-05,0.0,0.0,6954,6920,6911,6937
159.27,1.16599,-0.01642,-0.43,1.16611,1.17136,29.99,1.19182,0.00117,0.201,1.19182,1.1918,19.0,0.0,0.0,-0.604,0.0,0.0,200.95,1.09993,-0.01786,-0.576,1.10007,1.10023,29.99,0.287,-1.109,75,0.1787,0.1015,9.7441,-0.00366,-0.0002,-0.0022,0.0,0.0,6954,6920,6911,6937
159.52,1.16599,-0.01642,-0.43,1.16611,1.17136,30.0,1.19182,0.00117,0.201,1.19182,1.1918,21.0,0.0,0.0,-0.608,0.0,0.0,200.98,1.09993,-0.01786,-0.577,1.10007,1.10023,30.0,0.276,-1.112,75,0.2101,0.0691,9.7486,-0.00486,-0.00053,-0.00107,0.0,0.0,6954,6920,6911,6937
159.77,1.16599,-0.01642,-0.43,1.16611,1.17136,30.0,1.19182,0.00117,0.201,1.19182,1.1918,21.0,0.0,0.0,-0.617,0.0,0.0,200.98,1.09993,-0.01786,-0.585,1.10007,1.10023,30.0,0.284,-1.114,75,0.2137,0.1149,9.7639,-0.00426,-0.00127,-0.00013,0.0,0.0,6954,6920,6911,6937
160.02,1.16599,-0.01642,-0.43,1.16611,1.17136,30.0,1.19182,0.00117,0.201,1.19182,1.1918,21.0,0.0,0.0,-0.603,0.0,0.0,200.98,1.09993,-0.01786,-0.573,1.10007,1.10023,30.0,0.278,-1.105,75,0.2469,0.0637,9.692,-0.00459,-0.0032,0.00206,0.0,0.0,6954,6920,6911,6937
160.27,1.16599,-0.01642,-0.43,1.16611,1.17136,30.0,1.19182,0.00117,0.201,1.19182,1.1918,21.0,0.0,0.0,-0.608,0.0,0.0,200.98,1.09993,-0.01786,-0.577,1.10007,1.10023,30.0,0.291,-1.093,75,0.1876,0.0772,9.701,-0.00346,-0.0016,0.0002,0.0,0.0,6954,6920,6911,6937
160.52,1.16599,-0.01642,-0.43,1.16611,1.17136,30.0,1.19182,0.00117,0.201,1.19182,1.1918,21.0,0.0,0.0,-0.593,0.0,0.0,200.98,1.09993,-0.01786,-0.566,1.10007,1.10023,30.0,0.316,-1.096,75,0.167,0.0988,9.7612,-0.00439,-7e-05,0.00087,0.0,0.0,6954,6920,6911,6937
160.77,1.16599,-0.01642,-0.43,1.16611,1.17136,30.41,1.19182,0.00117,0.201,1.19182,1.1918,20.01,0.0,0.0,-0.598,0.0,0.0,200.05,1.09993,-0.01786,-0.564,1.10007,1.10023,30.41,0.29,-1.073,75,0.2074,-0.0251,9.7252,-0.00353,0.0012,0.00173,0.0,0.0,6954,6920,6911,6937
161.02,1.16603,-0.01616,-0.447,1.16615,1.17136,30.41,1.19182,0.00117,0.201,1.19182,1.1918,20.01,0.0,0.0,-0.588,0.0,0.0,200.05,1.09997,-0.01761,-0.557,1.10011,1.10023,30.41,0.291,-1.127,77,0.2218,0.0637,9.7477,-0.00386,-0.0022,0.00273,0.0,0.0,6954,6920,6911,6937
161.27,1.16603,-0.01616,-0.447,1.16615,1.17136,30.41,1.19182,0.00117,0.201,1.19182,1.1918,20.01,0.0,0.0,-0.581,0.0,0.0,200.05,1.09997,-0.01761,-0.547,1.10011,1.10023,30.41,0.305,-1.161,77,0.2092,0.0018,9.7288,-0.00666,0.00127,0.0022,0.0,0.0,6954,6920,6911,6937
161.52,1.16603,-0.01616,-0.447,1.16615,1.17136,30.41,1.19182,0.00117,0.201,1.19182,1.1918,20.01,0.0,0.0,-0.574,0.0,0.0,200.05,1.09997,-0.01761,-0.536,1.10011,1.10023,30.41,0.313,-1.034,77,0.149,0.1158,9.7764,0.0006,-0.0006,-0.0002,0.0,0.0,6954,6920,6911,6937
161.77,1.16603,-0.01616,-0.447,1.16615,1.17136,29.99,1.19182,0.00117,0.201,1.19182,1.1918,19.99,0.0,0.0,-0.577,0.0,0.0,200.91,1.09997,-0.01761,-0.542,1.10011,1.10023,29.99,0.257,-1.09,77,0.1697,0.0646,9.7728,-0.00426,0.00353,0.0014,0.0,0.0,6954,6920,6911,6937
162.02,1.16603,-0.01616,-0.447,1.16615,1.17136,29.99,1.19182,0.00117,0.201,1.19182,1.1918,19.99,0.0,0.0,-0.578,0.0,0.0,200.91,1.09997,-0.01761,-0.538,1.10011,1.10023,29.99,0.245,-1.106,74,0.1742,0.0952,9.7324,-0.00473,-0.00027,0.00107,0.0,0.0,6954,6920,6911,6937
162.27,1.16603,-0.01616,-0.447,1.16615,1.17136,29.99,1.19182,0.00117,0.201,1.19182,1.1918,19.99,0.0,0.0,-0.582,0.0,0.0,200.91,1.09997,-0.01761,-0.544,1.10011,1.10023,29.99,0.257,-1.122,74,0.2254,0.0862,9.7764,-0.0028,0.00013,0.00073,0.0,0.0,6954,6920,6911,6937
162.521,1.16603,-0.01616,-0.447,1.16615,1.17136,29.99,1.19182,0.00117,0.201,1.19182,1.1918,19.99,0.0,0.0,-0.58,0.0,0.0,200.91,1.09997,-0.01761,-0.542,1.10011,1.10023,29.99,0.288,-1.128,74,0.2101,0.0736,9.6857,-0.0026,-0.00333,0.00406,0.0,0.0,6954,6920,6911,6937
162.77,1.16603,-0.01616,-0.447,1.16615,1.17136,29.99,1.19182,0.00117,0.201,1.19182,1.1918,19.99,0.0,0.0,-0.581,0.0,0.0,200.91,1.09997,-0.01761,-0.543,1.10011,1.10023,29.99,0.321,-1.148,74,0.2119,0.1239,9.7549,-0.00553,-0.00013,-0.0014,0.0,0.0,6954,6920,6911,6937
163.02,1.16603,-0.01616,-0.447,1.16615,1.17136,29.6,1.19182,0.00117,0.201,1.19182,1.1918,20.0,0.0,0.0,-0.582,0.0,0.0,200.01,1.09997,-0.01761,-0.539,1.10011,1.10023,29.6,0.358,-1.145,72,0.1957,0.1006,9.7674,0.00087,-0.0002,-0.00479,0.0,0.0,6954,6920,6911,6937
163.27,1.16603,-0.01616,-0.447,1.16615,1.17136,29.6,1.19182,0.00117,0.201,1.19182,1.1918,20.0,0.0,0.0,-0.586,0.0,0.0,200.01,1.09997,-0.01761,-0.545,1.10011,1.10023,29.6,0.367,-1.1,72,0.2002,0.0754,9.7746,-0.00013,-0.0014,-0.0028,0.0,0.0,6954,6920,6911,6937
163.521,1.16606,-0.01616,-0.445,1.16617,1.17136,29.6,1.19182,0.00117,0.201,1.19182,1.1918,20.0,0.0,0.0,-0.587,0.0,0.0,200.01,1.09999,-0.01762,-0.546,1.10014,1.10023,29.6,0.313,-1.13,72,0.2002,0.0934,9.7522,-0.00473,-0.00173,0.00313,0.0,0.0,6954,6920,6911,6937
163.77,1.16606,-0.01616,-0.445,1.16617,1.17136,29.6,1.19182,0.00117,0.201,1.19182,1.1918,20.0,0.0,0.0,-0.579,0.0,0.0,200.01,1.09999,-0.01762,-0.536,1.10014,1.10023,29.6,0.293,-1.141,72,0.2128,0.0664,9.7082,-0.0022,-0.00133,-0.001,0.0,0.0,6954,6920,6911,6937
164.02,1.16606,-0.01616,-0.445,1.16617,1.17136,29.6,1.19182,0.00117,0.201,1.19182,1.1918,20.0,0.0,0.0,-0.58,0.0,0.0,200.01,1.09999,-0.01762,-0.536,1.10014,1.10023,29.6,0.302,-1.13,77,0.211,0.0673,9.7818,0.0024,0.00166,-0.0016,0.0,0.0,6954,6920,6911,6937
164.27,1.16606,-0.01616,-0.445,1.16617,1.17136,30.41,1.19182,0.00117,0.201,1.19182,1.1918,20.01,0.0,0.0,-0.59,0.0,0.0,200.86,1.09999,-0.01762,-0.543,1.10014,1.10023,30.41,0.3,-1.144,77,0.2182,-0.0018,9.7603,-0.00399,-0.00233,-0.00439,0.0,0.0,6954,6920,6911,6937
164.521,1.16606,-0.01616,-0.445,1.16617,1.17136,30.41,1.19182,0.00117,0.201,1.19182,1.1918,20.01,0.0,0.0,-0.581,0.0,0.0,200.86,1.09999,-0.01762,-0.533,1.10014,1.10023,30.41,0.362,-1.152,77,0.1437,0.0934,9.7773,-0.00819,0.0006,0.00399,0.0,0.0,6954,6920,6911,6937
164.77,1.16606,-0.01616,-0.445,1.16617,1.17136,30.41,1.19182,0.00117,0.201,1.19182,1.1918,20.01,0.0,0.0,-0.578,0.0,0.0,200.86,1.09999,-0.01762,-0.533,1.10014,1.10023,30.41,0.352,-1.143,77,0.2388,0.0251,9.7109,-0.0028,-0.00253,0.0018,0.0,0.0,6954,6920,6911,6937
165.02,1.16606,-0.01616,-0.445,1.16617,1.17136,30.41,1.19182,0.00117,0.201,1.19182,1.1918,20.01,0.0,0.0,-0.573,0.0,0.0,200.86,1.09999,-0.01762,-0.531,1.10014,1.10023,30.41,0.318,-1.073,75,0.1805,0.0099,9.6911,-0.00033,0.001,0.002,0.0,0.0,6954,6920,6911,6937
165.27,1.16606,-0.01616,-0.445,1.16617,1.17136,30.41,1.19182,0.00117,0.201,1.19182,1.1918,20.01,0.0,0.0,-0.563,0.0,0.0,200.86,1.09999,-0.01762,-0.516,1.10014,1.10023,30.41,0.336,-1.104,75,0.1553,0.0548,9.7459,-0.00273,0.00107,-0.0004,0.0,0.0,6954,6920,6911,6937
165.521,1.16606,-0.01616,-0.445,1.16617,1.17136,29.59,1.19182,0.00117,0.201,1.19182,1.1918,19.99,0.0,0.0,-0.561,0.0,0.0,199.92,1.09999,-0.01762,-0.518,1.10014,1.10023,29.59,0.33,-1.13,75,0.2137,0.0862,9.7037,-0.00373,-0.00293,0.00413,0.0,0.0,6954,6920,6911,6937
165.77,1.16606,-0.01616,-0.445,1.16617,1.17136,29.59,1.19182,0.00117,0.201,1.19182,1.1918,19.99,0.0,0.0,-0.551,0.0,0.0,199.92,1.09999,-0.01762,-0.504,1.10014,1.10023,29.59,0.357,-1.084,75,0.1293,0.1194,9.7764,-0.00479,-0.0024,0.00013,0.0,0.0,6954,6920,6911,6937
166.02,1.16608,-0.01609,-0.447,1.16619,1.17136,29.59,1.19182,0.00117,0.201,1.19182,1.1918,19.99,0.0,0.0,-0.542,0.0,0.0,199.92,1.10001,-0.01755,-0.494,1.10015,1.10023,29.59,0.331,-1.1,73,0.1508,0.079,9.7665,-0.00399,-0.0024,-0.0012,0.0,0.0,6954,6920,6911,6937
166.27,1.16608,-0.01609,-0.447,1.16619,1.17136,29.59,1.19182,0.00117,0.201,1.19182,1.1918,19.99,0.0,0.0,-0.541,0.0,0.0,199.92,1.10001,-0.01755,-0.492,1.10015,1.10023,29.59,0.341,-1.086,73,0.1643,0.0251,9.7674,-0.0032,-0.0002,-0.0018,0.0,0.0,6954,6920,6911,6937
166.52,1.16608,-0.01609,-0.447,1.16619,1.17136,29.59,1.19182,0.00117,0.201,1.19182,1.1918,19.99,0.0,0.0,-0.54,0.0,0.0,199.92,1.10001,-0.01755,-0.488,1.10015,1.10023,29.59,0.325,-1.179,73,0.2164,0.0691,9.7324,-0.00633,0.00233,0.00286,0.0,0.0,6954,6920,6911,6937
166.77,1.16608,-0.01609,-0.447,1.16619,1.17136,30.41,1.19182,0.00117,0.201,1.19182,1.1918,20.01,0.0,0.0,-0.534,0.0,0.0,200.09,1.10001,-0.01755,-0.486,1.10015,1.10023,30.41,0.322,-1.119,73,0.1553,0.1015,9.7522,-0.00559,0.00053,0.0032,0.0,0.0,6954,6920,6911,6937
167.02,1.16608,-0.01609,-0.447,1.16619,1.17136,30.41,1.19182,0.00117,0.201,1.19182,1.1918,20.01,0.0,0.0,-0.533,0.0,0.0,200.09,1.10001,-0.01755,-0.483,1.10015,1.10023,30.41,0.283,-1.098,73,0.2433,0.0458,9.7324,0.00067,0.0014,0.00433,0.0,0.0,6954,6920,6911,6937
167.27,1.16608,-0.01609,-0.447,1.16619,1.17136,30.41,1.19182,0.00117,0.201,1.19182,1.1918,20.01,0.0,0.0,-0.547,0.0,0.0,200.09,1.10001,-0.01755,-0.499,1.10015,1.10023,30.41,0.299,-1.15,73,0.1778,0.0332,9.7648,-0.0008,0.00333,0.0008,0.0,0.0,6954,6920,6911,6937
167.521,1.16608,-0.01609,-0.447,1.16619,1.17136,30.41,1.19182,0.00117,0.201,1.19182,1.1918,20.01,0.0,0.0,-0.531,0.0,0.0,200.09,1.10001,-0.01755,-0.487,1.10015,1.10023,30.41,0.33,-1.105,73,0.1966,0.0619,9.7773,-0.00186,-0.00133,0.00406,0.0,0.0,6954,6920,6911,6937
167.77,1.16608,-0.01609,-0.447,1.16619,1.17136,30.41,1.19182,0.00117,0.201,1.19182,1.1918,20.01,0.0,0.0,-0.534,0.0,0.0,200.09,1.10001,-0.01755,-0.485,1.10015,1.10023,30.41,0.355,-1.109,73,0.2227,0.0458,9.7378,-0.0002,0.0008,0.00586,0.0,0.0,6954,6920,6911,6937
168.02,1.16608,-0.01609,-0.447,1.16619,1.17136,28.8,1.19171,0.00117,0.812,1.19171,1.1918,20.0,0.0,0.0,0.385,0.0,0.0,200.79,1.10001,-0.01755,-0.015,1.10015,1.10023,28.8,-0.331,-1.345,71,0.3071,0.1517,9.1964,0.01019,0.05573,0.2757,-0.0043,0.4028,6930,6896,6930,6956
168.27,1.16294,-0.02576,2.729,1.16322,1.17651,28.8,1.19004,0.00107,4.388,1.19004,1.1918,20.0,0.0,0.0,2.555,0.0,0.0,200.79,1.09717,-0.02661,2.512,1.0975,1.10527,28.8,0.295,-1.204,71,0.2891,-0.2667,9.965,-0.00772,0.00886,0.17357,-0.0064,0.214,6847,6837,6997,7005
168.52,1.16035,-0.0327,5.275,1.16081,1.18689,28.8,1.18929,0.00098,8.319,1.18929,1.1918,20.0,0.0,0.0,5.214,0.0,0.0,200.79,1.09478,-0.03306,4.892,1.09528,1.11711,28.8,0.286,-1.102,71,0.0593,0.0655,10.0844,-0.00286,-0.00173,0.23602,-0.0021,0.3399,6760,6780,7069,7059
168.77,1.15604,-0.04409,9.453,1.15688,1.19853,28.8,1.18757,0.0006,13.929,1.18757,1.1918,20.0,0.0,0.0,8.679,0.0,0.0,200.79,1.0908,-0.04354,8.663,1.09167,1.12832,28.8,0.515,-1.186,71,0.2999,0.2451,9.4074,0.00659,-0.01318,0.21658,-0.0064,0.3651,6614,6692,7167,7133
169.021,1.15171,-0.05524,12.9,1.15304,1.21099,29.98,1.18452,-0.00032,18.652,1.18452,1.19732,19.99,0.0,0.0,11.565,0.0,0.0,199.89,1.08672,-0.05368,11.31,1.08804,1.13948,29.98,0.512,-1.073,45,0.5234,-0.1517,9.4927,0.0004,0.03855,0.19488,-0.0107,0.2895,6489,6621,7230,7193
169.27,1.14819,-0.06616,16.367,1.1501,1.22228,29.98,1.18243,-0.00112,22.198,1.18243,1.19732,19.99,0.0,0.0,14.111,0.0,0.0,199.89,1.08325,-0.06349,14.121,1.08511,1.14601,29.98,0.632,-1.147,45,-0.0781,0.0988,10.0996,0.01198,-0.02423,0.19847,-0.0086,0.3273,6400,6569,7279,7244
169.52,1.14688,-0.07464,19.511,1.1493,1.23276,29.98,1.18066,-0.00195,28.09,1.18066,1.20235,19.99,0.0,0.0,17.113,0.0,0.0,199.89,1.08179,-0.07111,16.763,1.08412,1.15629,29.98,0.633,-0.939,45,0.1302,0.2406,9.7962,0.00965,0.01798,0.24541,-0.0064,0.4406,6243,6497,7374,7340
169.77,1.15301,-0.08578,24.048,1.1562,1.24356,29.98,1.18106,-0.00165,35.192,1.18106,1.20235,19.99,0.0,0.0,21.159,0.0,0.0,199.89,1.08689,-0.08131,21.067,1.08993,1.16692,29.98,0.405,-1.097,45,0.1365,-0.255,9.6274,-0.03262,-0.00539,0.30287,0.0043,0.4533,6065,6438,7510,7464
170.02,1.16354,-0.09409,28.381,1.16734,1.25511,29.98,1.18159,-0.00124,41.764,1.18159,1.20235,19.99,0.0,0.0,25.13,0.0,0.0,199.89,1.09588,-0.08912,24.819,1.0995,1.17719,29.98,0.323,-1.467,54,0.2433,-0.0548,9.9748,0.00386,0.02603,0.28542,0.0021,0.4657,5921,6376,7634,7569
170.27,1.17329,-0.1048,33.262,1.17796,1.27352,30.42,1.18095,-0.00192,47.966,1.18095,1.20235,20.01,0.0,0.0,29.109,0.0,0.0,200.91,1.10389,-0.09901,29.096,1.10832,1.19339,30.42,0.359,-1.365,54,0.1733,0.0341,10.0853,0.003,0.00546,0.3014,-0.0086,0.4531,5769,6284,7751,7658
170.521,1.18267,-0.11573,37.836,1.18832,1.28586,30.42,1.18017,-0.0029,53.151,1.18017,1.20235,20.01,0.0,0.0,33.414,0.0,0.0,200.91,1.1114,-0.10903,33.112,1.11673,1.20413,30.42,0.328,-1.153,54,0.3663,0.1589,9.6669,-0.00446,-0.01531,0.30214,-0.0021,0.4909,5654,6204,7851,7729
170.77,1.19481,-0.12638,43.099,1.20147,1.30415,30.42,1.17991,-0.0033,61.049,1.17991,1.20235,20.01,0.0,0.0,37.451,0.0,0.0,200.91,1.12107,-0.11898,37.511,1.12737,1.21607,30.42,0.487,-1.247,54,0.0943,0.0009,9.6346,0.00399,-0.0006,0.27244,-0.0021,0.3902,5483,6100,7997,7845
171.02,1.20329,-0.13503,47.189,1.21085,1.31457,30.42,1.17932,-0.00455,66.981,1.17933,1.20235,20.01,0.0,0.0,41.4,0.0,0.0,200.91,1.1276,-0.12697,41.173,1.13473,1.22742,30.42,0.556,-1.084,57,0.114,0.0593,9.6148,-0.00666,-0.00166,0.29814,-0.0064,0.4406,5353,6012,8103,7924
171.27,1.21199,-0.14691,52.08,1.22087,1.33101,30.0,1.17878,-0.00608,73.358,1.17879,1.20755,20.0,0.0,0.0,45.317,0.0,0.0,199.98,1.13396,-0.13774,45.526,1.1423,1.23833,30.0,0.573,-1.163,57,0.1024,0.0431,9.5457,-0.00033,-0.01991,0.26572,-0.0064,0.4154,5211,5910,8222,8005
171.52,1.21951,-0.15666,56.265,1.22954,1.34333,30.0,1.17828,-0.00827,79.868,1.17831,1.20755,20.0,0.0,0.0,49.59,0.0,0.0,199.98,1.13944,-0.14667,49.416,1.14884,1.2501,30.0,0.674,-1.095,57,0.2972,0.1059,9.5852,-0.01019,0.03968,0.30167,-0.0107,0.4657,5060,5816,8333,8085
171.77,1.23058,-0.16727,61.661,1.2419,1.35449,30.0,1.17821,-0.00888,87.453,1.17824,1.20755,20.0,0.0,0.0,54.132,0.0,0.0,199.98,1.14779,-0.15666,54.433,1.15843,1.2627,30.0,0.49,-0.831,57,0.3295,-0.1275,9.5026,-0.00373,-0.00759,0.28056,0.0086,0.5035,4915,5744,8445,8177
172.02,1.24182,-0.17296,65.773,1.25381,1.36709,30.0,1.17825,-0.00933,93.65,1.17829,1.20755,20.0,0.0,0.0,57.879,0.0,0.0,199.98,1.15669,-0.16263,57.908,1.16807,1.27341,30.0,0.585,-1.201,88,0.1401,0.1015,9.7845,0.00732,0.00333,0.2317,-0.0064,0.3902,4736,5655,8580,8297
172.271,1.24942,-0.18217,69.917,1.26263,1.37904,29.99,1.17844,-0.01089,98.031,1.17849,1.21259,18.99,0.0,0.0,61.487,0.0,0.0,200.91,1.16208,-0.17123,61.805,1.17462,1.28445,29.99,0.639,-1.133,88,0.2613,0.1463,9.5861,-0.00579,-0.0026,0.27098,-0.0107,0.4154,4621,5587,8652,8357
172.521,1.25722,-0.19352,73.812,1.27202,1.39782,29.99,1.17908,-0.01381,104.868,1.17916,1.21259,18.99,0.0,0.0,64.89,0.0,0.0,200.91,1.16732,-0.18169,65.118,1.18138,1.29488,29.99,0.611,-1.22,88,0.1266,0.1284,9.9587,0.00246,0.01698,0.19794,-0.0086,0.3022,4459,5484,8758,8450
172.77,1.25902,-0.19924,76.907,1.27468,1.40363,29.99,1.17986,-0.01629,109.262,1.17997,1.2177,18.99,0.0,0.0,67.664,0.0,0.0,200.91,1.16813,-0.18672,68.149,1.18295,1.30036,29.99,0.532,-1.307,88,0.149,0.0045,9.7333,-0.0026,-0.00732,0.21445,-0.0086,0.3273,4347,5412,8829,8518
173.02,1.25389,-0.19853,79.096,1.26951,1.40896,29.99,1.18112,-0.0194,113.594,1.18128,1.2177,18.99,0.0,0.0,70.446,0.0,0.0,200.91,1.16392,-0.1855,70.87,1.17861,1.30036,29.99,0.62,-1.362,60,0.3466,0.2478,9.6974,0.00679,0.00786,0.19168,-0.0193,0.3147,4239,5336,8886,8570
173.27,1.25676,-0.20665,82.201,1.27363,1.41528,29.99,1.18321,-0.02362,118.071,1.18344,1.22346,18.99,0.0,0.0,73.204,0.0,0.0,200.91,1.16538,-0.19267,73.821,1.1812,1.30662,29.99,0.598,-1.266,60,0.2738,0.2065,9.8788,0.00067,0.00892,0.19681,-0.0193,0.2896,4115,5247,8942,8619
173.52,1.25943,-0.21367,84.971,1.27743,1.4274,29.61,1.18541,-0.02735,121.674,1.18573,1.22941,20.01,0.0,0.0,76.272,0.0,0.0,200.07,1.16681,-0.19889,76.7,1.18364,1.31696,29.61,0.722,-1.225,60,0.2918,-0.0952,9.6489,7e-05,0.02663,0.24255,-0.0214,0.3524,4012,5171,8992,8653
173.77,1.26226,-0.22006,88.264,1.2813,1.43281,29.61,1.18898,-0.03239,127.658,1.18942,1.23476,20.01,0.0,0.0,79.253,0.0,0.0,200.07,1.16845,-0.20459,79.995,1.18622,1.3229,29.61,0.756,-1.041,60,0.2999,0.3735,9.5026,-0.00326,-0.0004,0.19121,-0.0214,0.3272,3849,5059,9074,8700
174.02,1.2659,-0.22651,91.117,1.286,1.43835,29.61,1.19219,-0.03614,132.749,1.19273,1.23995,20.01,0.0,0.0,82.36,0.0,0.0,200.07,1.17077,-0.21044,82.898,1.18953,1.32798,29.61,0.788,-1.015,97,0.3412,0.5997,9.7549,-0.00573,-0.00107,0.19894,-0.015,0.365,3719,4972,9141,8743
174.27,1.26885,-0.23096,94.122,1.2897,1.4438,29.61,1.19382,-0.03778,137.241,1.19442,1.23995,20.01,0.0,0.0,85.177,0.0,0.0,200.07,1.17275,-0.21453,86.085,1.19221,1.33365,29.61,0.627,-0.908,97,0.4651,0.1374,9.6256,0.00353,0.00892,0.20553,-0.0064,0.3147,3597,4900,9222,8797
174.52,1.27285,-0.23414,97.169,1.29421,1.44929,29.99,1.19524,-0.03896,142.428,1.19587,1.24512,20.99,0.0,0.0,88.58,0.0,0.0,199.95,1.17576,-0.21765,89.189,1.19574,1.33365,29.99,0.626,-0.858,97,0.3044,-0.097,9.6274,-0.00373,0.00919,0.26206,-0.0086,0.3776,3468,4826,9309,8867
174.77,1.27566,-0.2367,99.951,1.29743,1.45436,29.99,1.19648,-0.03981,146.599,1.19714,1.24512,20.99,0.0,0.0,90.221,0.0,0.0,199.95,1.17784,-0.22013,91.302,1.19824,1.3388,29.99,1.072,-0.813,97,-0.0422,0.0925,9.868,-0.00439,0.00679,0.02577,-0.0021,-0.0881,3385,4783,9355,8905
175.021,1.27517,-0.23684,99.781,1.29697,1.45436,29.99,1.19652,-0.03983,146.486,1.19718,1.24512,20.99,0.0,0.0,90.23,0.0,0.0,199.95,1.17741,-0.22019,91.368,1.19782,1.3388,29.99,0.802,-0.93,88,0.2397,0.1185,9.7306,-0.00633,0.0026,0.00206,0.0,0.0,3385,4783,9355,8905
175.27,1.27584,-0.23674,99.835,1.29762,1.45436,29.99,1.19652,-0.03983,146.486,1.19718,1.24512,20.99,0.0,0.0,90.222,0.0,0.0,199.95,1.178,-0.22018,91.428,1.1984,1.3388,29.99,0.712,-0.955,88,0.2047,0.1015,9.745,-0.00559,0.00153,0.003,0.0,0.0,3385,4783,9355,8905
175.52,1.2762,-0.23666,99.858,1.29796,1.45436,29.99,1.19652,-0.03983,146.486,1.19718,1.24512,20.99,0.0,0.0,90.201,0.0,0.0,199.95,1.1783,-0.22016,91.47,1.1987,1.3388,29.99,0.684,-0.953,88,0.1832,0.0862,9.7441,-0.00566,-0.00053,0.002,0.0,0.0,3385,4783,9355,8905
175.77,1.2763,-0.23688,99.859,1.29809,1.45436,30.4,1.19652,-0.03983,146.486,1.19718,1.24512,20.0,0.0,0.0,90.189,0.0,0.0,200.8,1.17836,-0.22036,91.522,1.19879,1.3388,30.4,0.696,-0.953,88,0.1858,0.114,9.7558,-0.00626,-0.0012,0.00666,0.0,0.0,3385,4783,9355,8905
176.021,1.27617,-0.23684,99.846,1.29796,1.45436,30.4,1.19652,-0.03983,146.486,1.19718,1.24512,20.0,0.0,0.0,90.188,0.0,0.0,200.8,1.17826,-0.22031,91.578,1.19868,1.3388,30.4,0.707,-0.962,71,0.1625,0.1876,9.7495,-0.00493,-0.00306,0.00246,0.0,0.0,3385,4783,9355,8905
176.27,1.2767,-0.23725,99.875,1.29856,1.45436,30.4,1.19652,-0.03983,146.486,1.19718,1.24512,20.0,0.0,0.0,90.176,0.0,0.0,200.8,1.17865,-0.22072,91.634,1.19914,1.3388,30.4,0.706,-0.951,71,0.1679,0.1347,9.745,-0.0012,-0.00053,0.0032,0.0,0.0,3385,4783,9355,8905
176.52,1.27626,-0.23694,99.85,1.29806,1.45436,30.4,1.19652,-0.03983,146.486,1.19718,1.24512,20.0,0.0,0.0,90.181,0.0,0.0,200.8,1.17832,-0.2204,91.694,1.19875,1.3388,30.4,0.684,-0.958,71,0.1499,0.1454,9.7369,-0.00386,0.00013,0.0006,0.0,0.0,3385,4783,9355,8905
176.77,1.27633,-0.237,99.858,1.29815,1.45436,30.4,1.19652,-0.03983,146.486,1.19718,1.24512,20.0,0.0,0.0,90.175,0.0,0.0,200.8,1.17837,-0.22046,91.746,1.19882,1.3388,30.4,0.64,-0.946,71,0.1661,0.123,9.7396,-0.0028,0.001,0.00459,0.0,0.0,3385,4783,9355,8905
177.02,1.2763,-0.23683,99.856,1.29808,1.45436,28.8,1.19652,-0.03983,146.486,1.19718,1.24512,20.0,0.0,0.0,90.178,0.0,0.0,200.01,1.17836,-0.22032,91.806,1.19878,1.3388,28.8,0.672,-0.952,64,0.211,0.1176,9.8043,-0.00779,-0.00186,0.002,0.0,0.0,3385,4783,9355,8905
177.27,1.27652,-0.23687,99.873,1.29831,1.45436,28.8,1.19652,-0.03983,146.486,1.19718,1.24512,20.0,0.0,0.0,90.171,0.0,0.0,200.01,1.17855,-0.22038,91.863,1.19897,1.3388,28.8,0.651,-0.957,64,0.2236,0.0521,9.7109,-0.0034,-0.00093,0.00366,0.0,0.0,3385,4783,9355,8905
177.52,1.27719,-0.23716,99.909,1.29902,1.45436,28.8,1.19652,-0.03983,146.486,1.19718,1.24512,20.0,0.0,0.0,90.175,0.0,0.0,200.01,1.17908,-0.2207,91.92,1.19955,1.3388,28.8,0.665,-0.965,64,0.1158,0.1481,9.7827,-0.00326,-0.00053,0.0014,0.0,0.0,3385,4783,9355,8905
177.77,1.27626,-0.23683,99.856,1.29805,1.45436,28.8,1.19652,-0.03983,146.486,1.19718,1.24512,20.0,0.0,0.0,90.175,0.0,0.0,200.01,1.17833,-0.22031,91.987,1.19875,1.3388,28.8,0.686,-0.955,64,0.1311,0.088,9.7639,-0.00206,-0.00107,-0.00173,0.0,0.0,3385,4783,9355,8905
178.02,1.27626,-0.23683,99.856,1.29805,1.45436,28.8,1.19652,-0.03983,146.486,1.19718,1.24512,20.0,0.0,0.0,90.163,0.0,0.0,200.01,1.17833,-0.22031,92.032,1.19875,1.3388,28.8,0.69,-0.953,92,0.1796,0.1041,9.7001,-0.00186,0.00067,0.00067,0.0,0.0,3385,4783,9355,8905
178.27,1.27627,-0.23668,99.856,1.29803,1.45436,29.61,1.19652,-0.03983,146.486,1.19718,1.24512,19.2,0.0,0.0,90.165,0.0,0.0,200.84,1.17836,-0.22019,92.089,1.19876,1.3388,29.61,0.696,-0.984,92,0.1463,0.1032,9.7746,-0.00293,-0.00127,-0.00386,0.0,0.0,3385,4783,9355,8905
178.521,1.27606,-0.23647,99.842,1.29778,1.45436,29.61,1.19652,-0.03983,146.486,1.19718,1.24512,19.2,0.0,0.0,90.149,0.0,0.0,200.84,1.1782,-0.21999,92.124,1.19857,1.3388,29.61,0.672,-1.015,92,0.1463,0.1077,9.7055,-0.00473,-0.00246,-7e-05,0.0,0.0,3385,4783,9355,8905
178.77,1.2765,-0.23673,99.858,1.29826,1.45436,29.61,1.19652,-0.03983,146.486,1.19718,1.24512,19.2,0.0,0.0,90.135,0.0,0.0,200.84,1.17855,-0.22025,92.173,1.19895,1.3388,29.61,0.657,-0.988,92,0.1823,0.0979,9.7306,-0.00526,-0.0002,0.00533,0.0,0.0,3385,4783,9355,8905
179.02,1.27646,-0.23694,99.852,1.29826,1.45436,29.61,1.19652,-0.03983,146.486,1.19718,1.24512,19.2,0.0,0.0,90.136,0.0,0.0,200.84,1.17849,-0.22043,92.232,1.19892,1.3388,29.61,0.619,-0.998,73,0.1419,0.1239,9.8034,-0.00539,0.0004,0.00792,0.0,0.0,3385,4783,9355,8905
179.27,1.2766,-0.23691,99.858,1.2984,1.45436,29.61,1.19652,-0.03983,146.486,1.19718,1.24512,19.2,0.0,0.0,90.111,0.0,0.0,200.84,1.17861,-0.22042,92.265,1.19905,1.3388,29.61,0.68,-0.997,73,0.1266,0.1374,9.701,-0.00253,0.00173,-0.00047,0.0,0.0,3385,4783,9355,8905
179.52,1.27587,-0.23713,99.826,1.29771,1.45436,29.6,1.19652,-0.03983,146.486,1.19718,1.24512,20.0,0.0,0.0,90.108,0.0,0.0,200.03,1.17797,-0.22052,92.313,1.19843,1.3388,29.6,0.678,-0.975,73,0.2245,0.1329,9.7064,-0.0026,-0.00047,-0.00286,0.0,0.0,3385,4783,9355,8905
179.77,1.27591,-0.23665,99.824,1.29767,1.45436,29.6,1.19652,-0.03983,146.486,1.19718,1.24512,20.0,0.0,0.0,90.091,0.0,0.0,200.03,1.17806,-0.22012,92.349,1.19845,1.3388,29.6,0.619,-0.94,73,0.2056,0.0853,9.7567,-0.00193,7e-05,-0.00027,0.0,0.0,3385,4783,9355,8905
180.021,1.27529,-0.23651,99.793,1.29704,1.45436,29.6,1.19652,-0.03983,146.486,1.19718,1.24512,20.0,0.0,0.0,90.078,0.0,0.0,200.03,1.17755,-0.21994,92.386,1.19792,1.3388,29.6,0.686,-0.968,57,0.141,0.0997,9.7719,-0.00586,-0.0006,0.00399,0.0,0.0,3385,4783,9355,8905
180.27,1.2752,-0.23645,99.791,1.29694,1.45436,29.6,1.19652,-0.03983,146.486,1.19718,1.24512,20.0,0.0,0.0,90.069,0.0,0.0,200.03,1.17749,-0.21987,92.437,1.19784,1.3388,29.6,0.719,-0.968,57,0.237,0.1365,9.71,-0.00373,-0.00027,0.00266,0.0,0.0,3385,4783,9355,8905
180.521,1.27557,-0.23645,99.811,1.2973,1.45436,28.97,1.19652,-0.03983,146.486,1.19718,1.24512,20.97,0.0,0.0,90.068,0.0,0.0,199.76,1.17779,-0.21992,92.484,1.19815,1.3388,28.97,0.725,-0.925,57,0.1454,0.0943,9.763,0.00233,-0.0034,0.00193,0.0,0.0,3385,4783,9355,8905
180.77,1.27501,-0.23621,99.777,1.29671,1.45436,28.97,1.19652,-0.03983,146.486,1.19718,1.24512,20.97,0.0,0.0,90.054,0.0,0.0,199.76,1.17735,-0.21965,92.534,1.19766,1.3388,28.97,0.701,-0.94,57,0.1562,0.1392,9.6902,-0.0004,-0.001,0.00093,0.0,0.0,3385,4783,9355,8905
181.02,1.27502,-0.23616,99.779,1.29671,1.45436,28.97,1.19652,-0.03983,146.486,1.19718,1.24512,20.97,0.0,0.0,90.027,0.0,0.0,199.76,1.17737,-0.21962,92.555,1.19767,1.3388,28.97,0.672,-0.98,51,0.141,0.0925,9.7639,-0.00286,-0.00253,0.00127,0.0,0.0,3385,4783,9355,8905
181.27,1.2748,-0.23629,99.768,1.29652,1.45436,28.97,1.19652,-0.03983,146.486,1.19718,1.24512,20.97,0.0,0.0,90.029,0.0,0.0,199.76,1.17716,-0.2197,92.616,1.19749,1.3388,28.97,0.658,-1.005,51,0.1993,0.1347,9.6992,-0.00586,0.00067,0.00213,0.0,0.0,3385,4783,9355,8905
181.52,1.27503,-0.23623,99.78,1.29673,1.45436,28.97,1.19652,-0.03983,146.486,1.19718,1.24512,20.97,0.0,0.0,90.03,0.0,0.0,199.76,1.17736,-0.21967,92.669,1.19768,1.3388,28.97,0.639,-1.006,51,0.1652,0.1526,9.7378,-0.00479,0.00266,-0.002,0.0,0.0,3385,4783,9355,8905
181.77,1.27511,-0.23644,99.778,1.29685,1.45436,30.43,1.19652,-0.03983,146.486,1.19718,1.24512,20.02,0.0,0.0,90.027,0.0,0.0,200.98,1.17741,-0.21986,92.719,1.19776,1.3388,30.43,0.659,-0.99,51,0.1769,0.0727,9.8061,0.00073,-0.00013,0.00293,0.0,0.0,3385,4783,9355,8905
182.02,1.27501,-0.23642,99.78,1.29674,1.45436,30.43,1.19652,-0.03983,146.486,1.19718,1.24512,20.02,0.0,0.0,90.021,0.0,0.0,200.98,1.17732,-0.21983,92.765,1.19767,1.3388,30.43,0.616,-0.993,79,0.1921,0.1428,9.7279,-0.0008,0.00153,-0.0006,0.0,0.0,3385,4783,9355,8905
182.27,1.27446,-0.23632,99.75,1.29618,1.45436,30.43,1.19652,-0.03983,146.486,1.19718,1.24512,20.02,0.0,0.0,90.024,0.0,0.0,200.98,1.17687,-0.21969,92.822,1.1972,1.3388,30.43,0.64,-1.005,79,0.1428,0.1733,9.7378,-0.0018,0.0014,0.0032,0.0,0.0,3385,4783,9355,8905
182.52,1.27496,-0.23622,99.776,1.29666,1.45436,30.43,1.19652,-0.03983,146.486,1.19718,1.24512,20.02,0.0,0.0,90.029,0.0,0.0,200.98,1.1773,-0.21965,92.874,1.19762,1.3388,30.43,0.628,-1.023,79,0.1634,0.1221,9.7396,-0.00566,-0.00406,0.0016,0.0,0.0,3385,4783,9355,8905
182.77,1.27506,-0.23622,99.772,1.29675,1.45436,29.99,1.19652,-0.03983,146.486,1.19718,1.24512,19.99,0.0,0.0,90.015,0.0,0.0,200.92,1.17739,-0.21966,92.917,1.1977,1.3388,29.99,0.657,-0.999,79,0.1401,0.1266,9.736,-0.00127,-0.0002,0.00266,0.0,0.0,3385,4783,9355,8905
183.021,1.27546,-0.23614,99.788,1.29714,1.45436,29.99,1.19652,-0.03983,146.486,1.19718,1.24512,19.99,0.0,0.0,90.003,0.0,0.0,200.92,1.17774,-0.21963,92.952,1.19804,1.3388,29.99,0.649,-0.992,44,0.1454,0.141,9.7773,-0.00266,-0.0012,0.00706,0.0,0.0,3385,4783,9355,8905
183.27,1.27574,-0.23639,99.804,1.29745,1.45436,29.99,1.19652,-0.03983,146.486,1.19718,1.24512,19.99,0.0,0.0,90.006,0.0,0.0,200.92,1.17794,-0.21987,93.009,1.19829,1.3388,29.99,0.682,-0.998,44,0.2038,0.1275,9.7037,-0.00373,-0.0004,-0.0008,0.0,0.0,3385,4783,9355,8905
183.521,1.27619,-0.2371,99.821,1.29803,1.45436,29.99,1.19652,-0.03983,146.486,1.19718,1.24512,19.99,0.0,0.0,90.001,0.0,0.0,200.92,1.17825,-0.22052,93.049,1.19871,1.3388,29.99,0.682,-0.984,44,0.1571,0.1293,9.7674,-0.00286,0.00206,0.00033,0.0,0.0,3385,4783,9355,8905
183.77,1.27619,-0.2371,99.821,1.29803,1.45436,29.99,1.19652,-0.03983,146.486,1.19718,1.24512,19.99,0.0,0.0,89.994,0.0,0.0,200.92,1.17825,-0.22052,93.102,1.19871,1.3388,29.99,0.652,-0.958,44,0.1266,0.1266,9.6893,-0.00386,-0.00047,-0.00146,0.0,0.0,3385,4783,9355,8905
184.02,1.27587,-0.23694,99.817,1.29768,1.45436,29.6,1.19652,-0.03983,146.486,1.19718,1.24512,20.0,0.0,0.0,89.999,0.0,0.0,199.23,1.178,-0.22036,93.148,1.19843,1.3388,29.6,0.665,-0.959,71,0.1751,0.1095,9.7297,-0.00013,-0.00153,0.00506,0.0,0.0,3385,4783,9355,8905
184.27,1.27593,-0.23726,99.816,1.2978,1.45436,29.6,1.19652,-0.03983,146.486,1.19718,1.24512,20.0,0.0,0.0,89.981,0.0,0.0,199.23,1.17802,-0.22063,93.189,1.1985,1.3388,29.6,0.707,-0.965,71,0.2164,0.1158,9.7495,-0.00459,0.00393,-0.0028,0.0,0.0,3385,4783,9355,8905
184.521,1.2756,-0.2371,99.796,1.29745,1.45436,29.6,1.19652,-0.03983,146.486,1.19718,1.24512,20.0,0.0,0.0,89.973,0.0,0.0,199.23,1.17776,-0.22046,93.228,1.19821,1.3388,29.6,0.69,-0.97,71,0.1715,0.0871,9.7423,-0.00013,-0.0016,0.00613,0.0,0.0,3385,4783,9355,8905
184.77,1.27552,-0.23708,99.787,1.29737,1.45436,29.6,1.19652,-0.03983,146.486,1.19718,1.24512,20.0,0.0,0.0,89.963,0.0,0.0,199.23,1.17769,-0.22043,93.268,1.19815,1.3388,29.6,0.693,-0.956,71,0.1275,0.1885,9.7719,-0.00293,-0.00173,-0.00087,0.0,0.0,3385,4783,9355,8905
185.02,1.27564,-0.23691,99.789,1.29745,1.45436,29.6,1.19652,-0.03983,146.486,1.19718,1.24512,20.0,0.0,0.0,89.951,0.0,0.0,199.23,1.17781,-0.2203,93.303,1.19824,1.3388,29.6,0.634,-0.95,57,0.1365,0.0682,9.745,-0.00599,0.00093,-0.00246,0.0,0.0,3385,4783,9355,8905
185.27,1.27593,-0.23691,99.815,1.29773,1.45436,30.4,1.19652,-0.03983,146.486,1.19718,1.24512,20.0,0.0,0.0,89.936,0.0,0.0,200.82,1.17805,-0.22033,93.338,1.19848,1.3388,30.4,0.687,-1.013,57,0.1517,0.1077,9.7549,-0.00286,-0.00286,0.00093,0.0,0.0,3385,4783,9355,8905
185.52,1.27586,-0.237,99.815,1.29769,1.45436,30.4,1.19652,-0.03983,146.486,1.19718,1.24512,20.0,0.0,0.0,89.934,0.0,0.0,200.82,1.17799,-0.2204,93.381,1.19843,1.3388,30.4,0.716,-0.962,57,0.176,0.1481,9.7369,-0.0036,-0.00067,-0.00193,0.0,0.0,3385,4783,9355,8905
185.77,1.27627,-0.23723,99.846,1.29813,1.45436,30.4,1.19652,-0.03983,146.486,1.19718,1.24512,20.0,0.0,0.0,89.915,0.0,0.0,200.82,1.17831,-0.22064,93.412,1.19879,1.3388,30.4,0.671,-0.959,57,0.1894,0.1077,9.6947,-0.00519,-0.00033,0.0026,0.0,0.0,3385,4783,9355,8905
186.02,1.27653,-0.23674,99.852,1.2983,1.45436,30.4,1.19652,-0.03983,146.486,1.19718,1.24512,20.0,0.0,0.0,89.922,0.0,0.0,200.82,1.17858,-0.22025,93.464,1.19898,1.3388,30.4,0.626,-0.984,47,0.0907,0.1275,9.763,-0.00226,0.0002,-0.003,0.0,0.0,3385,4783,9355,8905
186.27,1.27654,-0.23692,99.844,1.29834,1.45436,30.4,1.19652,-0.03983,146.486,1.19718,1.24512,20.0,0.0,0.0,89.918,0.0,0.0,200.82,1.17857,-0.2204,93.506,1.199,1.3388,30.4,0.629,-0.951,47,0.1365,0.1454,9.7656,0.0004,-0.00067,0.00193,0.0,0.0,3385,4783,9355,8905
186.52,1.27566,-0.23717,99.826,1.29752,1.45436,28.8,1.19652,-0.03983,146.486,1.19718,1.24512,20.0,0.0,0.0,89.912,0.0,0.0,200.78,1.1778,-0.22052,93.544,1.19827,1.3388,28.8,0.661,-1.012,47,0.1679,0.1383,9.6848,-0.00633,-0.0022,0.00293,0.0,0.0,3385,4783,9355,8905
186.77,1.27593,-0.23723,99.847,1.2978,1.45436,28.8,1.19652,-0.03983,146.486,1.19718,1.24512,20.0,0.0,0.0,89.896,0.0,0.0,200.78,1.17803,-0.2206,93.577,1.1985,1.3388,28.8,0.636,-0.941,47,0.1526,0.1823,9.7621,-0.00859,-0.003,0.00586,0.0,0.0,3385,4783,9355,8905
187.021,1.27582,-0.23727,99.835,1.2977,1.45436,28.8,1.19652,-0.03983,146.486,1.19718,1.24512,20.0,0.0,0.0,89.89,0.0,0.0,200.78,1.17793,-0.22063,93.619,1.19841,1.3388,28.8,0.667,-0.96,47,0.1715,0.1059,9.7576,-0.00326,-0.00107,0.00659,0.0,0.0,3385,4783,9355,8905
187.27,1.27595,-0.23771,99.841,1.29791,1.45436,28.8,1.19652,-0.03983,146.486,1.19718,1.24512,20.0,0.0,0.0,89.882,0.0,0.0,200.78,1.178,-0.22101,93.658,1.19855,1.3388,28.8,0.654,-0.948,47,0.185,0.1383,9.7441,-0.00246,0.00226,0.00173,0.0,0.0,3385,4783,9355,8905
187.52,1.27598,-0.23738,99.841,1.29787,1.45436,28.8,1.19652,-0.03983,146.486,1.19718,1.24512,20.0,0.0,0.0,89.88,0.0,0.0,200.78,1.17805,-0.22073,93.703,1.19855,1.3388,28.8,0.658,-0.966,47,0.2119,0.1374,9.7522,-0.00479,0.0016,-0.00193,0.0,0.0,3385,4783,9355,8905
187.77,1.27594,-0.23742,99.845,1.29784,1.45436,30.41,1.19652,-0.03983,146.486,1.19718,1.24512,20.0,0.0,0.0,89.879,0.0,0.0,200.03,1.17802,-0.22076,93.746,1.19852,1.3388,30.41,0.624,-0.985,47,0.193,0.1517,9.7459,-0.00712,0.00047,0.00479,0.0,0.0,3385,4783,9355,8905
188.02,1.27321,-0.23757,99.702,1.29518,1.45436,30.41,1.19652,-0.03983,146.486,1.19718,1.24512,20.0,0.0,0.0,89.881,0.0,0.0,200.03,1.17569,-0.22065,93.793,1.19622,1.3388,30.41,0.636,-0.985,31,0.1975,0.1221,9.727,-0.00286,0.0012,0.00306,0.0,0.0,3385,4783,9355,8905
188.27,1.27321,-0.23757,99.702,1.29518,1.45436,30.41,1.19652,-0.03983,146.486,1.19718,1.24512,20.0,0.0,0.0,89.866,0.0,0.0,200.03,1.17569,-0.22065,93.823,1.19622,1.3388,30.41,0.695,-0.992,31,0.1993,0.1311,9.7378,-0.00726,-0.00213,0.00386,0.0,0.0,3385,4783,9355,8905
188.52,1.27321,-0.23757,99.702,1.29518,1.45436,30.41,1.19652,-0.03983,146.486,1.19718,1.24512,20.0,0.0,0.0,89.862,0.0,0.0,200.03,1.17569,-0.22065,93.863,1.19622,1.3388,30.41,0.618,-0.976,31,0.1077,0.1419,9.78,-0.00433,-0.0006,0.00067,0.0,0.0,3385,4783,9355,8905
188.77,1.27327,-0.23732,99.7,1.29519,1.45436,29.99,1.19652,-0.03983,146.486,1.19718,1.24512,19.99,0.0,0.0,89.854,0.0,0.0,200.92,1.17576,-0.22044,93.9,1.19625,1.3388,29.99,0.642,-0.973,31,0.149,0.1212,9.7432,-0.00293,-0.00186,-0.00027,0.0,0.0,3385,4783,9355,8905
189.02,1.27515,-0.23782,99.792,1.29714,1.45436,29.99,1.19652,-0.03983,146.486,1.19718,1.24512,19.99,0.0,0.0,89.838,0.0,0.0,200.92,1.17731,-0.22103,93.93,1.19788,1.3388,29.99,0.67,-0.943,37,0.1733,0.1149,9.7504,-0.00233,0.00213,0.00166,0.0,0.0,3385,4783,9355,8905
189.27,1.27536,-0.23801,99.804,1.29738,1.45436,29.99,1.19652,-0.03983,146.486,1.19718,1.24512,19.99,0.0,0.0,89.828,0.0,0.0,200.92,1.17748,-0.2212,93.961,1.19807,1.3388,29.99,0.661,-0.987,37,0.1248,0.1015,9.7692,0.0018,0.0028,0.00246,0.0,0.0,3385,4783,9355,8905
189.52,1.27571,-0.23805,99.82,1.29773,1.45436,29.99,1.19652,-0.03983,146.486,1.19718,1.24512,19.99,0.0,0.0,89.815,0.0,0.0,200.92,1.17776,-0.22127,93.989,1.19837,1.3388,29.99,0.657,-0.959,37,0.1401,0.1113,9.7567,-0.00519,0.00053,0.00346,0.0,0.0,3385,4783,9355,8905
189.77,1.27617,-0.23826,99.837,1.29822,1.45436,29.99,1.19652,-0.03983,146.486,1.19718,1.24512,19.99,0.0,0.0,89.821,0.0,0.0,200.92,1.17813,-0.22148,94.038,1.19877,1.3388,29.99,0.633,-0.981,37,0.1616,0.097,9.7459,-0.00166,-0.0006,0.00246,0.0,0.0,3385,4783,9355,8905
190.02,1.27587,-0.23832,99.822,1.29793,1.45436,28.8,1.19652,-0.03983,146.486,1.19718,1.24512,20.0,0.0,0.0,89.819,0.0,0.0,200.01,1.17787,-0.22151,94.075,1.19852,1.3388,28.8,0.702,-0.988,52,0.1454,0.1248,9.7055,-0.00306,-0.00087,0.0002,0.0,0.0,3385,4783,9355,8905
190.27,1.27622,-0.23821,99.855,1.29826,1.45436,28.8,1.19652,-0.03983,146.486,1.19718,1.24512,20.0,0.0,0.0,89.807,0.0,0.0,200.01,1.17819,-0.22144,94.107,1.19882,1.3388,28.8,0.671,-0.972,52,0.1356,0.1589,9.6974,-0.0034,-0.00087,0.00373,0.0,0.0,3385,4783,9355,8905
